solid OpenSCAD_Model
  facet normal -0.671558954847018 -0.7409511253549594 0
    outer loop
      vertex -7.875146273309164 -8.984083626901896 0
      vertex -7.875146273309164 -8.984083626901896 0.2999999999999998
      vertex -8.45685424949238 -8.45685424949238 0
    endloop
  endfacet
  facet normal -0.671558954847018 -0.7409511253549594 0
    outer loop
      vertex -8.45685424949238 -8.45685424949238 0
      vertex -7.875146273309164 -8.984083626901896 0.2999999999999998
      vertex -8.45685424949238 -8.45685424949238 0.2999999999999998
    endloop
  endfacet
  facet normal -0.7409511253549594 -0.671558954847018 0
    outer loop
      vertex -8.45685424949238 -8.45685424949238 0
      vertex -8.45685424949238 -8.45685424949238 0.2999999999999998
      vertex -8.984083626901896 -7.875146273309164 0.2999999999999998
    endloop
  endfacet
  facet normal -0.7409511253549594 -0.671558954847018 0
    outer loop
      vertex -8.45685424949238 -8.45685424949238 0
      vertex -8.984083626901896 -7.875146273309164 0.2999999999999998
      vertex -8.984083626901896 -7.875146273309164 0
    endloop
  endfacet
  facet normal -0.5141027441932219 -0.857728610000272 0
    outer loop
      vertex -7.244561864156817 -9.451756898420362 0
      vertex -6.5711738946079805 -9.85537011478684 0
      vertex -6.5711738946079805 -9.85537011478684 0.2999999999999998
    endloop
  endfacet
  facet normal -0.5141027441932219 -0.857728610000272 0
    outer loop
      vertex -7.244561864156817 -9.451756898420362 0
      vertex -6.5711738946079805 -9.85537011478684 0.2999999999999998
      vertex -7.244561864156817 -9.451756898420362 0.2999999999999998
    endloop
  endfacet
  facet normal -0.427555093430281 -0.9039892931234439 0
    outer loop
      vertex -6.5711738946079805 -9.85537011478684 0
      vertex -5.861467458920718 -10.191036260090293 0
      vertex -5.861467458920718 -10.191036260090293 0.2999999999999998
    endloop
  endfacet
  facet normal -0.33688985339222005 -0.9415440651830208 0
    outer loop
      vertex -5.861467458920718 -10.191036260090293 0
      vertex -5.122277418035699 -10.45552268585767 0
      vertex -5.122277418035699 -10.45552268585767 0.2999999999999998
    endloop
  endfacet
  facet normal -0.33688985339222005 -0.9415440651830208 0
    outer loop
      vertex -5.861467458920718 -10.191036260090293 0
      vertex -5.122277418035699 -10.45552268585767 0.2999999999999998
      vertex -5.861467458920718 -10.191036260090293 0.2999999999999998
    endloop
  endfacet
  facet normal -0.427555093430281 -0.9039892931234439 0
    outer loop
      vertex -6.5711738946079805 -9.85537011478684 0
      vertex -5.861467458920718 -10.191036260090293 0.2999999999999998
      vertex -6.5711738946079805 -9.85537011478684 0.2999999999999998
    endloop
  endfacet
  facet normal -0.595699304492433 -0.8032075314806453 0
    outer loop
      vertex -7.875146273309164 -8.984083626901896 0
      vertex -7.244561864156817 -9.451756898420362 0
      vertex -7.244561864156817 -9.451756898420362 0.2999999999999998
    endloop
  endfacet
  facet normal -0.595699304492433 -0.8032075314806453 0
    outer loop
      vertex -7.875146273309164 -8.984083626901896 0
      vertex -7.244561864156817 -9.451756898420362 0.2999999999999998
      vertex -7.875146273309164 -8.984083626901896 0.2999999999999998
    endloop
  endfacet
  facet normal -0.857728610000272 -0.5141027441932219 0
    outer loop
      vertex -9.451756898420362 -7.244561864156817 0
      vertex -9.85537011478684 -6.5711738946079805 0.2999999999999998
      vertex -9.85537011478684 -6.5711738946079805 0
    endloop
  endfacet
  facet normal -0.857728610000272 -0.5141027441932219 0
    outer loop
      vertex -9.451756898420362 -7.244561864156817 0
      vertex -9.451756898420362 -7.244561864156817 0.2999999999999998
      vertex -9.85537011478684 -6.5711738946079805 0.2999999999999998
    endloop
  endfacet
  facet normal -0.8032075314806453 -0.595699304492433 0
    outer loop
      vertex -8.984083626901896 -7.875146273309164 0
      vertex -8.984083626901896 -7.875146273309164 0.2999999999999998
      vertex -9.451756898420362 -7.244561864156817 0.2999999999999998
    endloop
  endfacet
  facet normal -0.8032075314806453 -0.595699304492433 0
    outer loop
      vertex -9.451756898420362 -7.244561864156817 0
      vertex -8.984083626901896 -7.875146273309164 0
      vertex -9.451756898420362 -7.244561864156817 0.2999999999999998
    endloop
  endfacet
  facet normal -0.9039892931234439 -0.427555093430281 0
    outer loop
      vertex -9.85537011478684 -6.5711738946079805 0
      vertex -10.191036260090293 -5.861467458920718 0.2999999999999998
      vertex -10.191036260090293 -5.861467458920718 0
    endloop
  endfacet
  facet normal -0.9039892931234439 -0.427555093430281 0
    outer loop
      vertex -9.85537011478684 -6.5711738946079805 0
      vertex -9.85537011478684 -6.5711738946079805 0.2999999999999998
      vertex -10.191036260090293 -5.861467458920718 0.2999999999999998
    endloop
  endfacet
  facet normal -0.9415440651830208 -0.33688985339222005 0
    outer loop
      vertex -10.191036260090293 -5.861467458920718 0
      vertex -10.45552268585767 -5.122277418035699 0.2999999999999998
      vertex -10.45552268585767 -5.122277418035699 0
    endloop
  endfacet
  facet normal -0.9415440651830208 -0.33688985339222005 0
    outer loop
      vertex -10.191036260090293 -5.861467458920718 0
      vertex -10.191036260090293 -5.861467458920718 0.2999999999999998
      vertex -10.45552268585767 -5.122277418035699 0.2999999999999998
    endloop
  endfacet
  facet normal 0 0 1
    outer loop
      vertex -7.875146273309164 -8.984083626901896 0.2999999999999998
      vertex -7.244561864156817 -9.451756898420362 0.2999999999999998
      vertex -7.875146273309164 3.384083626901896 0.2999999999999998
    endloop
  endfacet
  facet normal 0 0 -1
    outer loop
      vertex -7.244561864156817 -9.451756898420362 0
      vertex -6.5711738946079805 4.255370114786841 0
      vertex -6.5711738946079805 -9.85537011478684 0
    endloop
  endfacet
  facet normal 0 0 1
    outer loop
      vertex -7.244561864156817 -9.451756898420362 0.2999999999999998
      vertex -6.5711738946079805 -9.85537011478684 0.2999999999999998
      vertex -7.244561864156817 3.851756898420362 0.2999999999999998
    endloop
  endfacet
  facet normal 0 0 -1
    outer loop
      vertex -6.5711738946079805 -9.85537011478684 0
      vertex -5.861467458920718 4.591036260090294 0
      vertex -5.861467458920718 -10.191036260090293 0
    endloop
  endfacet
  facet normal 0 0 1
    outer loop
      vertex -6.5711738946079805 -9.85537011478684 0.2999999999999998
      vertex -5.861467458920718 -10.191036260090293 0.2999999999999998
      vertex -6.5711738946079805 4.255370114786841 0.2999999999999998
    endloop
  endfacet
  facet normal 0 0 1
    outer loop
      vertex -5.861467458920718 -10.191036260090293 0.2999999999999998
      vertex -5.122277418035699 -10.45552268585767 0.2999999999999998
      vertex -5.861467458920718 4.591036260090294 0.2999999999999998
    endloop
  endfacet
  facet normal 0 0 -1
    outer loop
      vertex -5.861467458920718 -10.191036260090293 0
      vertex -5.122277418035699 4.855522685857671 0
      vertex -5.122277418035699 -10.45552268585767 0
    endloop
  endfacet
  facet normal -0.24298017990326626 -0.9700312531945433 0
    outer loop
      vertex -5.122277418035699 -10.45552268585767 0
      vertex -4.360722576129026 -10.646282243225844 0
      vertex -4.360722576129026 -10.646282243225844 0.2999999999999998
    endloop
  endfacet
  facet normal -0.24298017990326626 -0.9700312531945433 0
    outer loop
      vertex -5.122277418035699 -10.45552268585767 0
      vertex -4.360722576129026 -10.646282243225844 0.2999999999999998
      vertex -5.122277418035699 -10.45552268585767 0.2999999999999998
    endloop
  endfacet
  facet normal -0.14673047445536008 -0.9891765099647812 0
    outer loop
      vertex -4.360722576129026 -10.646282243225844 0
      vertex -3.5841371226364847 -10.761477813377574 0
      vertex -3.5841371226364847 -10.761477813377574 0.2999999999999998
    endloop
  endfacet
  facet normal -0.14673047445536008 -0.9891765099647812 0
    outer loop
      vertex -4.360722576129026 -10.646282243225844 0
      vertex -3.5841371226364847 -10.761477813377574 0.2999999999999998
      vertex -4.360722576129026 -10.646282243225844 0.2999999999999998
    endloop
  endfacet
  facet normal -0.04906767432741983 -0.9987954562051723 0
    outer loop
      vertex -3.5841371226364847 -10.761477813377574 0
      vertex -2.8 -10.8 0
      vertex -2.8 -10.8 0.2999999999999998
    endloop
  endfacet
  facet normal -0.04906767432741983 -0.9987954562051723 0
    outer loop
      vertex -3.5841371226364847 -10.761477813377574 0
      vertex -2.8 -10.8 0.2999999999999998
      vertex -3.5841371226364847 -10.761477813377574 0.2999999999999998
    endloop
  endfacet
  facet normal 0.04906767432741983 -0.9987954562051723 0
    outer loop
      vertex -2.8 -10.8 0
      vertex -2.015862877363515 -10.761477813377574 0
      vertex -2.015862877363515 -10.761477813377574 0.2999999999999998
    endloop
  endfacet
  facet normal 0.04906767432741983 -0.9987954562051723 0
    outer loop
      vertex -2.8 -10.8 0
      vertex -2.015862877363515 -10.761477813377574 0.2999999999999998
      vertex -2.8 -10.8 0.2999999999999998
    endloop
  endfacet
  facet normal 0.14673047445536017 -0.9891765099647812 0
    outer loop
      vertex -2.015862877363515 -10.761477813377574 0
      vertex -1.2392774238709738 -10.646282243225844 0
      vertex -1.2392774238709738 -10.646282243225844 0.2999999999999998
    endloop
  endfacet
  facet normal 0.14673047445536017 -0.9891765099647812 0
    outer loop
      vertex -2.015862877363515 -10.761477813377574 0
      vertex -1.2392774238709738 -10.646282243225844 0.2999999999999998
      vertex -2.015862877363515 -10.761477813377574 0.2999999999999998
    endloop
  endfacet
  facet normal 0.24298017990326626 -0.9700312531945433 0
    outer loop
      vertex -1.2392774238709738 -10.646282243225844 0
      vertex -0.4777225819643012 -10.45552268585767 0
      vertex -0.4777225819643012 -10.45552268585767 0.2999999999999998
    endloop
  endfacet
  facet normal 0.24298017990326626 -0.9700312531945433 0
    outer loop
      vertex -1.2392774238709738 -10.646282243225844 0
      vertex -0.4777225819643012 -10.45552268585767 0.2999999999999998
      vertex -1.2392774238709738 -10.646282243225844 0.2999999999999998
    endloop
  endfacet
  facet normal 0.3368898533922197 -0.941544065183021 0
    outer loop
      vertex -0.4777225819643012 -10.45552268585767 0
      vertex 0.26146745892071843 -10.191036260090293 0
      vertex 0.26146745892071843 -10.191036260090293 0.2999999999999998
    endloop
  endfacet
  facet normal 0.3368898533922197 -0.941544065183021 0
    outer loop
      vertex -0.4777225819643012 -10.45552268585767 0
      vertex 0.26146745892071843 -10.191036260090293 0.2999999999999998
      vertex -0.4777225819643012 -10.45552268585767 0.2999999999999998
    endloop
  endfacet
  facet normal 0.427555093430281 -0.9039892931234439 0
    outer loop
      vertex 0.26146745892071843 -10.191036260090293 0
      vertex 0.9711738946079813 -9.85537011478684 0.2999999999999998
      vertex 0.26146745892071843 -10.191036260090293 0.2999999999999998
    endloop
  endfacet
  facet normal 0.427555093430281 -0.9039892931234439 0
    outer loop
      vertex 0.26146745892071843 -10.191036260090293 0
      vertex 0.9711738946079813 -9.85537011478684 0
      vertex 0.9711738946079813 -9.85537011478684 0.2999999999999998
    endloop
  endfacet
  facet normal 0 0 -1
    outer loop
      vertex -2.8 -10.8 0
      vertex -2.015862877363515 -0.5410590879881981 0
      vertex -2.015862877363515 -10.761477813377574 0
    endloop
  endfacet
  facet normal 0 0 -1
    outer loop
      vertex -3.5841371226364847 -10.761477813377574 0
      vertex -2.8 2.099999998509884 0
      vertex -2.8 -10.8 0
    endloop
  endfacet
  facet normal 0 0 1
    outer loop
      vertex -2.8 -10.8 0.2999999999999998
      vertex -2.015862877363515 -10.761477813377574 0.2999999999999998
      vertex -2.4270097121596335 0.2248511806130411 0.2999999999999998
    endloop
  endfacet
  facet normal 0 0 -1
    outer loop
      vertex -5.122277418035699 -10.45552268585767 0
      vertex -4.360722576129026 5.046282243225844 0
      vertex -4.360722576129026 -10.646282243225844 0
    endloop
  endfacet
  facet normal 0 0 1
    outer loop
      vertex -5.122277418035699 -10.45552268585767 0.2999999999999998
      vertex -4.360722576129026 -10.646282243225844 0.2999999999999998
      vertex -5.122277418035699 4.855522685857671 0.2999999999999998
    endloop
  endfacet
  facet normal 0 0 -1
    outer loop
      vertex -4.360722576129026 -10.646282243225844 0
      vertex -3.5841371226364847 5.161477813377576 0
      vertex -3.5841371226364847 -10.761477813377574 0
    endloop
  endfacet
  facet normal 0 0 1
    outer loop
      vertex -4.360722576129026 -10.646282243225844 0.2999999999999998
      vertex -3.5841371226364847 -10.761477813377574 0.2999999999999998
      vertex -4.360722576129026 5.046282243225844 0.2999999999999998
    endloop
  endfacet
  facet normal 0 0 1
    outer loop
      vertex -3.5841371226364847 -10.761477813377574 0.2999999999999998
      vertex -2.8 -10.8 0.2999999999999998
      vertex -3.5841371226364847 5.161477813377576 0.2999999999999998
    endloop
  endfacet
  facet normal 0 0 -1
    outer loop
      vertex -2.015862877363515 -10.761477813377574 0
      vertex -1.2392774238709738 -1.4749239403172918 0
      vertex -1.2392774238709738 -10.646282243225844 0
    endloop
  endfacet
  facet normal 0 0 1
    outer loop
      vertex -2.015862877363515 -10.761477813377574 0.2999999999999998
      vertex -1.2392774238709738 -10.646282243225844 0.2999999999999998
      vertex -1.3648232251405714 -1.3648232251405714 0.2999999999999998
    endloop
  endfacet
  facet normal 0 0 1
    outer loop
      vertex -1.2392774238709738 -10.646282243225844 0.2999999999999998
      vertex -0.4777225819643012 -10.45552268585767 0.2999999999999998
      vertex -0.8829310044646261 -1.7874313697218893 0.2999999999999998
    endloop
  endfacet
  facet normal 0 0 -1
    outer loop
      vertex -0.4777225819643012 -10.45552268585767 0
      vertex 0.26146745892071843 -2.439439263565341 0
      vertex 0.26146745892071843 -10.191036260090293 0
    endloop
  endfacet
  facet normal 0 0 1
    outer loop
      vertex -0.4777225819643012 -10.45552268585767 0.2999999999999998
      vertex 0.26146745892071843 -10.191036260090293 0.2999999999999998
      vertex -0.3499999970197676 -2.1435244783759115 0.2999999999999998
    endloop
  endfacet
  facet normal 0 0 -1
    outer loop
      vertex 0.26146745892071843 -10.191036260090293 0
      vertex 0.9711738946079813 -2.660762390333458 0
      vertex 0.9711738946079813 -9.85537011478684 0
    endloop
  endfacet
  facet normal 0 0 1
    outer loop
      vertex 0.26146745892071843 -10.191036260090293 0.2999999999999998
      vertex 0.9711738946079813 -9.85537011478684 0.2999999999999998
      vertex 0.8317866817116739 -2.633036549389362 0.2999999999999998
    endloop
  endfacet
  facet normal 0 0 -1
    outer loop
      vertex -1.2392774238709738 -10.646282243225844 0
      vertex -0.47859924496594286 4.83767780050973 0
      vertex -0.4777225819643012 -10.45552268585767 0
    endloop
  endfacet
  facet normal 0 0 1
    outer loop
      vertex 0.26146745892071843 -10.191036260090293 0.2999999999999998
      vertex 0.8317866817116739 -2.633036549389362 0.2999999999999998
      vertex 0.2248511806130411 -2.4270097121596335 0.2999999999999998
    endloop
  endfacet
  facet normal -0.9700312531945433 -0.24298017990326626 0
    outer loop
      vertex -10.45552268585767 -5.122277418035699 0
      vertex -10.646282243225844 -4.360722576129026 0.2999999999999998
      vertex -10.646282243225844 -4.360722576129026 0
    endloop
  endfacet
  facet normal -0.9700312531945433 -0.24298017990326626 0
    outer loop
      vertex -10.45552268585767 -5.122277418035699 0
      vertex -10.45552268585767 -5.122277418035699 0.2999999999999998
      vertex -10.646282243225844 -4.360722576129026 0.2999999999999998
    endloop
  endfacet
  facet normal 0 0 1
    outer loop
      vertex -9.451756898420362 -7.244561864156817 0.2999999999999998
      vertex -9.85537011478684 0.9711738946079813 0.2999999999999998
      vertex -9.85537011478684 -6.5711738946079805 0.2999999999999998
    endloop
  endfacet
  facet normal -0.9891765099647812 -0.14673047445536008 0
    outer loop
      vertex -10.646282243225844 -4.360722576129026 0
      vertex -10.646282243225844 -4.360722576129026 0.2999999999999998
      vertex -10.761477813377574 -3.5841371226364847 0.2999999999999998
    endloop
  endfacet
  facet normal 0 0 1
    outer loop
      vertex -9.85537011478684 -6.5711738946079805 0.2999999999999998
      vertex -10.191036260090293 0.26146745892071843 0.2999999999999998
      vertex -10.191036260090293 -5.861467458920718 0.2999999999999998
    endloop
  endfacet
  facet normal -0.9891765099647812 -0.14673047445536008 0
    outer loop
      vertex -10.646282243225844 -4.360722576129026 0
      vertex -10.761477813377574 -3.5841371226364847 0.2999999999999998
      vertex -10.761477813377574 -3.5841371226364847 0
    endloop
  endfacet
  facet normal 0 0 -1
    outer loop
      vertex -10.191036260090293 -5.861467458920718 0
      vertex -10.45552268585767 -5.122277418035699 0
      vertex -10.191036260090293 0.26146745892071843 0
    endloop
  endfacet
  facet normal 0 0 1
    outer loop
      vertex -10.45552268585767 -5.122277418035699 0.2999999999999998
      vertex -10.646282243225844 -1.2392774238709738 0.2999999999999998
      vertex -10.646282243225844 -4.360722576129026 0.2999999999999998
    endloop
  endfacet
  facet normal 0 0 1
    outer loop
      vertex -10.191036260090293 -5.861467458920718 0.2999999999999998
      vertex -10.45552268585767 -0.4777225819643012 0.2999999999999998
      vertex -10.45552268585767 -5.122277418035699 0.2999999999999998
    endloop
  endfacet
  facet normal 0 0 -1
    outer loop
      vertex -9.451756898420362 -7.244561864156817 0
      vertex -9.85537011478684 -6.5711738946079805 0
      vertex -9.451756898420362 1.6445618641568176 0
    endloop
  endfacet
  facet normal 0 0 -1
    outer loop
      vertex -9.85537011478684 -6.5711738946079805 0
      vertex -10.191036260090293 -5.861467458920718 0
      vertex -9.85537011478684 0.9711738946079813 0
    endloop
  endfacet
  facet normal 0 0 1
    outer loop
      vertex -8.45685424949238 -8.45685424949238 0.2999999999999998
      vertex -8.984083626901896 2.275146273309164 0.2999999999999998
      vertex -8.984083626901896 -7.875146273309164 0.2999999999999998
    endloop
  endfacet
  facet normal 0 0 -1
    outer loop
      vertex -9.451756898420362 -7.244561864156817 0
      vertex -8.984083626901896 2.275146273309164 0
      vertex -8.984083626901896 -7.875146273309164 0
    endloop
  endfacet
  facet normal 0 0 -1
    outer loop
      vertex -8.45685424949238 -8.45685424949238 0
      vertex -8.984083626901896 -7.875146273309164 0
      vertex -8.45685424949238 2.8568542494923808 0
    endloop
  endfacet
  facet normal 0 0 1
    outer loop
      vertex -9.451756898420362 -7.244561864156817 0.2999999999999998
      vertex -8.984083626901896 -7.875146273309164 0.2999999999999998
      vertex -9.451756898420362 1.6445618641568176 0.2999999999999998
    endloop
  endfacet
  facet normal 0 0 -1
    outer loop
      vertex -7.875146273309164 -8.984083626901896 0
      vertex -8.45685424949238 -8.45685424949238 0
      vertex -7.875146273309164 3.384083626901896 0
    endloop
  endfacet
  facet normal 0 0 1
    outer loop
      vertex -7.875146273309164 -8.984083626901896 0.2999999999999998
      vertex -8.45685424949238 2.8568542494923808 0.2999999999999998
      vertex -8.45685424949238 -8.45685424949238 0.2999999999999998
    endloop
  endfacet
  facet normal 0 0 -1
    outer loop
      vertex -10.45552268585767 -5.122277418035699 0
      vertex -10.646282243225844 -4.360722576129026 0
      vertex -10.45552268585767 -0.4777225819643012 0
    endloop
  endfacet
  facet normal -0.9987954562051723 -0.04906767432741983 0
    outer loop
      vertex -10.761477813377574 -3.5841371226364847 0
      vertex -10.761477813377574 -3.5841371226364847 0.2999999999999998
      vertex -10.8 -2.8 0.2999999999999998
    endloop
  endfacet
  facet normal 0 0 1
    outer loop
      vertex -10.646282243225844 -4.360722576129026 0.2999999999999998
      vertex -10.761477813377574 -2.015862877363515 0.2999999999999998
      vertex -10.761477813377574 -3.5841371226364847 0.2999999999999998
    endloop
  endfacet
  facet normal 0 0 -1
    outer loop
      vertex -10.646282243225844 -4.360722576129026 0
      vertex -10.761477813377574 -3.5841371226364847 0
      vertex -10.646282243225844 -1.2392774238709738 0
    endloop
  endfacet
  facet normal -0.9987954562051723 -0.04906767432741983 0
    outer loop
      vertex -10.761477813377574 -3.5841371226364847 0
      vertex -10.8 -2.8 0.2999999999999998
      vertex -10.8 -2.8 0
    endloop
  endfacet
  facet normal 0 0 -1
    outer loop
      vertex -10.761477813377574 -3.5841371226364847 0
      vertex -10.8 -2.8 0
      vertex -10.761477813377574 -2.015862877363515 0
    endloop
  endfacet
  facet normal 0 0 1
    outer loop
      vertex -10.761477813377574 -3.5841371226364847 0.2999999999999998
      vertex -10.761477813377574 -2.015862877363515 0.2999999999999998
      vertex -10.8 -2.8 0.2999999999999998
    endloop
  endfacet
  facet normal -0.9987954562051723 0.04906767432741983 0
    outer loop
      vertex -10.8 -2.8 0
      vertex -10.8 -2.8 0.2999999999999998
      vertex -10.761477813377574 -2.015862877363515 0.2999999999999998
    endloop
  endfacet
  facet normal 0 0 1
    outer loop
      vertex -10.646282243225844 -4.360722576129026 0.2999999999999998
      vertex -10.646282243225844 -1.2392774238709738 0.2999999999999998
      vertex -10.761477813377574 -2.015862877363515 0.2999999999999998
    endloop
  endfacet
  facet normal 0 0 -1
    outer loop
      vertex -10.761477813377574 -3.5841371226364847 0
      vertex -10.761477813377574 -2.015862877363515 0
      vertex -10.646282243225844 -1.2392774238709738 0
    endloop
  endfacet
  facet normal -0.9987954562051723 0.04906767432741983 0
    outer loop
      vertex -10.8 -2.8 0
      vertex -10.761477813377574 -2.015862877363515 0.2999999999999998
      vertex -10.761477813377574 -2.015862877363515 0
    endloop
  endfacet
  facet normal 0 0 1
    outer loop
      vertex -10.45552268585767 -5.122277418035699 0.2999999999999998
      vertex -10.45552268585767 -0.4777225819643012 0.2999999999999998
      vertex -10.646282243225844 -1.2392774238709738 0.2999999999999998
    endloop
  endfacet
  facet normal 0 0 -1
    outer loop
      vertex -7.875146273309164 -8.984083626901896 0
      vertex -7.244561864156817 3.851756898420362 0
      vertex -7.244561864156817 -9.451756898420362 0
    endloop
  endfacet
  facet normal 0 0 -1
    outer loop
      vertex -10.646282243225844 -4.360722576129026 0
      vertex -10.646282243225844 -1.2392774238709738 0
      vertex -10.45552268585767 -0.4777225819643012 0
    endloop
  endfacet
  facet normal 0 0 -1
    outer loop
      vertex -10.45552268585767 -5.122277418035699 0
      vertex -10.45552268585767 -0.4777225819643012 0
      vertex -10.191036260090293 0.26146745892071843 0
    endloop
  endfacet
  facet normal -0.9891765099647812 0.14673047445536017 0
    outer loop
      vertex -10.761477813377574 -2.015862877363515 0
      vertex -10.761477813377574 -2.015862877363515 0.2999999999999998
      vertex -10.646282243225844 -1.2392774238709738 0.2999999999999998
    endloop
  endfacet
  facet normal 0 0 1
    outer loop
      vertex -10.191036260090293 -5.861467458920718 0.2999999999999998
      vertex -10.191036260090293 0.26146745892071843 0.2999999999999998
      vertex -10.45552268585767 -0.4777225819643012 0.2999999999999998
    endloop
  endfacet
  facet normal -0.9891765099647812 0.14673047445536017 0
    outer loop
      vertex -10.761477813377574 -2.015862877363515 0
      vertex -10.646282243225844 -1.2392774238709738 0.2999999999999998
      vertex -10.646282243225844 -1.2392774238709738 0
    endloop
  endfacet
  facet normal 0 0 -1
    outer loop
      vertex -10.191036260090293 -5.861467458920718 0
      vertex -10.191036260090293 0.26146745892071843 0
      vertex -9.85537011478684 0.9711738946079813 0
    endloop
  endfacet
  facet normal 0 0 1
    outer loop
      vertex -9.85537011478684 -6.5711738946079805 0.2999999999999998
      vertex -9.85537011478684 0.9711738946079813 0.2999999999999998
      vertex -10.191036260090293 0.26146745892071843 0.2999999999999998
    endloop
  endfacet
  facet normal 0 0 1
    outer loop
      vertex -9.451756898420362 -7.244561864156817 0.2999999999999998
      vertex -9.451756898420362 1.6445618641568176 0.2999999999999998
      vertex -9.85537011478684 0.9711738946079813 0.2999999999999998
    endloop
  endfacet
  facet normal -0.9700312531945433 0.24298017990326626 0
    outer loop
      vertex -10.646282243225844 -1.2392774238709738 0
      vertex -10.646282243225844 -1.2392774238709738 0.2999999999999998
      vertex -10.45552268585767 -0.4777225819643012 0.2999999999999998
    endloop
  endfacet
  facet normal -0.9700312531945433 0.24298017990326626 0
    outer loop
      vertex -10.646282243225844 -1.2392774238709738 0
      vertex -10.45552268585767 -0.4777225819643012 0.2999999999999998
      vertex -10.45552268585767 -0.4777225819643012 0
    endloop
  endfacet
  facet normal 0 0 -1
    outer loop
      vertex -9.85537011478684 -6.5711738946079805 0
      vertex -9.85537011478684 0.9711738946079813 0
      vertex -9.451756898420362 1.6445618641568176 0
    endloop
  endfacet
  facet normal 0 0 -1
    outer loop
      vertex -9.451756898420362 -7.244561864156817 0
      vertex -9.451756898420362 1.6445618641568176 0
      vertex -8.984083626901896 2.275146273309164 0
    endloop
  endfacet
  facet normal 0 0 1
    outer loop
      vertex -8.984083626901896 -7.875146273309164 0.2999999999999998
      vertex -8.984083626901896 2.275146273309164 0.2999999999999998
      vertex -9.451756898420362 1.6445618641568176 0.2999999999999998
    endloop
  endfacet
  facet normal 0 0 1
    outer loop
      vertex -8.45685424949238 -8.45685424949238 0.2999999999999998
      vertex -8.45685424949238 2.8568542494923808 0.2999999999999998
      vertex -8.984083626901896 2.275146273309164 0.2999999999999998
    endloop
  endfacet
  facet normal 0 0 -1
    outer loop
      vertex -8.984083626901896 -7.875146273309164 0
      vertex -8.984083626901896 2.275146273309164 0
      vertex -8.45685424949238 2.8568542494923808 0
    endloop
  endfacet
  facet normal 0 0 -1
    outer loop
      vertex -8.45685424949238 -8.45685424949238 0
      vertex -8.45685424949238 2.8568542494923808 0
      vertex -7.875146273309164 3.384083626901896 0
    endloop
  endfacet
  facet normal 0 0 1
    outer loop
      vertex -7.875146273309164 -8.984083626901896 0.2999999999999998
      vertex -7.875146273309164 3.384083626901896 0.2999999999999998
      vertex -8.45685424949238 2.8568542494923808 0.2999999999999998
    endloop
  endfacet
  facet normal -0.941544065183021 0.3368898533922197 0
    outer loop
      vertex -10.45552268585767 -0.4777225819643012 0
      vertex -10.191036260090293 0.26146745892071843 0.2999999999999998
      vertex -10.191036260090293 0.26146745892071843 0
    endloop
  endfacet
  facet normal -0.941544065183021 0.3368898533922197 0
    outer loop
      vertex -10.45552268585767 -0.4777225819643012 0
      vertex -10.45552268585767 -0.4777225819643012 0.2999999999999998
      vertex -10.191036260090293 0.26146745892071843 0.2999999999999998
    endloop
  endfacet
  facet normal -0.9039892931234439 0.427555093430281 0
    outer loop
      vertex -10.191036260090293 0.26146745892071843 0
      vertex -10.191036260090293 0.26146745892071843 0.2999999999999998
      vertex -9.85537011478684 0.9711738946079813 0.2999999999999998
    endloop
  endfacet
  facet normal -0.9039892931234439 0.427555093430281 0
    outer loop
      vertex -10.191036260090293 0.26146745892071843 0
      vertex -9.85537011478684 0.9711738946079813 0.2999999999999998
      vertex -9.85537011478684 0.9711738946079813 0
    endloop
  endfacet
  facet normal 0 0 1
    outer loop
      vertex -7.244561864156817 -9.451756898420362 0.2999999999999998
      vertex -7.244561864156817 3.851756898420362 0.2999999999999998
      vertex -7.875146273309164 3.384083626901896 0.2999999999999998
    endloop
  endfacet
  facet normal 0 0 -1
    outer loop
      vertex -7.875146273309164 -8.984083626901896 0
      vertex -7.875146273309164 3.384083626901896 0
      vertex -7.244561864156817 3.851756898420362 0
    endloop
  endfacet
  facet normal 0 0 -1
    outer loop
      vertex -7.244561864156817 -9.451756898420362 0
      vertex -7.244561864156817 3.851756898420362 0
      vertex -6.5711738946079805 4.255370114786841 0
    endloop
  endfacet
  facet normal 0 0 1
    outer loop
      vertex -6.5711738946079805 -9.85537011478684 0.2999999999999998
      vertex -6.5711738946079805 4.255370114786841 0.2999999999999998
      vertex -7.244561864156817 3.851756898420362 0.2999999999999998
    endloop
  endfacet
  facet normal 0 0 -1
    outer loop
      vertex -6.5711738946079805 -9.85537011478684 0
      vertex -6.5711738946079805 4.255370114786841 0
      vertex -5.861467458920718 4.591036260090294 0
    endloop
  endfacet
  facet normal 0 0 1
    outer loop
      vertex -5.861467458920718 -10.191036260090293 0.2999999999999998
      vertex -5.861467458920718 4.591036260090294 0.2999999999999998
      vertex -6.5711738946079805 4.255370114786841 0.2999999999999998
    endloop
  endfacet
  facet normal 0 0 -1
    outer loop
      vertex -5.861467458920718 -10.191036260090293 0
      vertex -5.861467458920718 4.591036260090294 0
      vertex -5.122277418035699 4.855522685857671 0
    endloop
  endfacet
  facet normal 0 0 1
    outer loop
      vertex -5.122277418035699 -10.45552268585767 0.2999999999999998
      vertex -5.122277418035699 4.855522685857671 0.2999999999999998
      vertex -5.861467458920718 4.591036260090294 0.2999999999999998
    endloop
  endfacet
  facet normal 0 0 1
    outer loop
      vertex -2.015862877363515 -10.761477813377574 0.2999999999999998
      vertex -1.7874313697218893 -0.8829310044646261 0.2999999999999998
      vertex -2.1435244783759115 -0.3499999970197676 0.2999999999999998
    endloop
  endfacet
  facet normal 0 0 1
    outer loop
      vertex -2.015862877363515 -10.761477813377574 0.2999999999999998
      vertex -2.1435244783759115 -0.3499999970197676 0.2999999999999998
      vertex -2.4270097121596335 0.2248511806130411 0.2999999999999998
    endloop
  endfacet
  facet normal 0 0 1
    outer loop
      vertex -2.8 -10.8 0.2999999999999998
      vertex -2.633036549389362 0.8317866817116739 0.2999999999999998
      vertex -2.758079822361469 1.46042165607214 0.2999999999999998
    endloop
  endfacet
  facet normal 0 0 1
    outer loop
      vertex -2.8 -10.8 0.2999999999999998
      vertex -2.4270097121596335 0.2248511806130411 0.2999999999999998
      vertex -2.633036549389362 0.8317866817116739 0.2999999999999998
    endloop
  endfacet
  facet normal 0 0 -1
    outer loop
      vertex -2.8 -10.8 0
      vertex -2.170251712652638 2.0188208749903502 0
      vertex -2.015862877363515 -0.5410590879881981 0
    endloop
  endfacet
  facet normal 0 0 1
    outer loop
      vertex -2.8 -10.8 0.2999999999999998
      vertex -2.758079822361469 1.46042165607214 0.2999999999999998
      vertex -2.8 2.099999998509884 0.2999999999999998
    endloop
  endfacet
  facet normal 0 0 -1
    outer loop
      vertex -2.8 -10.8 0
      vertex -2.8 2.099999998509884 0
      vertex -2.170251712652638 2.0188208749903502 0
    endloop
  endfacet
  facet normal 0 0 1
    outer loop
      vertex -2.015862877363515 -10.761477813377574 0.2999999999999998
      vertex -1.3648232251405714 -1.3648232251405714 0.2999999999999998
      vertex -1.7874313697218893 -0.8829310044646261 0.2999999999999998
    endloop
  endfacet
  facet normal 0 0 1
    outer loop
      vertex -0.4777225819643012 -10.45552268585767 0.2999999999999998
      vertex -0.3499999970197676 -2.1435244783759115 0.2999999999999998
      vertex -0.8829310044646261 -1.7874313697218893 0.2999999999999998
    endloop
  endfacet
  facet normal 0 0 1
    outer loop
      vertex -1.2392774238709738 -10.646282243225844 0.2999999999999998
      vertex -0.8829310044646261 -1.7874313697218893 0.2999999999999998
      vertex -1.3648232251405714 -1.3648232251405714 0.2999999999999998
    endloop
  endfacet
  facet normal 0 0 -1
    outer loop
      vertex -2.015862877363515 -10.761477813377574 0
      vertex -1.410273308852079 1.5655810424869272 0
      vertex -1.2392774238709738 -1.4749239403172918 0
    endloop
  endfacet
  facet normal 0 0 1
    outer loop
      vertex 0.26146745892071843 -10.191036260090293 0.2999999999999998
      vertex 0.2248511806130411 -2.4270097121596335 0.2999999999999998
      vertex -0.3499999970197676 -2.1435244783759115 0.2999999999999998
    endloop
  endfacet
  facet normal 0 0 -1
    outer loop
      vertex -0.4777225819643012 -10.45552268585767 0
      vertex 0.1374824943496704 2.067264327779143 0
      vertex 0.26146745892071843 -2.439439263565341 0
    endloop
  endfacet
  facet normal 0 0 -1
    outer loop
      vertex 0.26146745892071843 -10.191036260090293 0
      vertex 0.26146745892071843 -2.439439263565341 0
      vertex 0.7738167600508643 0.23807335174920374 0
    endloop
  endfacet
  facet normal 0 0 -1
    outer loop
      vertex 0.26146745892071843 -10.191036260090293 0
      vertex 0.7738167600508643 0.23807335174920374 0
      vertex 0.9711738946079813 -2.660762390333458 0
    endloop
  endfacet
  facet normal 0 0 -1
    outer loop
      vertex -2.015862877363515 -10.761477813377574 0
      vertex -2.015862877363515 -0.5410590879881981 0
      vertex -1.410273308852079 1.5655810424869272 0
    endloop
  endfacet
  facet normal 0 0 -1
    outer loop
      vertex -1.2392774238709738 -10.646282243225844 0
      vertex -1.2392774238709738 -1.4749239403172918 0
      vertex -0.47859924496594286 4.83767780050973 0
    endloop
  endfacet
  facet normal 0 0 -1
    outer loop
      vertex -3.5841371226364847 -10.761477813377574 0
      vertex -2.8 5.2 0
      vertex -2.8 2.099999998509884 0
    endloop
  endfacet
  facet normal 0 0 1
    outer loop
      vertex -2.8 -10.8 0.2999999999999998
      vertex -2.8 2.099999998509884 0.2999999999999998
      vertex -3.5841371226364847 5.161477813377576 0.2999999999999998
    endloop
  endfacet
  facet normal 0 0 1
    outer loop
      vertex -4.360722576129026 -10.646282243225844 0.2999999999999998
      vertex -4.360722576129026 5.046282243225844 0.2999999999999998
      vertex -5.122277418035699 4.855522685857671 0.2999999999999998
    endloop
  endfacet
  facet normal 0 0 -1
    outer loop
      vertex -5.122277418035699 -10.45552268585767 0
      vertex -5.122277418035699 4.855522685857671 0
      vertex -4.360722576129026 5.046282243225844 0
    endloop
  endfacet
  facet normal 0 0 -1
    outer loop
      vertex -4.360722576129026 -10.646282243225844 0
      vertex -4.360722576129026 5.046282243225844 0
      vertex -3.5841371226364847 5.161477813377576 0
    endloop
  endfacet
  facet normal 0 0 1
    outer loop
      vertex -3.5841371226364847 -10.761477813377574 0.2999999999999998
      vertex -3.5841371226364847 5.161477813377576 0.2999999999999998
      vertex -4.360722576129026 5.046282243225844 0.2999999999999998
    endloop
  endfacet
  facet normal 0 0 -1
    outer loop
      vertex -3.5841371226364847 -10.761477813377574 0
      vertex -3.5841371226364847 5.161477813377576 0
      vertex -2.8 5.2 0
    endloop
  endfacet
  facet normal 0 0 -1
    outer loop
      vertex -0.4777225819643012 -10.45552268585767 0
      vertex -0.4777225819643012 4.790086839888894 0
      vertex 0.1374824943496704 2.067264327779143 0
    endloop
  endfacet
  facet normal 0 0 -1
    outer loop
      vertex -0.4777225819643012 -10.45552268585767 0
      vertex -0.47859924496594286 4.83767780050973 0
      vertex -0.4777225819643012 4.790086839888894 0
    endloop
  endfacet
  facet normal 0 0 -1
    outer loop
      vertex 0.7738167600508643 0.23807335174920374 0
      vertex 0.8317866817116739 1.4180782153388583 0
      vertex 0.9711738946079813 -2.660762390333458 0
    endloop
  endfacet
  facet normal 0 0 -1
    outer loop
      vertex 0.2248511806130411 3.845694792450848 0
      vertex 0.7738167600508643 0.23807335174920374 0
      vertex 0.26146745892071843 -2.439439263565341 0
    endloop
  endfacet
  facet normal 0.5141027441932221 -0.8577286100002719 0
    outer loop
      vertex 0.9711738946079813 -9.85537011478684 0
      vertex 1.6445618641568176 -9.451756898420362 0.2999999999999998
      vertex 0.9711738946079813 -9.85537011478684 0.2999999999999998
    endloop
  endfacet
  facet normal 0.5141027441932221 -0.8577286100002719 0
    outer loop
      vertex 0.9711738946079813 -9.85537011478684 0
      vertex 1.6445618641568176 -9.451756898420362 0
      vertex 1.6445618641568176 -9.451756898420362 0.2999999999999998
    endloop
  endfacet
  facet normal 0.595699304492433 -0.8032075314806453 0
    outer loop
      vertex 1.6445618641568176 -9.451756898420362 0
      vertex 2.275146273309164 -8.984083626901896 0
      vertex 2.275146273309164 -8.984083626901896 0.2999999999999998
    endloop
  endfacet
  facet normal 0.595699304492433 -0.8032075314806453 0
    outer loop
      vertex 1.6445618641568176 -9.451756898420362 0
      vertex 2.275146273309164 -8.984083626901896 0.2999999999999998
      vertex 1.6445618641568176 -9.451756898420362 0.2999999999999998
    endloop
  endfacet
  facet normal 0.671558954847018 -0.7409511253549594 0
    outer loop
      vertex 2.275146273309164 -8.984083626901896 0
      vertex 2.8568542494923808 -8.45685424949238 0.2999999999999998
      vertex 2.275146273309164 -8.984083626901896 0.2999999999999998
    endloop
  endfacet
  facet normal 0.671558954847018 -0.7409511253549594 0
    outer loop
      vertex 2.275146273309164 -8.984083626901896 0
      vertex 2.8568542494923808 -8.45685424949238 0
      vertex 2.8568542494923808 -8.45685424949238 0.2999999999999998
    endloop
  endfacet
  facet normal 0.7409511253549594 -0.671558954847018 0
    outer loop
      vertex 2.8568542494923808 -8.45685424949238 0
      vertex 3.384083626901896 -7.875146273309164 0
      vertex 2.8568542494923808 -8.45685424949238 0.2999999999999998
    endloop
  endfacet
  facet normal 0.7409511253549594 -0.671558954847018 0
    outer loop
      vertex 3.384083626901896 -7.875146273309164 0
      vertex 3.384083626901896 -7.875146273309164 0.2999999999999998
      vertex 2.8568542494923808 -8.45685424949238 0.2999999999999998
    endloop
  endfacet
  facet normal 0 0 -1
    outer loop
      vertex 0.9711738946079813 -9.85537011478684 0
      vertex 1.6445618641568176 -2.7701490087630662 0
      vertex 1.6445618641568176 -9.451756898420362 0
    endloop
  endfacet
  facet normal 0 0 1
    outer loop
      vertex 0.9711738946079813 -9.85537011478684 0.2999999999999998
      vertex 1.6445618641568176 -9.451756898420362 0.2999999999999998
      vertex 1.46042165607214 -2.758079822361469 0.2999999999999998
    endloop
  endfacet
  facet normal 0 0 -1
    outer loop
      vertex 1.6445618641568176 -9.451756898420362 0
      vertex 2.275146273309164 -2.8 0
      vertex 2.275146273309164 -8.984083626901896 0
    endloop
  endfacet
  facet normal 0 0 1
    outer loop
      vertex 1.6445618641568176 -9.451756898420362 0.2999999999999998
      vertex 2.275146273309164 -8.984083626901896 0.2999999999999998
      vertex 2.099999998509884 -2.8 0.2999999999999998
    endloop
  endfacet
  facet normal 0 0 -1
    outer loop
      vertex 2.275146273309164 -8.984083626901896 0
      vertex 2.275146273309164 -2.8 0
      vertex 2.8568542494923808 -8.45685424949238 0
    endloop
  endfacet
  facet normal 0 0 1
    outer loop
      vertex 2.275146273309164 -8.984083626901896 0.2999999999999998
      vertex 2.8568542494923808 -8.45685424949238 0.2999999999999998
      vertex 2.099999998509884 -2.8 0.2999999999999998
    endloop
  endfacet
  facet normal 0.8032075314806453 -0.595699304492433 0
    outer loop
      vertex 3.384083626901896 -7.875146273309164 0
      vertex 3.851756898420362 -7.244561864156817 0
      vertex 3.384083626901896 -7.875146273309164 0.2999999999999998
    endloop
  endfacet
  facet normal 0.8032075314806453 -0.595699304492433 0
    outer loop
      vertex 3.851756898420362 -7.244561864156817 0
      vertex 3.851756898420362 -7.244561864156817 0.2999999999999998
      vertex 3.384083626901896 -7.875146273309164 0.2999999999999998
    endloop
  endfacet
  facet normal 0 0 1
    outer loop
      vertex 0.9711738946079813 -9.85537011478684 0.2999999999999998
      vertex 1.46042165607214 -2.758079822361469 0.2999999999999998
      vertex 0.8317866817116739 -2.633036549389362 0.2999999999999998
    endloop
  endfacet
  facet normal 0 0 1
    outer loop
      vertex 1.6445618641568176 -9.451756898420362 0.2999999999999998
      vertex 2.099999998509884 -2.8 0.2999999999999998
      vertex 1.46042165607214 -2.758079822361469 0.2999999999999998
    endloop
  endfacet
  facet normal 0 0 -1
    outer loop
      vertex 2.8568542494923808 -8.45685424949238 0
      vertex 2.275146273309164 -2.8 0
      vertex 3.384083626901896 -7.875146273309164 0
    endloop
  endfacet
  facet normal 0 0 -1
    outer loop
      vertex 3.384083626901896 -7.875146273309164 0
      vertex 2.275146273309164 -2.8 0
      vertex 3.851756898420362 -7.244561864156817 0
    endloop
  endfacet
  facet normal 0 0 1
    outer loop
      vertex 2.8568542494923808 -8.45685424949238 0.2999999999999998
      vertex 3.384083626901896 -7.875146273309164 0.2999999999999998
      vertex 5.2 -2.8 0.2999999999999998
    endloop
  endfacet
  facet normal 0 0 -1
    outer loop
      vertex 3.851756898420362 -7.244561864156817 0
      vertex 2.275146273309164 -2.8 0
      vertex 4.255370114786841 -6.5711738946079805 0
    endloop
  endfacet
  facet normal 0 0 -1
    outer loop
      vertex 4.255370114786841 -6.5711738946079805 0
      vertex 2.275146273309164 -2.8 0
      vertex 4.591036260090294 -5.861467458920718 0
    endloop
  endfacet
  facet normal 0.857728610000272 -0.5141027441932219 0
    outer loop
      vertex 3.851756898420362 -7.244561864156817 0
      vertex 4.255370114786841 -6.5711738946079805 0
      vertex 3.851756898420362 -7.244561864156817 0.2999999999999998
    endloop
  endfacet
  facet normal 0.857728610000272 -0.5141027441932219 0
    outer loop
      vertex 4.255370114786841 -6.5711738946079805 0
      vertex 4.255370114786841 -6.5711738946079805 0.2999999999999998
      vertex 3.851756898420362 -7.244561864156817 0.2999999999999998
    endloop
  endfacet
  facet normal 0.9039892931234434 -0.42755509343028186 0
    outer loop
      vertex 4.255370114786841 -6.5711738946079805 0
      vertex 4.591036260090294 -5.861467458920718 0
      vertex 4.255370114786841 -6.5711738946079805 0.2999999999999998
    endloop
  endfacet
  facet normal 0.9039892931234434 -0.42755509343028186 0
    outer loop
      vertex 4.591036260090294 -5.861467458920718 0
      vertex 4.591036260090294 -5.861467458920718 0.2999999999999998
      vertex 4.255370114786841 -6.5711738946079805 0.2999999999999998
    endloop
  endfacet
  facet normal 0 0 1
    outer loop
      vertex 3.384083626901896 -7.875146273309164 0.2999999999999998
      vertex 3.851756898420362 -7.244561864156817 0.2999999999999998
      vertex 5.2 -2.8 0.2999999999999998
    endloop
  endfacet
  facet normal 0.9415440651830208 -0.33688985339222005 0
    outer loop
      vertex 4.591036260090294 -5.861467458920718 0
      vertex 4.855522685857671 -5.122277418035699 0
      vertex 4.591036260090294 -5.861467458920718 0.2999999999999998
    endloop
  endfacet
  facet normal 0 0 1
    outer loop
      vertex 3.851756898420362 -7.244561864156817 0.2999999999999998
      vertex 4.255370114786841 -6.5711738946079805 0.2999999999999998
      vertex 5.2 -2.8 0.2999999999999998
    endloop
  endfacet
  facet normal 0 0 1
    outer loop
      vertex 4.255370114786841 -6.5711738946079805 0.2999999999999998
      vertex 4.591036260090294 -5.861467458920718 0.2999999999999998
      vertex 5.2 -2.8 0.2999999999999998
    endloop
  endfacet
  facet normal 0.9415440651830208 -0.33688985339222005 0
    outer loop
      vertex 4.855522685857671 -5.122277418035699 0
      vertex 4.855522685857671 -5.122277418035699 0.2999999999999998
      vertex 4.591036260090294 -5.861467458920718 0.2999999999999998
    endloop
  endfacet
  facet normal 0 0 -1
    outer loop
      vertex 0.9711738946079813 -9.85537011478684 0
      vertex 1.4187684799759515 -0.7443730232095539 0
      vertex 1.6445618641568176 -2.7701490087630662 0
    endloop
  endfacet
  facet normal 0 0 -1
    outer loop
      vertex 0.9711738946079813 -9.85537011478684 0
      vertex 0.9711738946079813 -2.660762390333458 0
      vertex 1.4187684799759515 -0.7443730232095539 0
    endloop
  endfacet
  facet normal 0 0 -1
    outer loop
      vertex 1.6445618641568176 -9.451756898420362 0
      vertex 1.6445618641568176 -2.7701490087630662 0
      vertex 2.0615624873260776 -0.9635142138990122 0
    endloop
  endfacet
  facet normal 0 0 -1
    outer loop
      vertex 1.6445618641568176 -9.451756898420362 0
      vertex 2.0615624873260776 -0.9635142138990122 0
      vertex 2.275146273309164 -2.8 0
    endloop
  endfacet
  facet normal 0 0 1
    outer loop
      vertex 2.8568542494923808 -8.45685424949238 0.2999999999999998
      vertex 5.2 -2.8 0.2999999999999998
      vertex 2.099999998509884 -2.8 0.2999999999999998
    endloop
  endfacet
  facet normal 0 0 -1
    outer loop
      vertex 4.591036260090294 -5.861467458920718 0
      vertex 2.275146273309164 -2.8 0
      vertex 4.855522685857671 -5.122277418035699 0
    endloop
  endfacet
  facet normal 0.970031253194544 -0.24298017990326418 0
    outer loop
      vertex 4.855522685857671 -5.122277418035699 0
      vertex 5.046282243225844 -4.360722576129026 0
      vertex 4.855522685857671 -5.122277418035699 0.2999999999999998
    endloop
  endfacet
  facet normal 0.970031253194544 -0.24298017990326418 0
    outer loop
      vertex 5.046282243225844 -4.360722576129026 0
      vertex 5.046282243225844 -4.360722576129026 0.2999999999999998
      vertex 4.855522685857671 -5.122277418035699 0.2999999999999998
    endloop
  endfacet
  facet normal 0 0 1
    outer loop
      vertex 4.591036260090294 -5.861467458920718 0.2999999999999998
      vertex 4.855522685857671 -5.122277418035699 0.2999999999999998
      vertex 5.2 -2.8 0.2999999999999998
    endloop
  endfacet
  facet normal 0 0 -1
    outer loop
      vertex 4.855522685857671 -5.122277418035699 0
      vertex 2.275146273309164 -2.8 0
      vertex 5.046282243225844 -4.360722576129026 0
    endloop
  endfacet
  facet normal 0 0 -1
    outer loop
      vertex 5.046282243225844 -4.360722576129026 0
      vertex 2.275146273309164 -2.8 0
      vertex 5.161477813377576 -3.5841371226364847 0
    endloop
  endfacet
  facet normal 0.9891765099647809 -0.1467304744553623 0
    outer loop
      vertex 5.046282243225844 -4.360722576129026 0
      vertex 5.161477813377576 -3.5841371226364847 0
      vertex 5.046282243225844 -4.360722576129026 0.2999999999999998
    endloop
  endfacet
  facet normal 0 0 1
    outer loop
      vertex 4.855522685857671 -5.122277418035699 0.2999999999999998
      vertex 5.046282243225844 -4.360722576129026 0.2999999999999998
      vertex 5.2 -2.8 0.2999999999999998
    endloop
  endfacet
  facet normal 0.9891765099647809 -0.1467304744553623 0
    outer loop
      vertex 5.161477813377576 -3.5841371226364847 0
      vertex 5.161477813377576 -3.5841371226364847 0.2999999999999998
      vertex 5.046282243225844 -4.360722576129026 0.2999999999999998
    endloop
  endfacet
  facet normal 0 0 1
    outer loop
      vertex 5.046282243225844 -4.360722576129026 0.2999999999999998
      vertex 5.161477813377576 -3.5841371226364847 0.2999999999999998
      vertex 5.2 -2.8 0.2999999999999998
    endloop
  endfacet
  facet normal 0 0 -1
    outer loop
      vertex 5.161477813377576 -3.5841371226364847 0
      vertex 2.275146273309164 -2.8 0
      vertex 5.2 -2.8 0
    endloop
  endfacet
  facet normal 0.9987954562051724 -0.04906767432741758 0
    outer loop
      vertex 5.161477813377576 -3.5841371226364847 0
      vertex 5.2 -2.8 0
      vertex 5.161477813377576 -3.5841371226364847 0.2999999999999998
    endloop
  endfacet
  facet normal 0.9987954562051724 -0.04906767432741758 0
    outer loop
      vertex 5.161477813377576 -3.5841371226364847 0.2999999999999998
      vertex 5.2 -2.8 0
      vertex 5.2 -2.8 0.2999999999999998
    endloop
  endfacet
  facet normal 0 0 -1
    outer loop
      vertex 1.46042165607214 0.1034968542943 0
      vertex 2.0615624873260776 -0.9635142138990122 0
      vertex 1.6445618641568176 -2.7701490087630662 0
    endloop
  endfacet
  facet normal 0 0 -1
    outer loop
      vertex 1.4187684799759515 -0.7443730232095539 0
      vertex 1.46042165607214 0.1034968542943 0
      vertex 1.6445618641568176 -2.7701490087630662 0
    endloop
  endfacet
  facet normal 0 0 -1
    outer loop
      vertex 0.8317866817116739 1.4180782153388583 0
      vertex 1.4187684799759515 -0.7443730232095539 0
      vertex 0.9711738946079813 -2.660762390333458 0
    endloop
  endfacet
  facet normal 0 0 -1
    outer loop
      vertex 2.0615624873260776 -0.9635142138990122 0
      vertex 2.099999998509884 -0.18110069941195617 0
      vertex 2.275146273309164 -2.8 0
    endloop
  endfacet
  facet normal -0.442288696350076 -0.8968727385091769 0
    outer loop
      vertex -0.3499999970197676 -2.1435244783759115 25.1
      vertex -0.3499999970197676 -2.1435244783759115 0.2999999999999998
      vertex 0.2248511806130411 -2.4270097121596335 0.2999999999999998
    endloop
  endfacet
  facet normal -0.32143946044369626 -0.9469301311446718 0
    outer loop
      vertex 0.2248511806130411 -2.4270097121596335 25.1
      vertex 0.2248511806130411 -2.4270097121596335 0.2999999999999998
      vertex 0.8317866817116739 -2.633036549389362 0.2999999999999998
    endloop
  endfacet
  facet normal -0.83146961663073 -0.5555702265420157 0
    outer loop
      vertex -2.1435244783759115 -0.3499999970197676 25.1
      vertex -2.1435244783759115 -0.3499999970197676 0.2999999999999998
      vertex -1.7874313697218893 -0.8829310044646261 0.2999999999999998
    endloop
  endfacet
  facet normal -0.8968727385091769 -0.442288696350076 0
    outer loop
      vertex -2.4270097121596335 0.2248511806130411 25.1
      vertex -2.4270097121596335 0.2248511806130411 0.2999999999999998
      vertex -2.1435244783759115 -0.3499999970197676 0.2999999999999998
    endloop
  endfacet
  facet normal -0.9469301311446718 -0.32143946044369626 0
    outer loop
      vertex -2.633036549389362 0.8317866817116739 25.1
      vertex -2.633036549389362 0.8317866817116739 0.2999999999999998
      vertex -2.4270097121596335 0.2248511806130411 0.2999999999999998
    endloop
  endfacet
  facet normal -0.5555702265420157 -0.83146961663073 0
    outer loop
      vertex -0.8829310044646261 -1.7874313697218893 25.1
      vertex -0.8829310044646261 -1.7874313697218893 0.2999999999999998
      vertex -0.3499999970197676 -2.1435244783759115 0.2999999999999998
    endloop
  endfacet
  facet normal -0.6593458233452574 -0.7518398002481411 0
    outer loop
      vertex -1.3648232251405714 -1.3648232251405714 25.1
      vertex -1.3648232251405714 -1.3648232251405714 0.2999999999999998
      vertex -0.8829310044646261 -1.7874313697218893 0.2999999999999998
    endloop
  endfacet
  facet normal -0.7518398002481411 -0.6593458233452574 0
    outer loop
      vertex -1.7874313697218893 -0.8829310044646261 25.1
      vertex -1.7874313697218893 -0.8829310044646261 0.2999999999999998
      vertex -1.3648232251405714 -1.3648232251405714 0.2999999999999998
    endloop
  endfacet
  facet normal 0 -1 0
    outer loop
      vertex 4.17 -2.8 19.25
      vertex 2.099999998509884 -2.8 0.2999999999999998
      vertex 5.2 -2.8 0.2999999999999998
    endloop
  endfacet
  facet normal -0.195090325024359 -0.9807852798048562 0
    outer loop
      vertex 0.8317866817116739 -2.633036549389362 25.1
      vertex 0.8317866817116739 -2.633036549389362 0.2999999999999998
      vertex 1.46042165607214 -2.758079822361469 0.2999999999999998
    endloop
  endfacet
  facet normal -0.0654031266412686 -0.9978589234082873 0
    outer loop
      vertex 1.46042165607214 -2.758079822361469 25.1
      vertex 1.46042165607214 -2.758079822361469 0.2999999999999998
      vertex 2.099999998509884 -2.8 0.2999999999999998
    endloop
  endfacet
  facet normal -0.8577286100002719 0.5141027441932221 0
    outer loop
      vertex -9.85537011478684 0.9711738946079813 0
      vertex -9.85537011478684 0.9711738946079813 0.2999999999999998
      vertex -9.451756898420362 1.6445618641568176 0.2999999999999998
    endloop
  endfacet
  facet normal -0.8577286100002719 0.5141027441932221 0
    outer loop
      vertex -9.85537011478684 0.9711738946079813 0
      vertex -9.451756898420362 1.6445618641568176 0.2999999999999998
      vertex -9.451756898420362 1.6445618641568176 0
    endloop
  endfacet
  facet normal -0.8032075314806453 0.595699304492433 0
    outer loop
      vertex -9.451756898420362 1.6445618641568176 0
      vertex -9.451756898420362 1.6445618641568176 0.2999999999999998
      vertex -8.984083626901896 2.275146273309164 0.2999999999999998
    endloop
  endfacet
  facet normal -0.8032075314806453 0.595699304492433 0
    outer loop
      vertex -9.451756898420362 1.6445618641568176 0
      vertex -8.984083626901896 2.275146273309164 0.2999999999999998
      vertex -8.984083626901896 2.275146273309164 0
    endloop
  endfacet
  facet normal -0.7409511253549594 0.671558954847018 0
    outer loop
      vertex -8.984083626901896 2.275146273309164 0
      vertex -8.45685424949238 2.8568542494923808 0.2999999999999998
      vertex -8.45685424949238 2.8568542494923808 0
    endloop
  endfacet
  facet normal -0.7409511253549594 0.671558954847018 0
    outer loop
      vertex -8.984083626901896 2.275146273309164 0
      vertex -8.984083626901896 2.275146273309164 0.2999999999999998
      vertex -8.45685424949238 2.8568542494923808 0.2999999999999998
    endloop
  endfacet
  facet normal -0.671558954847018 0.7409511253549594 0
    outer loop
      vertex -8.45685424949238 2.8568542494923808 0
      vertex -8.45685424949238 2.8568542494923808 0.2999999999999998
      vertex -7.875146273309164 3.384083626901896 0
    endloop
  endfacet
  facet normal -0.671558954847018 0.7409511253549594 0
    outer loop
      vertex -7.875146273309164 3.384083626901896 0
      vertex -8.45685424949238 2.8568542494923808 0.2999999999999998
      vertex -7.875146273309164 3.384083626901896 0.2999999999999998
    endloop
  endfacet
  facet normal -0.595699304492433 0.8032075314806453 0
    outer loop
      vertex -7.875146273309164 3.384083626901896 0
      vertex -7.875146273309164 3.384083626901896 0.2999999999999998
      vertex -7.244561864156817 3.851756898420362 0
    endloop
  endfacet
  facet normal -0.595699304492433 0.8032075314806453 0
    outer loop
      vertex -7.244561864156817 3.851756898420362 0
      vertex -7.875146273309164 3.384083626901896 0.2999999999999998
      vertex -7.244561864156817 3.851756898420362 0.2999999999999998
    endloop
  endfacet
  facet normal -0.5141027441932219 0.857728610000272 0
    outer loop
      vertex -7.244561864156817 3.851756898420362 0
      vertex -7.244561864156817 3.851756898420362 0.2999999999999998
      vertex -6.5711738946079805 4.255370114786841 0
    endloop
  endfacet
  facet normal -0.5141027441932219 0.857728610000272 0
    outer loop
      vertex -6.5711738946079805 4.255370114786841 0
      vertex -7.244561864156817 3.851756898420362 0.2999999999999998
      vertex -6.5711738946079805 4.255370114786841 0.2999999999999998
    endloop
  endfacet
  facet normal -0.42755509343028186 0.9039892931234434 0
    outer loop
      vertex -6.5711738946079805 4.255370114786841 0
      vertex -6.5711738946079805 4.255370114786841 0.2999999999999998
      vertex -5.861467458920718 4.591036260090294 0
    endloop
  endfacet
  facet normal -0.42755509343028186 0.9039892931234434 0
    outer loop
      vertex -5.861467458920718 4.591036260090294 0
      vertex -6.5711738946079805 4.255370114786841 0.2999999999999998
      vertex -5.861467458920718 4.591036260090294 0.2999999999999998
    endloop
  endfacet
  facet normal -0.33688985339222005 0.9415440651830208 0
    outer loop
      vertex -5.861467458920718 4.591036260090294 0
      vertex -5.861467458920718 4.591036260090294 0.2999999999999998
      vertex -5.122277418035699 4.855522685857671 0
    endloop
  endfacet
  facet normal -0.33688985339222005 0.9415440651830208 0
    outer loop
      vertex -5.122277418035699 4.855522685857671 0
      vertex -5.861467458920718 4.591036260090294 0.2999999999999998
      vertex -5.122277418035699 4.855522685857671 0.2999999999999998
    endloop
  endfacet
  facet normal 0 0 -1
    outer loop
      vertex -2.170251712652638 2.0188208749903502 0
      vertex -2.1435244783759115 2.562866227015706 0
      vertex -2.015862877363515 -0.5410590879881981 0
    endloop
  endfacet
  facet normal 0 0 -1
    outer loop
      vertex -2.1435244783759115 2.562866227015706 0
      vertex -1.8691845129660751 5.139720133344172 0
      vertex -2.015862877363515 -0.5410590879881981 0
    endloop
  endfacet
  facet normal 0 0 -1
    outer loop
      vertex -2.4270097121596335 5.181676162163797 0
      vertex -2.170251712652638 2.0188208749903502 0
      vertex -2.8 2.099999998509884 0
    endloop
  endfacet
  facet normal 0 0 -1
    outer loop
      vertex -1.410273308852079 1.5655810424869272 0
      vertex -1.3648232251405714 2.4907387500294744 0
      vertex -1.2392774238709738 -1.4749239403172918 0
    endloop
  endfacet
  facet normal 0 0 -1
    outer loop
      vertex -1.8691845129660751 5.139720133344172 0
      vertex -1.410273308852079 1.5655810424869272 0
      vertex -2.015862877363515 -0.5410590879881981 0
    endloop
  endfacet
  facet normal 0 0 -1
    outer loop
      vertex -1.3648232251405714 2.4907387500294744 0
      vertex -0.9988753609972169 4.986064661272877 0
      vertex -1.2392774238709738 -1.4749239403172918 0
    endloop
  endfacet
  facet normal 0 0 -1
    outer loop
      vertex 0.1374824943496704 2.067264327779143 0
      vertex 0.2248511806130411 3.845694792450848 0
      vertex 0.26146745892071843 -2.439439263565341 0
    endloop
  endfacet
  facet normal 0 0 -1
    outer loop
      vertex -0.8829310044646261 4.957022111853692 0
      vertex -1.2392774238709738 -1.4749239403172918 0
      vertex -0.9988753609972169 4.986064661272877 0
    endloop
  endfacet
  facet normal 0 0 -1
    outer loop
      vertex -0.8829310044646261 4.957022111853692 0
      vertex -0.47859924496594286 4.83767780050973 0
      vertex -1.2392774238709738 -1.4749239403172918 0
    endloop
  endfacet
  facet normal -0.24298017990326418 0.970031253194544 0
    outer loop
      vertex -5.122277418035699 4.855522685857671 0
      vertex -5.122277418035699 4.855522685857671 0.2999999999999998
      vertex -4.360722576129026 5.046282243225844 0
    endloop
  endfacet
  facet normal -0.24298017990326418 0.970031253194544 0
    outer loop
      vertex -4.360722576129026 5.046282243225844 0
      vertex -5.122277418035699 4.855522685857671 0.2999999999999998
      vertex -4.360722576129026 5.046282243225844 0.2999999999999998
    endloop
  endfacet
  facet normal -0.1467304744553623 0.9891765099647809 0
    outer loop
      vertex -4.360722576129026 5.046282243225844 0
      vertex -4.360722576129026 5.046282243225844 0.2999999999999998
      vertex -3.5841371226364847 5.161477813377576 0
    endloop
  endfacet
  facet normal -0.1467304744553623 0.9891765099647809 0
    outer loop
      vertex -3.5841371226364847 5.161477813377576 0
      vertex -4.360722576129026 5.046282243225844 0.2999999999999998
      vertex -3.5841371226364847 5.161477813377576 0.2999999999999998
    endloop
  endfacet
  facet normal 0 0 -1
    outer loop
      vertex -2.8 5.2 0
      vertex -2.7653883853639263 5.198299640407495 0
      vertex -2.8 2.099999998509884 0
    endloop
  endfacet
  facet normal 0 0 1
    outer loop
      vertex -3.5841371226364847 5.161477813377576 0.2999999999999998
      vertex -2.8 2.099999998509884 0.2999999999999998
      vertex -2.8 5.2 0.2999999999999998
    endloop
  endfacet
  facet normal 0 0 -1
    outer loop
      vertex -2.4270097121596335 5.181676162163797 0
      vertex -2.8 2.099999998509884 0
      vertex -2.7653883853639263 5.198299640407495 0
    endloop
  endfacet
  facet normal -0.04906767432741758 0.9987954562051724 0
    outer loop
      vertex -3.5841371226364847 5.161477813377576 0
      vertex -3.5841371226364847 5.161477813377576 0.2999999999999998
      vertex -2.8 5.2 0
    endloop
  endfacet
  facet normal -0.04906767432741758 0.9987954562051724 0
    outer loop
      vertex -3.5841371226364847 5.161477813377576 0.2999999999999998
      vertex -2.8 5.2 0.2999999999999998
      vertex -2.8 5.2 0
    endloop
  endfacet
  facet normal 0 0 -1
    outer loop
      vertex -1.7874313697218893 5.1275932001066815 0
      vertex -1.410273308852079 1.5655810424869272 0
      vertex -1.8691845129660751 5.139720133344172 0
    endloop
  endfacet
  facet normal 0 0 -1
    outer loop
      vertex -0.3499999970197676 4.809822814223437 0
      vertex 0.1374824943496704 2.067264327779143 0
      vertex -0.4777225819643012 4.790086839888894 0
    endloop
  endfacet
  facet normal 0 0 -1
    outer loop
      vertex -0.3499999970197676 4.809822814223437 0
      vertex -0.4777225819643012 4.790086839888894 0
      vertex -0.47859924496594286 4.83767780050973 0
    endloop
  endfacet
  facet normal -1 0 0
    outer loop
      vertex -2.8 12 9.1
      vertex -2.8 5.2 0.2999999999999998
      vertex -2.8 2.099999998509884 0.2999999999999998
    endloop
  endfacet
  facet normal -1 0 0
    outer loop
      vertex -2.8 6 9.1
      vertex -2.8 8 9.1
      vertex -2.8 2.099999998509884 0.2999999999999998
    endloop
  endfacet
  facet normal 0 0 -1
    outer loop
      vertex -2.1435244783759115 2.562866227015706 0
      vertex -2.170251712652638 2.0188208749903502 0
      vertex -2.068674925844134 19.8359276970507 0
    endloop
  endfacet
  facet normal 0 0 -1
    outer loop
      vertex -2.4270097121596335 5.181676162163797 0
      vertex -2.068674925844134 19.8359276970507 0
      vertex -2.170251712652638 2.0188208749903502 0
    endloop
  endfacet
  facet normal 0 0 -1
    outer loop
      vertex -2.1435244783759115 2.562866227015706 0
      vertex -2.068674925844134 19.8359276970507 0
      vertex -1.8691845129660751 5.139720133344172 0
    endloop
  endfacet
  facet normal 0 0 -1
    outer loop
      vertex -1.3648232251405714 2.4907387500294744 0
      vertex -1.410273308852079 1.5655810424869272 0
      vertex -1.2550420094042938 19.951379301410938 0
    endloop
  endfacet
  facet normal 0 0 -1
    outer loop
      vertex 0.8317866817116739 1.4180782153388583 0
      vertex 0.7738167600508643 0.23807335174920374 0
      vertex 0.36555693260375505 20.45819439450285 0
    endloop
  endfacet
  facet normal 0 0 -1
    outer loop
      vertex -1.7874313697218893 5.1275932001066815 0
      vertex -1.2550420094042938 19.951379301410938 0
      vertex -1.410273308852079 1.5655810424869272 0
    endloop
  endfacet
  facet normal 0 0 -1
    outer loop
      vertex -1.3648232251405714 2.4907387500294744 0
      vertex -1.2550420094042938 19.951379301410938 0
      vertex -0.9988753609972169 4.986064661272877 0
    endloop
  endfacet
  facet normal 0 0 -1
    outer loop
      vertex 0.2248511806130411 3.845694792450848 0
      vertex 0.1374824943496704 2.067264327779143 0
      vertex 0.2248511806130411 20.395862226037977 0
    endloop
  endfacet
  facet normal 0 0 -1
    outer loop
      vertex 0.2248511806130411 3.845694792450848 0
      vertex 0.36555693260375505 20.45819439450285 0
      vertex 0.7738167600508643 0.23807335174920374 0
    endloop
  endfacet
  facet normal 0 0 -1
    outer loop
      vertex -0.3499999970197676 4.809822814223437 0
      vertex 0.2248511806130411 20.395862226037977 0
      vertex 0.1374824943496704 2.067264327779143 0
    endloop
  endfacet
  facet normal 0 0 -1
    outer loop
      vertex -2.8 5.2 0
      vertex -2.7939392432471664 19.800297745886486 0
      vertex -2.7653883853639263 5.198299640407495 0
    endloop
  endfacet
  facet normal -1 0 0
    outer loop
      vertex -2.8 19.8 0
      vertex -2.8 5.2 0
      vertex -2.8 5.2 0.2999999999999998
    endloop
  endfacet
  facet normal 0 0 -1
    outer loop
      vertex -2.4270097121596335 5.181676162163797 0
      vertex -2.7653883853639263 5.198299640407495 0
      vertex -2.068674925844134 19.8359276970507 0
    endloop
  endfacet
  facet normal 0 0 -1
    outer loop
      vertex -1.7874313697218893 5.1275932001066815 0
      vertex -1.8691845129660751 5.139720133344172 0
      vertex -1.7874313697218893 19.87240679989332 0
    endloop
  endfacet
  facet normal 0 0 -1
    outer loop
      vertex -0.8829310044646261 4.957022111853692 0
      vertex -0.9988753609972169 4.986064661272877 0
      vertex -1.2550420094042938 19.951379301410938 0
    endloop
  endfacet
  facet normal 0 0 -1
    outer loop
      vertex -0.8829310044646261 4.957022111853692 0
      vertex -0.759263478702624 20.07395499074881 0
      vertex -0.47859924496594286 4.83767780050973 0
    endloop
  endfacet
  facet normal 0 0 -1
    outer loop
      vertex -0.3499999970197676 4.809822814223437 0
      vertex -0.47859924496594286 4.83767780050973 0
      vertex -0.3499999970197676 20.190177185776562 0
    endloop
  endfacet
  facet normal 1 0 0
    outer loop
      vertex 0.7999999999999999 0.7999999999999999 2
      vertex 0.7999999999999999 24.200000000000003 4.5
      vertex 0.7999999999999999 0.7999999999999999 4.5
    endloop
  endfacet
  facet normal 0 0 1
    outer loop
      vertex -0.4 -0.4 4.5
      vertex 0.7999999999999999 0.7999999999999999 4.5
      vertex 0.7999999999999999 24.200000000000003 4.5
    endloop
  endfacet
  facet normal -1 0 0
    outer loop
      vertex -2.8 8 9.1
      vertex -2.8 10 9.1
      vertex -2.8 2.099999998509884 0.2999999999999998
    endloop
  endfacet
  facet normal -1 0 0
    outer loop
      vertex -2.8 10 9.1
      vertex -2.8 12 9.1
      vertex -2.8 2.099999998509884 0.2999999999999998
    endloop
  endfacet
  facet normal -1 0 0
    outer loop
      vertex -2.8 12 9.1
      vertex -2.8 19.8 0.2999999999999998
      vertex -2.8 5.2 0.2999999999999998
    endloop
  endfacet
  facet normal 1 0 0
    outer loop
      vertex -0.4 -0.4 4.5
      vertex -0.4 25.400000000000002 4.5
      vertex -0.4 10 9.1
    endloop
  endfacet
  facet normal 0 0 -1
    outer loop
      vertex 2.099999998509884 -0.18110069941195617 0
      vertex 2.0615624873260776 -0.9635142138990122 0
      vertex 1.5993324472110264 21.12113363233845 0
    endloop
  endfacet
  facet normal 0 0 -1
    outer loop
      vertex 1.46042165607214 0.1034968542943 0
      vertex 1.4187684799759515 -0.7443730232095539 0
      vertex 0.9742342374396319 20.746464184115613 0
    endloop
  endfacet
  facet normal 0 0 -1
    outer loop
      vertex 1.46042165607214 0.1034968542943 0
      vertex 1.5993324472110264 21.12113363233845 0
      vertex 2.0615624873260776 -0.9635142138990122 0
    endloop
  endfacet
  facet normal 0 0 -1
    outer loop
      vertex 0.8317866817116739 1.4180782153388583 0
      vertex 0.9742342374396319 20.746464184115613 0
      vertex 1.4187684799759515 -0.7443730232095539 0
    endloop
  endfacet
  facet normal -0.9807852798048562 -0.195090325024359 0
    outer loop
      vertex -2.758079822361469 1.46042165607214 25.1
      vertex -2.758079822361469 1.46042165607214 0.2999999999999998
      vertex -2.633036549389362 0.8317866817116739 0.2999999999999998
    endloop
  endfacet
  facet normal -0.9978589234082873 -0.0654031266412686 0
    outer loop
      vertex -2.8 2.099999998509884 25.1
      vertex -2.8 2.099999998509884 0.2999999999999998
      vertex -2.758079822361469 1.46042165607214 0.2999999999999998
    endloop
  endfacet
  facet normal 1 0 0
    outer loop
      vertex -0.4 -0.4 4.5
      vertex -0.4 8 9.1
      vertex -0.4 6 9.1
    endloop
  endfacet
  facet normal 1 0 0
    outer loop
      vertex -0.4 -0.4 4.5
      vertex -0.4 10 9.1
      vertex -0.4 8 9.1
    endloop
  endfacet
  facet normal 0 0 1
    outer loop
      vertex -2.8 6 9.1
      vertex -0.4 6 9.1
      vertex -2.8 8 9.1
    endloop
  endfacet
  facet normal -1 0 0
    outer loop
      vertex -2.8 6 9.1
      vertex -2.8 2.099999998509884 0.2999999999999998
      vertex -2.8 2.099999998509884 25.1
    endloop
  endfacet
  facet normal 1 0 0
    outer loop
      vertex -0.4 -0.4 4.5
      vertex -0.4 6 9.1
      vertex -0.4 6 16.1
    endloop
  endfacet
  facet normal 0 1 0
    outer loop
      vertex -2.8 6 9.1
      vertex -0.4 6 16.1
      vertex -0.4 6 9.1
    endloop
  endfacet
  facet normal 0 0 1
    outer loop
      vertex -0.4 6 9.1
      vertex -0.4 8 9.1
      vertex -2.8 8 9.1
    endloop
  endfacet
  facet normal 0 0 1
    outer loop
      vertex -2.8 10 9.1
      vertex -0.4 10 9.1
      vertex -2.8 12 9.1
    endloop
  endfacet
  facet normal 0 0 1
    outer loop
      vertex -0.4 10 9.1
      vertex -0.4 12 9.1
      vertex -2.8 12 9.1
    endloop
  endfacet
  facet normal 0 -1 0
    outer loop
      vertex -2.8 8 9.1
      vertex -0.4 8 9.1
      vertex -2.8 8 16.1
    endloop
  endfacet
  facet normal -1 0 0
    outer loop
      vertex -2.8 8 9.1
      vertex -2.8 8 16.1
      vertex -2.8 10 9.1
    endloop
  endfacet
  facet normal 1 0 0
    outer loop
      vertex -0.4 8 9.1
      vertex -0.4 10 9.1
      vertex -0.4 10 16.1
    endloop
  endfacet
  facet normal 0 -1 0
    outer loop
      vertex -2.8 12 9.1
      vertex -0.4 12 9.1
      vertex -2.8 12 16.1
    endloop
  endfacet
  facet normal 0 1 0
    outer loop
      vertex -2.8 10 9.1
      vertex -0.4 10 16.1
      vertex -0.4 10 9.1
    endloop
  endfacet
  facet normal 0 0 -1
    outer loop
      vertex 2.099999998509884 -0.18110069941195617 0
      vertex 67.81180340227935 -1.4817996810627272 0
      vertex 2.275146273309164 -2.8 0
    endloop
  endfacet
  facet normal 0 1 0
    outer loop
      vertex 0.7999999999999999 0.7999999999999999 2
      vertex 0.7999999999999999 0.7999999999999999 4.5
      vertex 72.07 0.7999999999999999 2
    endloop
  endfacet
  facet normal 0 0 1
    outer loop
      vertex -0.4 -0.4 4.5
      vertex 73.27 -0.4 4.5
      vertex 0.7999999999999999 0.7999999999999999 4.5
    endloop
  endfacet
  facet normal 0 -1 0
    outer loop
      vertex 5.2 -2.8 0
      vertex 67.67 -2.8 0
      vertex 5.2 -2.8 0.2999999999999998
    endloop
  endfacet
  facet normal 0 0 -1
    outer loop
      vertex 67.81180340227935 -1.4817996810627272 0
      vertex 5.2 -2.8 0
      vertex 2.275146273309164 -2.8 0
    endloop
  endfacet
  facet normal 0 -1 0
    outer loop
      vertex 17.17 -2.8 19.25
      vertex 5.2 -2.8 0.2999999999999998
      vertex 67.67 -2.8 0.2999999999999998
    endloop
  endfacet
  facet normal 0 1 0
    outer loop
      vertex -0.4 -0.4 4.5
      vertex 17.17 -0.4 19.25
      vertex 73.27 -0.4 4.5
    endloop
  endfacet
  facet normal 0 0 -1
    outer loop
      vertex 2.099999998509884 -0.18110069941195617 0
      vertex 2.099999998509884 21.486019042715707 0
      vertex 67.81180340227935 -1.4817996810627272 0
    endloop
  endfacet
  facet normal 0 0 1
    outer loop
      vertex 0.7999999999999999 0.7999999999999999 2
      vertex 72.07 0.7999999999999999 2
      vertex 0.7999999999999999 24.200000000000003 2
    endloop
  endfacet
  facet normal -0.442288696350076 -0.8968727385091769 0
    outer loop
      vertex -0.3499999970197676 -2.1435244783759115 25.1
      vertex 0.2248511806130411 -2.4270097121596335 0.2999999999999998
      vertex 0.2248511806130411 -2.4270097121596335 25.1
    endloop
  endfacet
  facet normal -0.32143946044369626 -0.9469301311446718 0
    outer loop
      vertex 0.2248511806130411 -2.4270097121596335 25.1
      vertex 0.8317866817116739 -2.633036549389362 0.2999999999999998
      vertex 0.8317866817116739 -2.633036549389362 25.1
    endloop
  endfacet
  facet normal -0.8968727385091769 -0.442288696350076 0
    outer loop
      vertex -2.1435244783759115 -0.3499999970197676 25.1
      vertex -2.4270097121596335 0.2248511806130411 25.1
      vertex -2.1435244783759115 -0.3499999970197676 0.2999999999999998
    endloop
  endfacet
  facet normal -0.9469301311446718 -0.32143946044369626 0
    outer loop
      vertex -2.4270097121596335 0.2248511806130411 25.1
      vertex -2.633036549389362 0.8317866817116739 25.1
      vertex -2.4270097121596335 0.2248511806130411 0.2999999999999998
    endloop
  endfacet
  facet normal -0.5555702265420157 -0.83146961663073 0
    outer loop
      vertex -0.3499999970197676 -2.1435244783759115 25.1
      vertex -0.8829310044646261 -1.7874313697218893 25.1
      vertex -0.3499999970197676 -2.1435244783759115 0.2999999999999998
    endloop
  endfacet
  facet normal -0.6593458233452574 -0.7518398002481411 0
    outer loop
      vertex -0.8829310044646261 -1.7874313697218893 25.1
      vertex -1.3648232251405714 -1.3648232251405714 25.1
      vertex -0.8829310044646261 -1.7874313697218893 0.2999999999999998
    endloop
  endfacet
  facet normal -0.7518398002481411 -0.6593458233452574 0
    outer loop
      vertex -1.3648232251405714 -1.3648232251405714 25.1
      vertex -1.7874313697218893 -0.8829310044646261 25.1
      vertex -1.3648232251405714 -1.3648232251405714 0.2999999999999998
    endloop
  endfacet
  facet normal -0.83146961663073 -0.5555702265420157 0
    outer loop
      vertex -1.7874313697218893 -0.8829310044646261 25.1
      vertex -2.1435244783759115 -0.3499999970197676 25.1
      vertex -1.7874313697218893 -0.8829310044646261 0.2999999999999998
    endloop
  endfacet
  facet normal 0 -1 0
    outer loop
      vertex 4.17 -2.8 19.25
      vertex 4.17 -2.8 23.25
      vertex 2.099999998509884 -2.8 0.2999999999999998
    endloop
  endfacet
  facet normal 0 -1 0
    outer loop
      vertex 4.17 -2.8 19.25
      vertex 5.2 -2.8 0.2999999999999998
      vertex 17.17 -2.8 19.25
    endloop
  endfacet
  facet normal 0 1 0
    outer loop
      vertex -0.4 -0.4 4.5
      vertex 4.17 -0.4 19.25
      vertex 17.17 -0.4 19.25
    endloop
  endfacet
  facet normal 0 -1 0
    outer loop
      vertex 2.099999998509884 -2.8 25.1
      vertex 2.099999998509884 -2.8 0.2999999999999998
      vertex 4.17 -2.8 23.25
    endloop
  endfacet
  facet normal -0.195090325024359 -0.9807852798048562 0
    outer loop
      vertex 0.8317866817116739 -2.633036549389362 25.1
      vertex 1.46042165607214 -2.758079822361469 0.2999999999999998
      vertex 1.46042165607214 -2.758079822361469 25.1
    endloop
  endfacet
  facet normal -0.0654031266412686 -0.9978589234082873 0
    outer loop
      vertex 1.46042165607214 -2.758079822361469 25.1
      vertex 2.099999998509884 -2.8 0.2999999999999998
      vertex 2.099999998509884 -2.8 25.1
    endloop
  endfacet
  facet normal 0 1 0
    outer loop
      vertex -0.4 -0.4 4.5
      vertex -0.4 -0.4 25.1
      vertex 4.17 -0.4 19.25
    endloop
  endfacet
  facet normal 0 0 1
    outer loop
      vertex -0.3499999970197676 -2.1435244783759115 25.1
      vertex -0.4 -0.4 25.1
      vertex -0.8829310044646261 -1.7874313697218893 25.1
    endloop
  endfacet
  facet normal 0 0 1
    outer loop
      vertex 0.2248511806130411 -2.4270097121596335 25.1
      vertex 0.8317866817116739 -2.633036549389362 25.1
      vertex -0.4 -0.4 25.1
    endloop
  endfacet
  facet normal 0 0 1
    outer loop
      vertex -0.3499999970197676 -2.1435244783759115 25.1
      vertex 0.2248511806130411 -2.4270097121596335 25.1
      vertex -0.4 -0.4 25.1
    endloop
  endfacet
  facet normal 0 0 1
    outer loop
      vertex 0.8317866817116739 -2.633036549389362 25.1
      vertex 1.46042165607214 -2.758079822361469 25.1
      vertex -0.4 -0.4 25.1
    endloop
  endfacet
  facet normal 1 0 0
    outer loop
      vertex 4.17 -2.8 19.25
      vertex 4.17 -0.4 19.25
      vertex 4.17 -2.8 23.25
    endloop
  endfacet
  facet normal 1 0 0
    outer loop
      vertex 4.17 -0.4 19.25
      vertex 4.17 -0.4 23.25
      vertex 4.17 -2.8 23.25
    endloop
  endfacet
  facet normal 0 0 1
    outer loop
      vertex 4.17 -2.8 19.25
      vertex 17.17 -0.4 19.25
      vertex 4.17 -0.4 19.25
    endloop
  endfacet
  facet normal 0 1 0
    outer loop
      vertex 4.17 -0.4 19.25
      vertex -0.4 -0.4 25.1
      vertex 4.17 -0.4 23.25
    endloop
  endfacet
  facet normal 0 0 1
    outer loop
      vertex 1.46042165607214 -2.758079822361469 25.1
      vertex 2.099999998509884 -2.8 25.1
      vertex -0.4 -0.4 25.1
    endloop
  endfacet
  facet normal 0 -1 0
    outer loop
      vertex 2.099999998509884 -2.8 25.1
      vertex 4.17 -2.8 23.25
      vertex 17.17 -2.8 23.25
    endloop
  endfacet
  facet normal 0 0 -1
    outer loop
      vertex 4.17 -2.8 23.25
      vertex 4.17 -0.4 23.25
      vertex 17.17 -2.8 23.25
    endloop
  endfacet
  facet normal 0 1 0
    outer loop
      vertex -0.4 -0.4 25.1
      vertex 17.17 -0.4 23.25
      vertex 4.17 -0.4 23.25
    endloop
  endfacet
  facet normal 1 0 0
    outer loop
      vertex -0.4 -0.4 4.5
      vertex -0.4 6 16.1
      vertex -0.4 -0.4 25.1
    endloop
  endfacet
  facet normal 0 1 0
    outer loop
      vertex -2.8 6 9.1
      vertex -2.8 6 16.1
      vertex -0.4 6 16.1
    endloop
  endfacet
  facet normal -0.9807852798048562 -0.195090325024359 0
    outer loop
      vertex -2.633036549389362 0.8317866817116739 25.1
      vertex -2.758079822361469 1.46042165607214 25.1
      vertex -2.633036549389362 0.8317866817116739 0.2999999999999998
    endloop
  endfacet
  facet normal -0.9978589234082873 -0.0654031266412686 0
    outer loop
      vertex -2.758079822361469 1.46042165607214 25.1
      vertex -2.8 2.099999998509884 25.1
      vertex -2.758079822361469 1.46042165607214 0.2999999999999998
    endloop
  endfacet
  facet normal -1 0 0
    outer loop
      vertex -2.8 6 9.1
      vertex -2.8 2.099999998509884 25.1
      vertex -2.8 6 16.1
    endloop
  endfacet
  facet normal 0 0 -1
    outer loop
      vertex -2.8 6 16.1
      vertex -0.4 8 16.1
      vertex -0.4 6 16.1
    endloop
  endfacet
  facet normal -1 0 0
    outer loop
      vertex -2.8 10 9.1
      vertex -2.8 8 16.1
      vertex -2.8 10 16.1
    endloop
  endfacet
  facet normal 0 -1 0
    outer loop
      vertex -0.4 8 9.1
      vertex -0.4 8 16.1
      vertex -2.8 8 16.1
    endloop
  endfacet
  facet normal 1 0 0
    outer loop
      vertex -0.4 8 9.1
      vertex -0.4 10 16.1
      vertex -0.4 8 16.1
    endloop
  endfacet
  facet normal 0 1 0
    outer loop
      vertex -2.8 10 9.1
      vertex -2.8 10 16.1
      vertex -0.4 10 16.1
    endloop
  endfacet
  facet normal 0 -1 0
    outer loop
      vertex -0.4 12 9.1
      vertex -0.4 12 16.1
      vertex -2.8 12 16.1
    endloop
  endfacet
  facet normal 0 0 -1
    outer loop
      vertex -2.8 6 16.1
      vertex -2.8 8 16.1
      vertex -0.4 8 16.1
    endloop
  endfacet
  facet normal 0 0 -1
    outer loop
      vertex -2.8 10 16.1
      vertex -2.8 12 16.1
      vertex -0.4 12 16.1
    endloop
  endfacet
  facet normal 0 0 -1
    outer loop
      vertex -2.8 10 16.1
      vertex -0.4 12 16.1
      vertex -0.4 10 16.1
    endloop
  endfacet
  facet normal -1 0 0
    outer loop
      vertex -2.8 2.099999998509884 25.1
      vertex -2.8 8 16.1
      vertex -2.8 6 16.1
    endloop
  endfacet
  facet normal -1 0 0
    outer loop
      vertex -2.8 2.099999998509884 25.1
      vertex -2.8 10 16.1
      vertex -2.8 8 16.1
    endloop
  endfacet
  facet normal -1 0 0
    outer loop
      vertex -2.8 2.099999998509884 25.1
      vertex -2.8 12 16.1
      vertex -2.8 10 16.1
    endloop
  endfacet
  facet normal -1 0 0
    outer loop
      vertex -2.8 2.099999998509884 25.1
      vertex -2.8 14 16.1
      vertex -2.8 12 16.1
    endloop
  endfacet
  facet normal 0 0 1
    outer loop
      vertex -1.7874313697218893 -0.8829310044646261 25.1
      vertex -2.1435244783759115 25.349999998509883 25.1
      vertex -2.1435244783759115 -0.3499999970197676 25.1
    endloop
  endfacet
  facet normal 0 0 1
    outer loop
      vertex -2.633036549389362 0.8317866817116739 25.1
      vertex -2.758079822361469 23.539578345417976 25.1
      vertex -2.758079822361469 1.46042165607214 25.1
    endloop
  endfacet
  facet normal 0 0 1
    outer loop
      vertex -2.758079822361469 1.46042165607214 25.1
      vertex -2.8 22.90000000298023 25.1
      vertex -2.8 2.099999998509884 25.1
    endloop
  endfacet
  facet normal 0 0 1
    outer loop
      vertex -2.1435244783759115 -0.3499999970197676 25.1
      vertex -2.4270097121596335 24.775148820877074 25.1
      vertex -2.4270097121596335 0.2248511806130411 25.1
    endloop
  endfacet
  facet normal 0 0 1
    outer loop
      vertex -2.4270097121596335 0.2248511806130411 25.1
      vertex -2.633036549389362 24.16821331977844 25.1
      vertex -2.633036549389362 0.8317866817116739 25.1
    endloop
  endfacet
  facet normal 0 0 1
    outer loop
      vertex -1.3648232251405714 -1.3648232251405714 25.1
      vertex -1.7874313697218893 25.88293099850416 25.1
      vertex -1.7874313697218893 -0.8829310044646261 25.1
    endloop
  endfacet
  facet normal 0 0 1
    outer loop
      vertex -0.8829310044646261 -1.7874313697218893 25.1
      vertex -1.3648232251405714 26.364823226630687 25.1
      vertex -1.3648232251405714 -1.3648232251405714 25.1
    endloop
  endfacet
  facet normal 0 0 1
    outer loop
      vertex -0.8829310044646261 -1.7874313697218893 25.1
      vertex -0.4 -0.4 25.1
      vertex -0.8829310044646261 26.787431363761424 25.1
    endloop
  endfacet
  facet normal 1 0 0
    outer loop
      vertex -0.4 -0.4 25.1
      vertex -0.4 6 16.1
      vertex -0.4 25.400000000000002 25.1
    endloop
  endfacet
  facet normal 0 0 1
    outer loop
      vertex 4.17 -2.8 19.25
      vertex 17.17 -2.8 19.25
      vertex 17.17 -0.4 19.25
    endloop
  endfacet
  facet normal -1 0 0
    outer loop
      vertex 17.17 -2.8 19.25
      vertex 17.17 -0.4 23.25
      vertex 17.17 -0.4 19.25
    endloop
  endfacet
  facet normal -1 0 0
    outer loop
      vertex 17.17 -2.8 19.25
      vertex 17.17 -2.8 23.25
      vertex 17.17 -0.4 23.25
    endloop
  endfacet
  facet normal 0 1 0
    outer loop
      vertex 17.17 -0.4 19.25
      vertex 17.17 -0.4 23.25
      vertex 22.5 -0.4 21.3
    endloop
  endfacet
  facet normal 0 0 -1
    outer loop
      vertex 4.17 -0.4 23.25
      vertex 17.17 -0.4 23.25
      vertex 17.17 -2.8 23.25
    endloop
  endfacet
  facet normal 0 0 1
    outer loop
      vertex 2.099999998509884 -2.8 25.1
      vertex 37.440000000000005 -0.4 25.1
      vertex -0.4 -0.4 25.1
    endloop
  endfacet
  facet normal 0 1 0
    outer loop
      vertex -0.4 -0.4 25.1
      vertex 22.5 -0.4 23.5
      vertex 17.17 -0.4 23.25
    endloop
  endfacet
  facet normal 0 1 0
    outer loop
      vertex -0.4 -0.4 25.1
      vertex 32.5 -0.4 23.5
      vertex 22.5 -0.4 23.5
    endloop
  endfacet
  facet normal 0 -1 0
    outer loop
      vertex 17.17 -2.8 19.25
      vertex 37.440000000000005 -2.8 24.1
      vertex 17.17 -2.8 23.25
    endloop
  endfacet
  facet normal 0 -1 0
    outer loop
      vertex 2.099999998509884 -2.8 25.1
      vertex 17.17 -2.8 23.25
      vertex 37.440000000000005 -2.8 25.1
    endloop
  endfacet
  facet normal 0 1 0
    outer loop
      vertex 22.5 -0.4 21.3
      vertex 17.17 -0.4 23.25
      vertex 22.5 -0.4 23.5
    endloop
  endfacet
  facet normal 1 0 0
    outer loop
      vertex 22.5 -1.3 21.3
      vertex 22.5 -0.4 21.3
      vertex 22.5 -1.3 23.5
    endloop
  endfacet
  facet normal 1 0 0
    outer loop
      vertex 22.5 -0.4 21.3
      vertex 22.5 -0.4 23.5
      vertex 22.5 -1.3 23.5
    endloop
  endfacet
  facet normal 0 1 0
    outer loop
      vertex -0.4 -0.4 25.1
      vertex 37.440000000000005 -0.4 24.1
      vertex 32.5 -0.4 23.5
    endloop
  endfacet
  facet normal 0 0 1
    outer loop
      vertex 22.5 -1.3 21.3
      vertex 32.5 -0.4 21.3
      vertex 22.5 -0.4 21.3
    endloop
  endfacet
  facet normal 0 0 1
    outer loop
      vertex 22.5 -1.3 21.3
      vertex 32.5 -1.3 21.3
      vertex 32.5 -0.4 21.3
    endloop
  endfacet
  facet normal 0 1 0
    outer loop
      vertex 22.5 -1.3 21.3
      vertex 22.5 -1.3 23.5
      vertex 32.5 -1.3 23.5
    endloop
  endfacet
  facet normal 0 0 -1
    outer loop
      vertex 22.5 -1.3 23.5
      vertex 22.5 -0.4 23.5
      vertex 32.5 -1.3 23.5
    endloop
  endfacet
  facet normal 0 1 0
    outer loop
      vertex 22.5 -1.3 21.3
      vertex 32.5 -1.3 23.5
      vertex 32.5 -1.3 21.3
    endloop
  endfacet
  facet normal 0 0 -1
    outer loop
      vertex 22.5 -0.4 23.5
      vertex 32.5 -0.4 23.5
      vertex 32.5 -1.3 23.5
    endloop
  endfacet
  facet normal 0 0 1
    outer loop
      vertex 2.099999998509884 -2.8 25.1
      vertex 37.440000000000005 -2.8 25.1
      vertex 37.440000000000005 -0.4 25.1
    endloop
  endfacet
  facet normal 0 1 0
    outer loop
      vertex -0.4 -0.4 25.1
      vertex 37.440000000000005 -0.4 25.1
      vertex 37.440000000000005 -0.4 24.1
    endloop
  endfacet
  facet normal 0 -1 0
    outer loop
      vertex 17.17 -2.8 23.25
      vertex 37.440000000000005 -2.8 24.1
      vertex 37.440000000000005 -2.8 25.1
    endloop
  endfacet
  facet normal -1 0 0
    outer loop
      vertex 32.5 -1.3 21.3
      vertex 32.5 -0.4 23.5
      vertex 32.5 -0.4 21.3
    endloop
  endfacet
  facet normal -1 0 0
    outer loop
      vertex 32.5 -1.3 21.3
      vertex 32.5 -1.3 23.5
      vertex 32.5 -0.4 23.5
    endloop
  endfacet
  facet normal 0 0 -1
    outer loop
      vertex -2.8 5.2 0
      vertex -2.8 19.8 0
      vertex -2.7939392432471664 19.800297745886486 0
    endloop
  endfacet
  facet normal -1 0 0
    outer loop
      vertex -2.8 19.8 0
      vertex -2.8 5.2 0.2999999999999998
      vertex -2.8 19.8 0.2999999999999998
    endloop
  endfacet
  facet normal 0 0 -1
    outer loop
      vertex -2.7653883853639263 5.198299640407495 0
      vertex -2.7939392432471664 19.800297745886486 0
      vertex -2.068674925844134 19.8359276970507 0
    endloop
  endfacet
  facet normal 0 0 -1
    outer loop
      vertex -1.7874313697218893 19.87240679989332 0
      vertex -1.8691845129660751 5.139720133344172 0
      vertex -2.068674925844134 19.8359276970507 0
    endloop
  endfacet
  facet normal 0 0 -1
    outer loop
      vertex -1.7874313697218893 5.1275932001066815 0
      vertex -1.7874313697218893 19.87240679989332 0
      vertex -1.2550420094042938 19.951379301410938 0
    endloop
  endfacet
  facet normal 0 0 -1
    outer loop
      vertex -0.8829310044646261 4.957022111853692 0
      vertex -1.2550420094042938 19.951379301410938 0
      vertex -0.8829310044646261 20.042977888146307 0
    endloop
  endfacet
  facet normal 0 0 -1
    outer loop
      vertex -0.8829310044646261 4.957022111853692 0
      vertex -0.8829310044646261 20.042977888146307 0
      vertex -0.759263478702624 20.07395499074881 0
    endloop
  endfacet
  facet normal 0 0 -1
    outer loop
      vertex -0.3499999970197676 20.190177185776562 0
      vertex -0.47859924496594286 4.83767780050973 0
      vertex -0.759263478702624 20.07395499074881 0
    endloop
  endfacet
  facet normal 0 0 -1
    outer loop
      vertex 0.8317866817116739 1.4180782153388583 0
      vertex 0.36555693260375505 20.45819439450285 0
      vertex 0.8317866817116739 20.678704643303544 0
    endloop
  endfacet
  facet normal 0 0 -1
    outer loop
      vertex 0.8317866817116739 1.4180782153388583 0
      vertex 0.8317866817116739 20.678704643303544 0
      vertex 0.9742342374396319 20.746464184115613 0
    endloop
  endfacet
  facet normal 0 0 -1
    outer loop
      vertex -0.3499999970197676 4.809822814223437 0
      vertex -0.3499999970197676 20.190177185776562 0
      vertex 0.2248511806130411 20.395862226037977 0
    endloop
  endfacet
  facet normal 0 0 -1
    outer loop
      vertex 0.2248511806130411 3.845694792450848 0
      vertex 0.2248511806130411 20.395862226037977 0
      vertex 0.36555693260375505 20.45819439450285 0
    endloop
  endfacet
  facet normal 1 0 0
    outer loop
      vertex 0.7999999999999999 0.7999999999999999 2
      vertex 0.7999999999999999 24.200000000000003 2
      vertex 0.7999999999999999 24.200000000000003 4.5
    endloop
  endfacet
  facet normal -1 0 0
    outer loop
      vertex -2.8 12 9.1
      vertex -2.8 14 9.1
      vertex -2.8 19.8 0.2999999999999998
    endloop
  endfacet
  facet normal 0 0 1
    outer loop
      vertex -0.4 -0.4 4.5
      vertex 0.7999999999999999 24.200000000000003 4.5
      vertex -0.4 25.400000000000002 4.5
    endloop
  endfacet
  facet normal -1 0 0
    outer loop
      vertex -2.8 14 9.1
      vertex -2.8 16 9.1
      vertex -2.8 19.8 0.2999999999999998
    endloop
  endfacet
  facet normal -1 0 0
    outer loop
      vertex -2.8 16 9.1
      vertex -2.8 18 9.1
      vertex -2.8 19.8 0.2999999999999998
    endloop
  endfacet
  facet normal -0.5141027441932201 -0.857728610000273 0
    outer loop
      vertex -7.244561864156817 21.148243101579638 0
      vertex -6.5711738946079805 20.74462988521316 0
      vertex -6.5711738946079805 20.74462988521316 0.2999999999999998
    endloop
  endfacet
  facet normal -0.5141027441932201 -0.857728610000273 0
    outer loop
      vertex -7.244561864156817 21.148243101579638 0
      vertex -6.5711738946079805 20.74462988521316 0.2999999999999998
      vertex -7.244561864156817 21.148243101579638 0.2999999999999998
    endloop
  endfacet
  facet normal -0.33688985339222405 -0.9415440651830194 0
    outer loop
      vertex -5.861467458920718 20.40896373990971 0
      vertex -5.122277418035699 20.14447731414233 0
      vertex -5.122277418035699 20.14447731414233 0.2999999999999998
    endloop
  endfacet
  facet normal -0.33688985339222405 -0.9415440651830194 0
    outer loop
      vertex -5.861467458920718 20.40896373990971 0
      vertex -5.122277418035699 20.14447731414233 0.2999999999999998
      vertex -5.861467458920718 20.40896373990971 0.2999999999999998
    endloop
  endfacet
  facet normal -0.427555093430281 -0.9039892931234439 0
    outer loop
      vertex -6.5711738946079805 20.74462988521316 0
      vertex -5.861467458920718 20.40896373990971 0
      vertex -5.861467458920718 20.40896373990971 0.2999999999999998
    endloop
  endfacet
  facet normal -0.427555093430281 -0.9039892931234439 0
    outer loop
      vertex -6.5711738946079805 20.74462988521316 0
      vertex -5.861467458920718 20.40896373990971 0.2999999999999998
      vertex -6.5711738946079805 20.74462988521316 0.2999999999999998
    endloop
  endfacet
  facet normal -0.671558954847018 -0.7409511253549594 0
    outer loop
      vertex -7.875146273309164 21.615916373098106 0
      vertex -7.875146273309164 21.615916373098106 0.2999999999999998
      vertex -8.45685424949238 22.14314575050762 0
    endloop
  endfacet
  facet normal -0.74095112535496 -0.6715589548470174 0
    outer loop
      vertex -8.45685424949238 22.14314575050762 0
      vertex -8.984083626901896 22.72485372669084 0.2999999999999998
      vertex -8.984083626901896 22.72485372669084 0
    endloop
  endfacet
  facet normal -0.74095112535496 -0.6715589548470174 0
    outer loop
      vertex -8.45685424949238 22.14314575050762 0
      vertex -8.45685424949238 22.14314575050762 0.2999999999999998
      vertex -8.984083626901896 22.72485372669084 0.2999999999999998
    endloop
  endfacet
  facet normal -0.671558954847018 -0.7409511253549594 0
    outer loop
      vertex -8.45685424949238 22.14314575050762 0
      vertex -7.875146273309164 21.615916373098106 0.2999999999999998
      vertex -8.45685424949238 22.14314575050762 0.2999999999999998
    endloop
  endfacet
  facet normal -0.8577286100002723 -0.5141027441932213 0
    outer loop
      vertex -9.451756898420362 23.355438135843183 0
      vertex -9.451756898420362 23.355438135843183 0.2999999999999998
      vertex -9.85537011478684 24.02882610539202 0.2999999999999998
    endloop
  endfacet
  facet normal -0.8577286100002723 -0.5141027441932213 0
    outer loop
      vertex -9.451756898420362 23.355438135843183 0
      vertex -9.85537011478684 24.02882610539202 0.2999999999999998
      vertex -9.85537011478684 24.02882610539202 0
    endloop
  endfacet
  facet normal -0.8032075314806444 -0.595699304492434 0
    outer loop
      vertex -8.984083626901896 22.72485372669084 0
      vertex -8.984083626901896 22.72485372669084 0.2999999999999998
      vertex -9.451756898420362 23.355438135843183 0.2999999999999998
    endloop
  endfacet
  facet normal -0.8032075314806444 -0.595699304492434 0
    outer loop
      vertex -9.451756898420362 23.355438135843183 0
      vertex -8.984083626901896 22.72485372669084 0
      vertex -9.451756898420362 23.355438135843183 0.2999999999999998
    endloop
  endfacet
  facet normal -0.5956993044924344 -0.803207531480644 0
    outer loop
      vertex -7.244561864156817 21.148243101579638 0
      vertex -7.244561864156817 21.148243101579638 0.2999999999999998
      vertex -7.875146273309164 21.615916373098106 0
    endloop
  endfacet
  facet normal -0.5956993044924344 -0.803207531480644 0
    outer loop
      vertex -7.875146273309164 21.615916373098106 0
      vertex -7.244561864156817 21.148243101579638 0.2999999999999998
      vertex -7.875146273309164 21.615916373098106 0.2999999999999998
    endloop
  endfacet
  facet normal -0.24298017990326204 -0.9700312531945445 0
    outer loop
      vertex -5.122277418035699 20.14447731414233 0
      vertex -4.360722576129026 19.953717756774157 0
      vertex -4.360722576129026 19.953717756774157 0.2999999999999998
    endloop
  endfacet
  facet normal -0.24298017990326204 -0.9700312531945445 0
    outer loop
      vertex -5.122277418035699 20.14447731414233 0
      vertex -4.360722576129026 19.953717756774157 0.2999999999999998
      vertex -5.122277418035699 20.14447731414233 0.2999999999999998
    endloop
  endfacet
  facet normal -0.14673047445536008 -0.9891765099647812 0
    outer loop
      vertex -4.360722576129026 19.953717756774157 0
      vertex -3.5841371226364847 19.838522186622427 0
      vertex -3.5841371226364847 19.838522186622427 0.2999999999999998
    endloop
  endfacet
  facet normal -0.14673047445536008 -0.9891765099647812 0
    outer loop
      vertex -4.360722576129026 19.953717756774157 0
      vertex -3.5841371226364847 19.838522186622427 0.2999999999999998
      vertex -4.360722576129026 19.953717756774157 0.2999999999999998
    endloop
  endfacet
  facet normal -0.04906767432741983 -0.9987954562051723 0
    outer loop
      vertex -3.5841371226364847 19.838522186622427 0
      vertex -2.8 19.8 0
      vertex -2.8 19.8 0.2999999999999998
    endloop
  endfacet
  facet normal -0.04906767432741983 -0.9987954562051723 0
    outer loop
      vertex -3.5841371226364847 19.838522186622427 0
      vertex -2.8 19.8 0.2999999999999998
      vertex -3.5841371226364847 19.838522186622427 0.2999999999999998
    endloop
  endfacet
  facet normal 0 0 -1
    outer loop
      vertex -3.5841371226364847 19.838522186622427 0
      vertex -2.8 22.90000000298023 0
      vertex -2.8 19.8 0
    endloop
  endfacet
  facet normal 0 0 -1
    outer loop
      vertex -2.8 19.8 0
      vertex -2.8 22.90000000298023 0
      vertex -2.7939392432471664 19.800297745886486 0
    endloop
  endfacet
  facet normal 0 0 -1
    outer loop
      vertex -0.3499999970197676 20.190177185776562 0
      vertex -0.759263478702624 20.07395499074881 0
      vertex -0.3499999970197676 22.744330256960456 0
    endloop
  endfacet
  facet normal 0 0 -1
    outer loop
      vertex -0.3499999970197676 20.190177185776562 0
      vertex -0.3499999970197676 22.744330256960456 0
      vertex 0.2248511806130411 20.395862226037977 0
    endloop
  endfacet
  facet normal 0 0 -1
    outer loop
      vertex 0.8317866817116739 20.678704643303544 0
      vertex 0.36555693260375505 20.45819439450285 0
      vertex 0.9711738946079813 20.894415282816933 0
    endloop
  endfacet
  facet normal 0 0 -1
    outer loop
      vertex 0.8317866817116739 20.678704643303544 0
      vertex 0.9711738946079813 20.894415282816933 0
      vertex 0.9742342374396319 20.746464184115613 0
    endloop
  endfacet
  facet normal 0 0 -1
    outer loop
      vertex -2.068674925844134 19.8359276970507 0
      vertex -2.7939392432471664 19.800297745886486 0
      vertex -2.015862877363515 25.541059086807234 0
    endloop
  endfacet
  facet normal 0 0 -1
    outer loop
      vertex -2.068674925844134 19.8359276970507 0
      vertex -2.015862877363515 25.541059086807234 0
      vertex -1.7874313697218893 24.488352344948552 0
    endloop
  endfacet
  facet normal 0 0 -1
    outer loop
      vertex -1.7874313697218893 19.87240679989332 0
      vertex -2.068674925844134 19.8359276970507 0
      vertex -1.7874313697218893 24.488352344948552 0
    endloop
  endfacet
  facet normal 0 0 -1
    outer loop
      vertex -1.7874313697218893 19.87240679989332 0
      vertex -1.7874313697218893 24.488352344948552 0
      vertex -1.2550420094042938 19.951379301410938 0
    endloop
  endfacet
  facet normal 0 0 -1
    outer loop
      vertex -0.8829310044646261 20.042977888146307 0
      vertex -1.2550420094042938 19.951379301410938 0
      vertex -1.2392774238709738 26.474923939866333 0
    endloop
  endfacet
  facet normal 0 0 -1
    outer loop
      vertex -0.8829310044646261 20.042977888146307 0
      vertex -0.9044873146075257 26.768526987052198 0
      vertex -0.759263478702624 20.07395499074881 0
    endloop
  endfacet
  facet normal 0 0 -1
    outer loop
      vertex 0.2248511806130411 20.395862226037977 0
      vertex 0.26146745892071843 25.613494072917057 0
      vertex 0.36555693260375505 20.45819439450285 0
    endloop
  endfacet
  facet normal 0 0 -1
    outer loop
      vertex -0.759263478702624 20.07395499074881 0
      vertex -0.4777225819643012 27.058182976679912 0
      vertex -0.3499999970197676 22.744330256960456 0
    endloop
  endfacet
  facet normal 0 0 -1
    outer loop
      vertex -1.2550420094042938 19.951379301410938 0
      vertex -1.7874313697218893 24.488352344948552 0
      vertex -1.2392774238709738 26.474923939866333 0
    endloop
  endfacet
  facet normal 0 0 -1
    outer loop
      vertex 0.2248511806130411 20.395862226037977 0
      vertex -0.3499999970197676 22.744330256960456 0
      vertex 0.26146745892071843 25.613494072917057 0
    endloop
  endfacet
  facet normal -1 0 0
    outer loop
      vertex -2.8 20 9.1
      vertex -2.8 22.90000000298023 0.2999999999999998
      vertex -2.8 19.8 0.2999999999999998
    endloop
  endfacet
  facet normal -1 0 0
    outer loop
      vertex -2.8 18 9.1
      vertex -2.8 20 9.1
      vertex -2.8 19.8 0.2999999999999998
    endloop
  endfacet
  facet normal 0 0 -1
    outer loop
      vertex 1.46042165607214 0.1034968542943 0
      vertex 0.9742342374396319 20.746464184115613 0
      vertex 1.5993324472110264 21.12113363233845 0
    endloop
  endfacet
  facet normal 0 0 -1
    outer loop
      vertex 2.099999998509884 -0.18110069941195617 0
      vertex 1.5993324472110264 21.12113363233845 0
      vertex 2.099999998509884 21.486019042715707 0
    endloop
  endfacet
  facet normal 0 0 -1
    outer loop
      vertex 1.5993324472110264 21.12113363233845 0
      vertex 0.9742342374396319 20.746464184115613 0
      vertex 1.6445618641568176 27.77014901025318 0
    endloop
  endfacet
  facet normal 0 0 -1
    outer loop
      vertex 2.099999998509884 21.486019042715707 0
      vertex 1.5993324472110264 21.12113363233845 0
      vertex 1.6445618641568176 27.77014901025318 0
    endloop
  endfacet
  facet normal 0 0 1
    outer loop
      vertex -2.8 14 9.1
      vertex -0.4 14 9.1
      vertex -2.8 16 9.1
    endloop
  endfacet
  facet normal 0 0 1
    outer loop
      vertex -0.4 14 9.1
      vertex -0.4 16 9.1
      vertex -2.8 16 9.1
    endloop
  endfacet
  facet normal 1 0 0
    outer loop
      vertex -0.4 10 9.1
      vertex -0.4 25.400000000000002 4.5
      vertex -0.4 12 9.1
    endloop
  endfacet
  facet normal 1 0 0
    outer loop
      vertex -0.4 12 9.1
      vertex -0.4 25.400000000000002 4.5
      vertex -0.4 14 9.1
    endloop
  endfacet
  facet normal -1 0 0
    outer loop
      vertex -2.8 12 9.1
      vertex -2.8 12 16.1
      vertex -2.8 14 9.1
    endloop
  endfacet
  facet normal 1 0 0
    outer loop
      vertex -0.4 12 9.1
      vertex -0.4 14 9.1
      vertex -0.4 14 16.1
    endloop
  endfacet
  facet normal 0 1 0
    outer loop
      vertex -2.8 14 9.1
      vertex -0.4 14 16.1
      vertex -0.4 14 9.1
    endloop
  endfacet
  facet normal 0 -1 0
    outer loop
      vertex -2.8 16 9.1
      vertex -0.4 16 9.1
      vertex -2.8 16 16.1
    endloop
  endfacet
  facet normal -1 0 0
    outer loop
      vertex -2.8 16 9.1
      vertex -2.8 16 16.1
      vertex -2.8 18 9.1
    endloop
  endfacet
  facet normal 0 1 0
    outer loop
      vertex -2.8 18 9.1
      vertex -0.4 18 16.1
      vertex -0.4 18 9.1
    endloop
  endfacet
  facet normal 1 0 0
    outer loop
      vertex -0.4 16 9.1
      vertex -0.4 18 9.1
      vertex -0.4 18 16.1
    endloop
  endfacet
  facet normal 1 0 0
    outer loop
      vertex -0.4 14 9.1
      vertex -0.4 25.400000000000002 4.5
      vertex -0.4 16 9.1
    endloop
  endfacet
  facet normal 1 0 0
    outer loop
      vertex -0.4 16 9.1
      vertex -0.4 25.400000000000002 4.5
      vertex -0.4 18 9.1
    endloop
  endfacet
  facet normal 1 0 0
    outer loop
      vertex -0.4 18 9.1
      vertex -0.4 25.400000000000002 4.5
      vertex -0.4 20 9.1
    endloop
  endfacet
  facet normal 0 0 1
    outer loop
      vertex -2.8 18 9.1
      vertex -0.4 18 9.1
      vertex -2.8 20 9.1
    endloop
  endfacet
  facet normal -1 0 0
    outer loop
      vertex -2.8 20 9.1
      vertex -2.8 20 16.1
      vertex -2.8 22.90000000298023 0.2999999999999998
    endloop
  endfacet
  facet normal 0 0 1
    outer loop
      vertex -0.4 18 9.1
      vertex -0.4 20 9.1
      vertex -2.8 20 9.1
    endloop
  endfacet
  facet normal -0.9978589234082873 0.0654031266412686 0
    outer loop
      vertex -2.758079822361469 23.539578345417976 25.1
      vertex -2.758079822361469 23.539578345417976 0.2999999999999998
      vertex -2.8 22.90000000298023 0.2999999999999998
    endloop
  endfacet
  facet normal -0.9807852798048562 0.195090325024359 0
    outer loop
      vertex -2.633036549389362 24.16821331977844 25.1
      vertex -2.633036549389362 24.16821331977844 0.2999999999999998
      vertex -2.758079822361469 23.539578345417976 0.2999999999999998
    endloop
  endfacet
  facet normal 0 -1 0
    outer loop
      vertex -2.8 20 9.1
      vertex -0.4 20 9.1
      vertex -2.8 20 16.1
    endloop
  endfacet
  facet normal 1 0 0
    outer loop
      vertex -0.4 20 9.1
      vertex -0.4 25.400000000000002 4.5
      vertex -0.4 20 16.1
    endloop
  endfacet
  facet normal -0.9039892931234439 -0.427555093430281 0
    outer loop
      vertex -9.85537011478684 24.02882610539202 0
      vertex -10.191036260090293 24.738532541079284 0.2999999999999998
      vertex -10.191036260090293 24.738532541079284 0
    endloop
  endfacet
  facet normal -0.9039892931234439 -0.427555093430281 0
    outer loop
      vertex -9.85537011478684 24.02882610539202 0
      vertex -9.85537011478684 24.02882610539202 0.2999999999999998
      vertex -10.191036260090293 24.738532541079284 0.2999999999999998
    endloop
  endfacet
  facet normal -0.9415440651830206 -0.3368898533922208 0
    outer loop
      vertex -10.191036260090293 24.738532541079284 0
      vertex -10.45552268585767 25.4777225819643 0.2999999999999998
      vertex -10.45552268585767 25.4777225819643 0
    endloop
  endfacet
  facet normal -0.9415440651830206 -0.3368898533922208 0
    outer loop
      vertex -10.191036260090293 24.738532541079284 0
      vertex -10.191036260090293 24.738532541079284 0.2999999999999998
      vertex -10.45552268585767 25.4777225819643 0.2999999999999998
    endloop
  endfacet
  facet normal -0.9700312531945433 -0.24298017990326626 0
    outer loop
      vertex -10.45552268585767 25.4777225819643 0
      vertex -10.45552268585767 25.4777225819643 0.2999999999999998
      vertex -10.646282243225844 26.239277423870973 0.2999999999999998
    endloop
  endfacet
  facet normal -0.9700312531945433 -0.24298017990326626 0
    outer loop
      vertex -10.45552268585767 25.4777225819643 0
      vertex -10.646282243225844 26.239277423870973 0.2999999999999998
      vertex -10.646282243225844 26.239277423870973 0
    endloop
  endfacet
  facet normal 0 0 1
    outer loop
      vertex -9.451756898420362 23.355438135843183 0.2999999999999998
      vertex -9.85537011478684 31.57117389460798 0.2999999999999998
      vertex -9.85537011478684 24.02882610539202 0.2999999999999998
    endloop
  endfacet
  facet normal -0.9891765099647813 -0.1467304744553597 0
    outer loop
      vertex -10.646282243225844 26.239277423870973 0
      vertex -10.646282243225844 26.239277423870973 0.2999999999999998
      vertex -10.761477813377574 27.015862877363517 0.2999999999999998
    endloop
  endfacet
  facet normal 0 0 1
    outer loop
      vertex -9.85537011478684 24.02882610539202 0.2999999999999998
      vertex -10.191036260090293 30.861467458920718 0.2999999999999998
      vertex -10.191036260090293 24.738532541079284 0.2999999999999998
    endloop
  endfacet
  facet normal -0.9891765099647813 -0.1467304744553597 0
    outer loop
      vertex -10.646282243225844 26.239277423870973 0
      vertex -10.761477813377574 27.015862877363517 0.2999999999999998
      vertex -10.761477813377574 27.015862877363517 0
    endloop
  endfacet
  facet normal 0 0 -1
    outer loop
      vertex -10.191036260090293 24.738532541079284 0
      vertex -10.45552268585767 25.4777225819643 0
      vertex -10.191036260090293 30.861467458920718 0
    endloop
  endfacet
  facet normal 0 0 1
    outer loop
      vertex -10.45552268585767 25.4777225819643 0.2999999999999998
      vertex -10.646282243225844 29.360722576129028 0.2999999999999998
      vertex -10.646282243225844 26.239277423870973 0.2999999999999998
    endloop
  endfacet
  facet normal 0 0 1
    outer loop
      vertex -10.191036260090293 24.738532541079284 0.2999999999999998
      vertex -10.45552268585767 30.1222774180357 0.2999999999999998
      vertex -10.45552268585767 25.4777225819643 0.2999999999999998
    endloop
  endfacet
  facet normal 0 0 -1
    outer loop
      vertex -9.451756898420362 23.355438135843183 0
      vertex -9.85537011478684 24.02882610539202 0
      vertex -9.451756898420362 32.24456186415682 0
    endloop
  endfacet
  facet normal 0 0 -1
    outer loop
      vertex -9.85537011478684 24.02882610539202 0
      vertex -10.191036260090293 24.738532541079284 0
      vertex -9.85537011478684 31.57117389460798 0
    endloop
  endfacet
  facet normal 0 0 1
    outer loop
      vertex -8.45685424949238 22.14314575050762 0.2999999999999998
      vertex -8.984083626901896 32.87514627330916 0.2999999999999998
      vertex -8.984083626901896 22.72485372669084 0.2999999999999998
    endloop
  endfacet
  facet normal 0 0 -1
    outer loop
      vertex -9.451756898420362 23.355438135843183 0
      vertex -8.984083626901896 32.87514627330916 0
      vertex -8.984083626901896 22.72485372669084 0
    endloop
  endfacet
  facet normal 0 0 -1
    outer loop
      vertex -8.45685424949238 22.14314575050762 0
      vertex -8.984083626901896 22.72485372669084 0
      vertex -8.45685424949238 33.45685424949238 0
    endloop
  endfacet
  facet normal 0 0 1
    outer loop
      vertex -9.451756898420362 23.355438135843183 0.2999999999999998
      vertex -8.984083626901896 22.72485372669084 0.2999999999999998
      vertex -9.451756898420362 32.24456186415682 0.2999999999999998
    endloop
  endfacet
  facet normal 0 0 -1
    outer loop
      vertex -7.875146273309164 21.615916373098106 0
      vertex -8.45685424949238 22.14314575050762 0
      vertex -7.875146273309164 33.9840836269019 0
    endloop
  endfacet
  facet normal 0 0 1
    outer loop
      vertex -7.875146273309164 21.615916373098106 0.2999999999999998
      vertex -8.45685424949238 33.45685424949238 0.2999999999999998
      vertex -8.45685424949238 22.14314575050762 0.2999999999999998
    endloop
  endfacet
  facet normal 0 0 1
    outer loop
      vertex -7.244561864156817 21.148243101579638 0.2999999999999998
      vertex -7.875146273309164 33.9840836269019 0.2999999999999998
      vertex -7.875146273309164 21.615916373098106 0.2999999999999998
    endloop
  endfacet
  facet normal 0 0 -1
    outer loop
      vertex -7.244561864156817 21.148243101579638 0
      vertex -6.5711738946079805 34.855370114786844 0
      vertex -6.5711738946079805 20.74462988521316 0
    endloop
  endfacet
  facet normal 0 0 1
    outer loop
      vertex -7.244561864156817 21.148243101579638 0.2999999999999998
      vertex -6.5711738946079805 20.74462988521316 0.2999999999999998
      vertex -7.244561864156817 34.45175689842036 0.2999999999999998
    endloop
  endfacet
  facet normal 0 0 -1
    outer loop
      vertex -6.5711738946079805 20.74462988521316 0
      vertex -5.861467458920718 35.19103626009029 0
      vertex -5.861467458920718 20.40896373990971 0
    endloop
  endfacet
  facet normal 0 0 1
    outer loop
      vertex -6.5711738946079805 20.74462988521316 0.2999999999999998
      vertex -5.861467458920718 20.40896373990971 0.2999999999999998
      vertex -6.5711738946079805 34.855370114786844 0.2999999999999998
    endloop
  endfacet
  facet normal 0 0 -1
    outer loop
      vertex -5.861467458920718 20.40896373990971 0
      vertex -5.122277418035699 35.45552268585767 0
      vertex -5.122277418035699 20.14447731414233 0
    endloop
  endfacet
  facet normal 0 0 1
    outer loop
      vertex -5.861467458920718 20.40896373990971 0.2999999999999998
      vertex -5.122277418035699 20.14447731414233 0.2999999999999998
      vertex -5.861467458920718 35.19103626009029 0.2999999999999998
    endloop
  endfacet
  facet normal 0 0 -1
    outer loop
      vertex -7.244561864156817 21.148243101579638 0
      vertex -7.875146273309164 21.615916373098106 0
      vertex -7.244561864156817 34.45175689842036 0
    endloop
  endfacet
  facet normal 0 0 -1
    outer loop
      vertex -10.45552268585767 25.4777225819643 0
      vertex -10.646282243225844 26.239277423870973 0
      vertex -10.45552268585767 30.1222774180357 0
    endloop
  endfacet
  facet normal -0.9987954562051723 -0.049067674327419916 0
    outer loop
      vertex -10.761477813377574 27.015862877363517 0
      vertex -10.761477813377574 27.015862877363517 0.2999999999999998
      vertex -10.8 27.8 0.2999999999999998
    endloop
  endfacet
  facet normal 0 0 1
    outer loop
      vertex -10.646282243225844 26.239277423870973 0.2999999999999998
      vertex -10.761477813377574 28.584137122636484 0.2999999999999998
      vertex -10.761477813377574 27.015862877363517 0.2999999999999998
    endloop
  endfacet
  facet normal 0 0 -1
    outer loop
      vertex -10.646282243225844 26.239277423870973 0
      vertex -10.761477813377574 27.015862877363517 0
      vertex -10.646282243225844 29.360722576129028 0
    endloop
  endfacet
  facet normal -0.9987954562051723 -0.049067674327419916 0
    outer loop
      vertex -10.761477813377574 27.015862877363517 0
      vertex -10.8 27.8 0.2999999999999998
      vertex -10.8 27.8 0
    endloop
  endfacet
  facet normal 0 0 -1
    outer loop
      vertex -10.761477813377574 27.015862877363517 0
      vertex -10.8 27.8 0
      vertex -10.761477813377574 28.584137122636484 0
    endloop
  endfacet
  facet normal 0 0 1
    outer loop
      vertex -10.761477813377574 27.015862877363517 0.2999999999999998
      vertex -10.761477813377574 28.584137122636484 0.2999999999999998
      vertex -10.8 27.8 0.2999999999999998
    endloop
  endfacet
  facet normal -0.9987954562051723 0.049067674327419916 0
    outer loop
      vertex -10.8 27.8 0
      vertex -10.8 27.8 0.2999999999999998
      vertex -10.761477813377574 28.584137122636484 0.2999999999999998
    endloop
  endfacet
  facet normal 0 0 1
    outer loop
      vertex -10.646282243225844 26.239277423870973 0.2999999999999998
      vertex -10.646282243225844 29.360722576129028 0.2999999999999998
      vertex -10.761477813377574 28.584137122636484 0.2999999999999998
    endloop
  endfacet
  facet normal 0 0 -1
    outer loop
      vertex -10.761477813377574 27.015862877363517 0
      vertex -10.761477813377574 28.584137122636484 0
      vertex -10.646282243225844 29.360722576129028 0
    endloop
  endfacet
  facet normal -0.9987954562051723 0.049067674327419916 0
    outer loop
      vertex -10.8 27.8 0
      vertex -10.761477813377574 28.584137122636484 0.2999999999999998
      vertex -10.761477813377574 28.584137122636484 0
    endloop
  endfacet
  facet normal 0 0 1
    outer loop
      vertex -10.45552268585767 25.4777225819643 0.2999999999999998
      vertex -10.45552268585767 30.1222774180357 0.2999999999999998
      vertex -10.646282243225844 29.360722576129028 0.2999999999999998
    endloop
  endfacet
  facet normal 0 0 -1
    outer loop
      vertex -10.646282243225844 26.239277423870973 0
      vertex -10.646282243225844 29.360722576129028 0
      vertex -10.45552268585767 30.1222774180357 0
    endloop
  endfacet
  facet normal 0 0 -1
    outer loop
      vertex -10.45552268585767 25.4777225819643 0
      vertex -10.45552268585767 30.1222774180357 0
      vertex -10.191036260090293 30.861467458920718 0
    endloop
  endfacet
  facet normal -0.9891765099647813 0.1467304744553597 0
    outer loop
      vertex -10.761477813377574 28.584137122636484 0
      vertex -10.761477813377574 28.584137122636484 0.2999999999999998
      vertex -10.646282243225844 29.360722576129028 0.2999999999999998
    endloop
  endfacet
  facet normal 0 0 1
    outer loop
      vertex -10.191036260090293 24.738532541079284 0.2999999999999998
      vertex -10.191036260090293 30.861467458920718 0.2999999999999998
      vertex -10.45552268585767 30.1222774180357 0.2999999999999998
    endloop
  endfacet
  facet normal -0.9891765099647813 0.1467304744553597 0
    outer loop
      vertex -10.761477813377574 28.584137122636484 0
      vertex -10.646282243225844 29.360722576129028 0.2999999999999998
      vertex -10.646282243225844 29.360722576129028 0
    endloop
  endfacet
  facet normal 0 0 -1
    outer loop
      vertex -10.191036260090293 24.738532541079284 0
      vertex -10.191036260090293 30.861467458920718 0
      vertex -9.85537011478684 31.57117389460798 0
    endloop
  endfacet
  facet normal 0 0 1
    outer loop
      vertex -9.85537011478684 24.02882610539202 0.2999999999999998
      vertex -9.85537011478684 31.57117389460798 0.2999999999999998
      vertex -10.191036260090293 30.861467458920718 0.2999999999999998
    endloop
  endfacet
  facet normal 0 0 1
    outer loop
      vertex -9.451756898420362 23.355438135843183 0.2999999999999998
      vertex -9.451756898420362 32.24456186415682 0.2999999999999998
      vertex -9.85537011478684 31.57117389460798 0.2999999999999998
    endloop
  endfacet
  facet normal -0.9700312531945433 0.24298017990326626 0
    outer loop
      vertex -10.646282243225844 29.360722576129028 0
      vertex -10.45552268585767 30.1222774180357 0.2999999999999998
      vertex -10.45552268585767 30.1222774180357 0
    endloop
  endfacet
  facet normal -0.9700312531945433 0.24298017990326626 0
    outer loop
      vertex -10.646282243225844 29.360722576129028 0
      vertex -10.646282243225844 29.360722576129028 0.2999999999999998
      vertex -10.45552268585767 30.1222774180357 0.2999999999999998
    endloop
  endfacet
  facet normal 0 0 -1
    outer loop
      vertex -9.85537011478684 24.02882610539202 0
      vertex -9.85537011478684 31.57117389460798 0
      vertex -9.451756898420362 32.24456186415682 0
    endloop
  endfacet
  facet normal 0 0 -1
    outer loop
      vertex -9.451756898420362 23.355438135843183 0
      vertex -9.451756898420362 32.24456186415682 0
      vertex -8.984083626901896 32.87514627330916 0
    endloop
  endfacet
  facet normal 0 0 1
    outer loop
      vertex -8.984083626901896 22.72485372669084 0.2999999999999998
      vertex -8.984083626901896 32.87514627330916 0.2999999999999998
      vertex -9.451756898420362 32.24456186415682 0.2999999999999998
    endloop
  endfacet
  facet normal 0 0 1
    outer loop
      vertex -8.45685424949238 22.14314575050762 0.2999999999999998
      vertex -8.45685424949238 33.45685424949238 0.2999999999999998
      vertex -8.984083626901896 32.87514627330916 0.2999999999999998
    endloop
  endfacet
  facet normal 0 0 -1
    outer loop
      vertex -8.984083626901896 22.72485372669084 0
      vertex -8.984083626901896 32.87514627330916 0
      vertex -8.45685424949238 33.45685424949238 0
    endloop
  endfacet
  facet normal 0 0 -1
    outer loop
      vertex -8.45685424949238 22.14314575050762 0
      vertex -8.45685424949238 33.45685424949238 0
      vertex -7.875146273309164 33.9840836269019 0
    endloop
  endfacet
  facet normal 0 0 1
    outer loop
      vertex -7.875146273309164 21.615916373098106 0.2999999999999998
      vertex -7.875146273309164 33.9840836269019 0.2999999999999998
      vertex -8.45685424949238 33.45685424949238 0.2999999999999998
    endloop
  endfacet
  facet normal 0 0 1
    outer loop
      vertex -7.244561864156817 21.148243101579638 0.2999999999999998
      vertex -7.244561864156817 34.45175689842036 0.2999999999999998
      vertex -7.875146273309164 33.9840836269019 0.2999999999999998
    endloop
  endfacet
  facet normal 0 0 1
    outer loop
      vertex -5.122277418035699 20.14447731414233 0.2999999999999998
      vertex -4.360722576129026 19.953717756774157 0.2999999999999998
      vertex -5.122277418035699 35.45552268585767 0.2999999999999998
    endloop
  endfacet
  facet normal 0 0 -1
    outer loop
      vertex -5.122277418035699 20.14447731414233 0
      vertex -4.360722576129026 35.64628224322584 0
      vertex -4.360722576129026 19.953717756774157 0
    endloop
  endfacet
  facet normal 0 0 -1
    outer loop
      vertex -4.360722576129026 19.953717756774157 0
      vertex -3.5841371226364847 35.761477813377574 0
      vertex -3.5841371226364847 19.838522186622427 0
    endloop
  endfacet
  facet normal 0 0 1
    outer loop
      vertex -4.360722576129026 19.953717756774157 0.2999999999999998
      vertex -3.5841371226364847 19.838522186622427 0.2999999999999998
      vertex -4.360722576129026 35.64628224322584 0.2999999999999998
    endloop
  endfacet
  facet normal 0 0 1
    outer loop
      vertex -3.5841371226364847 19.838522186622427 0.2999999999999998
      vertex -2.8 19.8 0.2999999999999998
      vertex -3.5841371226364847 35.761477813377574 0.2999999999999998
    endloop
  endfacet
  facet normal 0 0 -1
    outer loop
      vertex -3.5841371226364847 19.838522186622427 0
      vertex -2.8 35.8 0
      vertex -2.8 22.90000000298023 0
    endloop
  endfacet
  facet normal 0 0 1
    outer loop
      vertex -3.5841371226364847 35.761477813377574 0.2999999999999998
      vertex -2.8 19.8 0.2999999999999998
      vertex -2.8 22.90000000298023 0.2999999999999998
    endloop
  endfacet
  facet normal 0 0 -1
    outer loop
      vertex -2.015862877363515 35.761477813377574 0
      vertex -2.7939392432471664 19.800297745886486 0
      vertex -2.8 22.90000000298023 0
    endloop
  endfacet
  facet normal 0 0 -1
    outer loop
      vertex -2.015862877363515 35.761477813377574 0
      vertex -2.015862877363515 25.541059086807234 0
      vertex -2.7939392432471664 19.800297745886486 0
    endloop
  endfacet
  facet normal 0 0 -1
    outer loop
      vertex -0.8829310044646261 20.042977888146307 0
      vertex -1.2392774238709738 26.474923939866333 0
      vertex -0.9044873146075257 26.768526987052198 0
    endloop
  endfacet
  facet normal 0 0 -1
    outer loop
      vertex -0.759263478702624 20.07395499074881 0
      vertex -0.9044873146075257 26.768526987052198 0
      vertex -0.4777225819643012 27.058182976679912 0
    endloop
  endfacet
  facet normal 0 0 -1
    outer loop
      vertex 0.9711738946079813 34.855370114786844 0
      vertex 0.9711738946079813 20.894415282816933 0
      vertex 0.36555693260375505 20.45819439450285 0
    endloop
  endfacet
  facet normal 0 0 -1
    outer loop
      vertex 0.9711738946079813 34.855370114786844 0
      vertex 0.36555693260375505 20.45819439450285 0
      vertex 0.26146745892071843 25.613494072917057 0
    endloop
  endfacet
  facet normal 0 0 1
    outer loop
      vertex -2.8 35.8 0.2999999999999998
      vertex -2.8 22.90000000298023 0.2999999999999998
      vertex -2.758079822361469 23.539578345417976 0.2999999999999998
    endloop
  endfacet
  facet normal 0 0 1
    outer loop
      vertex -2.8 35.8 0.2999999999999998
      vertex -2.758079822361469 23.539578345417976 0.2999999999999998
      vertex -2.633036549389362 24.16821331977844 0.2999999999999998
    endloop
  endfacet
  facet normal 0 0 1
    outer loop
      vertex -2.8 35.8 0.2999999999999998
      vertex -2.633036549389362 24.16821331977844 0.2999999999999998
      vertex -2.4270097121596335 24.775148820877074 0.2999999999999998
    endloop
  endfacet
  facet normal 0 0 1
    outer loop
      vertex -2.8 35.8 0.2999999999999998
      vertex -2.4270097121596335 24.775148820877074 0.2999999999999998
      vertex -2.1435244783759115 25.349999998509883 0.2999999999999998
    endloop
  endfacet
  facet normal 0 0 1
    outer loop
      vertex -2.015862877363515 35.761477813377574 0.2999999999999998
      vertex -2.1435244783759115 25.349999998509883 0.2999999999999998
      vertex -1.7874313697218893 25.88293099850416 0.2999999999999998
    endloop
  endfacet
  facet normal 0 0 -1
    outer loop
      vertex 0.26146745892071843 35.19103626009029 0
      vertex 0.26146745892071843 25.613494072917057 0
      vertex -0.3499999970197676 22.744330256960456 0
    endloop
  endfacet
  facet normal 0 0 -1
    outer loop
      vertex 0.26146745892071843 35.19103626009029 0
      vertex -0.3499999970197676 22.744330256960456 0
      vertex -0.4777225819643012 27.058182976679912 0
    endloop
  endfacet
  facet normal 0 0 -1
    outer loop
      vertex -1.2392774238709738 35.64628224322584 0
      vertex -1.7874313697218893 24.488352344948552 0
      vertex -2.015862877363515 25.541059086807234 0
    endloop
  endfacet
  facet normal 0 0 -1
    outer loop
      vertex -1.2392774238709738 35.64628224322584 0
      vertex -1.2392774238709738 26.474923939866333 0
      vertex -1.7874313697218893 24.488352344948552 0
    endloop
  endfacet
  facet normal 0 0 1
    outer loop
      vertex -2.015862877363515 35.761477813377574 0.2999999999999998
      vertex -1.7874313697218893 25.88293099850416 0.2999999999999998
      vertex -1.3648232251405714 26.364823226630687 0.2999999999999998
    endloop
  endfacet
  facet normal 0 0 1
    outer loop
      vertex -1.2392774238709738 35.64628224322584 0.2999999999999998
      vertex -1.3648232251405714 26.364823226630687 0.2999999999999998
      vertex -0.8829310044646261 26.787431363761424 0.2999999999999998
    endloop
  endfacet
  facet normal 0 0 -1
    outer loop
      vertex -1.2392774238709738 35.64628224322584 0
      vertex -0.9044873146075257 26.768526987052198 0
      vertex -1.2392774238709738 26.474923939866333 0
    endloop
  endfacet
  facet normal 0 0 -1
    outer loop
      vertex -0.4777225819643012 35.45552268585767 0
      vertex -0.4777225819643012 27.058182976679912 0
      vertex -0.9044873146075257 26.768526987052198 0
    endloop
  endfacet
  facet normal 0 0 1
    outer loop
      vertex -0.4777225819643012 35.45552268585767 0.2999999999999998
      vertex -0.8829310044646261 26.787431363761424 0.2999999999999998
      vertex -0.3499999970197676 27.143524479866027 0.2999999999999998
    endloop
  endfacet
  facet normal 0 0 1
    outer loop
      vertex 0.26146745892071843 35.19103626009029 0.2999999999999998
      vertex -0.3499999970197676 27.143524479866027 0.2999999999999998
      vertex 0.2248511806130411 27.42700970619917 0.2999999999999998
    endloop
  endfacet
  facet normal 0 0 1
    outer loop
      vertex 0.9711738946079813 34.855370114786844 0.2999999999999998
      vertex 0.2248511806130411 27.42700970619917 0.2999999999999998
      vertex 0.8317866817116739 27.633036550879478 0.2999999999999998
    endloop
  endfacet
  facet normal -0.9415440651830206 0.3368898533922208 0
    outer loop
      vertex -10.45552268585767 30.1222774180357 0
      vertex -10.191036260090293 30.861467458920718 0.2999999999999998
      vertex -10.191036260090293 30.861467458920718 0
    endloop
  endfacet
  facet normal -0.9415440651830206 0.3368898533922208 0
    outer loop
      vertex -10.45552268585767 30.1222774180357 0
      vertex -10.45552268585767 30.1222774180357 0.2999999999999998
      vertex -10.191036260090293 30.861467458920718 0.2999999999999998
    endloop
  endfacet
  facet normal -0.9039892931234439 0.427555093430281 0
    outer loop
      vertex -10.191036260090293 30.861467458920718 0
      vertex -10.191036260090293 30.861467458920718 0.2999999999999998
      vertex -9.85537011478684 31.57117389460798 0.2999999999999998
    endloop
  endfacet
  facet normal -0.9039892931234439 0.427555093430281 0
    outer loop
      vertex -10.191036260090293 30.861467458920718 0
      vertex -9.85537011478684 31.57117389460798 0.2999999999999998
      vertex -9.85537011478684 31.57117389460798 0
    endloop
  endfacet
  facet normal -0.8577286100002736 0.5141027441932193 0
    outer loop
      vertex -9.85537011478684 31.57117389460798 0
      vertex -9.451756898420362 32.24456186415682 0.2999999999999998
      vertex -9.451756898420362 32.24456186415682 0
    endloop
  endfacet
  facet normal -0.8577286100002736 0.5141027441932193 0
    outer loop
      vertex -9.85537011478684 31.57117389460798 0
      vertex -9.85537011478684 31.57117389460798 0.2999999999999998
      vertex -9.451756898420362 32.24456186415682 0.2999999999999998
    endloop
  endfacet
  facet normal -0.8032075314806427 0.5956993044924362 0
    outer loop
      vertex -9.451756898420362 32.24456186415682 0
      vertex -9.451756898420362 32.24456186415682 0.2999999999999998
      vertex -8.984083626901896 32.87514627330916 0.2999999999999998
    endloop
  endfacet
  facet normal -0.8032075314806427 0.5956993044924362 0
    outer loop
      vertex -9.451756898420362 32.24456186415682 0
      vertex -8.984083626901896 32.87514627330916 0.2999999999999998
      vertex -8.984083626901896 32.87514627330916 0
    endloop
  endfacet
  facet normal 0 0 -1
    outer loop
      vertex -7.875146273309164 21.615916373098106 0
      vertex -7.875146273309164 33.9840836269019 0
      vertex -7.244561864156817 34.45175689842036 0
    endloop
  endfacet
  facet normal 0 0 -1
    outer loop
      vertex -7.244561864156817 21.148243101579638 0
      vertex -7.244561864156817 34.45175689842036 0
      vertex -6.5711738946079805 34.855370114786844 0
    endloop
  endfacet
  facet normal 0 0 1
    outer loop
      vertex -6.5711738946079805 20.74462988521316 0.2999999999999998
      vertex -6.5711738946079805 34.855370114786844 0.2999999999999998
      vertex -7.244561864156817 34.45175689842036 0.2999999999999998
    endloop
  endfacet
  facet normal 0 0 -1
    outer loop
      vertex -6.5711738946079805 20.74462988521316 0
      vertex -6.5711738946079805 34.855370114786844 0
      vertex -5.861467458920718 35.19103626009029 0
    endloop
  endfacet
  facet normal 0 0 1
    outer loop
      vertex -5.861467458920718 20.40896373990971 0.2999999999999998
      vertex -5.861467458920718 35.19103626009029 0.2999999999999998
      vertex -6.5711738946079805 34.855370114786844 0.2999999999999998
    endloop
  endfacet
  facet normal 0 0 1
    outer loop
      vertex -5.122277418035699 20.14447731414233 0.2999999999999998
      vertex -5.122277418035699 35.45552268585767 0.2999999999999998
      vertex -5.861467458920718 35.19103626009029 0.2999999999999998
    endloop
  endfacet
  facet normal 0 0 -1
    outer loop
      vertex -5.861467458920718 20.40896373990971 0
      vertex -5.861467458920718 35.19103626009029 0
      vertex -5.122277418035699 35.45552268585767 0
    endloop
  endfacet
  facet normal -0.74095112535496 0.6715589548470174 0
    outer loop
      vertex -8.984083626901896 32.87514627330916 0
      vertex -8.984083626901896 32.87514627330916 0.2999999999999998
      vertex -8.45685424949238 33.45685424949238 0.2999999999999998
    endloop
  endfacet
  facet normal -0.74095112535496 0.6715589548470174 0
    outer loop
      vertex -8.984083626901896 32.87514627330916 0
      vertex -8.45685424949238 33.45685424949238 0.2999999999999998
      vertex -8.45685424949238 33.45685424949238 0
    endloop
  endfacet
  facet normal -0.6715589548470206 0.7409511253549571 0
    outer loop
      vertex -8.45685424949238 33.45685424949238 0
      vertex -8.45685424949238 33.45685424949238 0.2999999999999998
      vertex -7.875146273309164 33.9840836269019 0
    endloop
  endfacet
  facet normal -0.6715589548470206 0.7409511253549571 0
    outer loop
      vertex -7.875146273309164 33.9840836269019 0
      vertex -8.45685424949238 33.45685424949238 0.2999999999999998
      vertex -7.875146273309164 33.9840836269019 0.2999999999999998
    endloop
  endfacet
  facet normal -0.5956993044924315 0.8032075314806464 0
    outer loop
      vertex -7.875146273309164 33.9840836269019 0
      vertex -7.875146273309164 33.9840836269019 0.2999999999999998
      vertex -7.244561864156817 34.45175689842036 0
    endloop
  endfacet
  facet normal -0.5956993044924315 0.8032075314806464 0
    outer loop
      vertex -7.244561864156817 34.45175689842036 0
      vertex -7.875146273309164 33.9840836269019 0.2999999999999998
      vertex -7.244561864156817 34.45175689842036 0.2999999999999998
    endloop
  endfacet
  facet normal -0.5141027441932234 0.857728610000271 0
    outer loop
      vertex -7.244561864156817 34.45175689842036 0
      vertex -7.244561864156817 34.45175689842036 0.2999999999999998
      vertex -6.5711738946079805 34.855370114786844 0
    endloop
  endfacet
  facet normal -0.5141027441932234 0.857728610000271 0
    outer loop
      vertex -6.5711738946079805 34.855370114786844 0
      vertex -7.244561864156817 34.45175689842036 0.2999999999999998
      vertex -6.5711738946079805 34.855370114786844 0.2999999999999998
    endloop
  endfacet
  facet normal -0.4275550934302773 0.9039892931234457 0
    outer loop
      vertex -6.5711738946079805 34.855370114786844 0
      vertex -6.5711738946079805 34.855370114786844 0.2999999999999998
      vertex -5.861467458920718 35.19103626009029 0
    endloop
  endfacet
  facet normal -0.4275550934302773 0.9039892931234457 0
    outer loop
      vertex -5.861467458920718 35.19103626009029 0
      vertex -6.5711738946079805 34.855370114786844 0.2999999999999998
      vertex -5.861467458920718 35.19103626009029 0.2999999999999998
    endloop
  endfacet
  facet normal -0.33688985339222405 0.9415440651830194 0
    outer loop
      vertex -5.861467458920718 35.19103626009029 0
      vertex -5.861467458920718 35.19103626009029 0.2999999999999998
      vertex -5.122277418035699 35.45552268585767 0
    endloop
  endfacet
  facet normal -0.33688985339222405 0.9415440651830194 0
    outer loop
      vertex -5.122277418035699 35.45552268585767 0
      vertex -5.861467458920718 35.19103626009029 0.2999999999999998
      vertex -5.122277418035699 35.45552268585767 0.2999999999999998
    endloop
  endfacet
  facet normal 0 0 -1
    outer loop
      vertex -5.122277418035699 20.14447731414233 0
      vertex -5.122277418035699 35.45552268585767 0
      vertex -4.360722576129026 35.64628224322584 0
    endloop
  endfacet
  facet normal 0 0 1
    outer loop
      vertex -4.360722576129026 19.953717756774157 0.2999999999999998
      vertex -4.360722576129026 35.64628224322584 0.2999999999999998
      vertex -5.122277418035699 35.45552268585767 0.2999999999999998
    endloop
  endfacet
  facet normal 0 0 -1
    outer loop
      vertex -4.360722576129026 19.953717756774157 0
      vertex -4.360722576129026 35.64628224322584 0
      vertex -3.5841371226364847 35.761477813377574 0
    endloop
  endfacet
  facet normal 0 0 1
    outer loop
      vertex -3.5841371226364847 19.838522186622427 0.2999999999999998
      vertex -3.5841371226364847 35.761477813377574 0.2999999999999998
      vertex -4.360722576129026 35.64628224322584 0.2999999999999998
    endloop
  endfacet
  facet normal 0 0 -1
    outer loop
      vertex -3.5841371226364847 19.838522186622427 0
      vertex -3.5841371226364847 35.761477813377574 0
      vertex -2.8 35.8 0
    endloop
  endfacet
  facet normal 0 0 1
    outer loop
      vertex -3.5841371226364847 35.761477813377574 0.2999999999999998
      vertex -2.8 22.90000000298023 0.2999999999999998
      vertex -2.8 35.8 0.2999999999999998
    endloop
  endfacet
  facet normal 0 0 -1
    outer loop
      vertex -2.8 35.8 0
      vertex -2.015862877363515 35.761477813377574 0
      vertex -2.8 22.90000000298023 0
    endloop
  endfacet
  facet normal 0 0 1
    outer loop
      vertex -2.8 35.8 0.2999999999999998
      vertex -2.1435244783759115 25.349999998509883 0.2999999999999998
      vertex -2.015862877363515 35.761477813377574 0.2999999999999998
    endloop
  endfacet
  facet normal 0 0 -1
    outer loop
      vertex -2.015862877363515 35.761477813377574 0
      vertex -1.2392774238709738 35.64628224322584 0
      vertex -2.015862877363515 25.541059086807234 0
    endloop
  endfacet
  facet normal 0 0 1
    outer loop
      vertex -2.015862877363515 35.761477813377574 0.2999999999999998
      vertex -1.3648232251405714 26.364823226630687 0.2999999999999998
      vertex -1.2392774238709738 35.64628224322584 0.2999999999999998
    endloop
  endfacet
  facet normal 0 0 -1
    outer loop
      vertex -1.2392774238709738 35.64628224322584 0
      vertex -0.4777225819643012 35.45552268585767 0
      vertex -0.9044873146075257 26.768526987052198 0
    endloop
  endfacet
  facet normal 0 0 1
    outer loop
      vertex -1.2392774238709738 35.64628224322584 0.2999999999999998
      vertex -0.8829310044646261 26.787431363761424 0.2999999999999998
      vertex -0.4777225819643012 35.45552268585767 0.2999999999999998
    endloop
  endfacet
  facet normal 0 0 -1
    outer loop
      vertex 0.9711738946079813 34.855370114786844 0
      vertex 0.26146745892071843 25.613494072917057 0
      vertex 0.26146745892071843 35.19103626009029 0
    endloop
  endfacet
  facet normal 0 0 -1
    outer loop
      vertex -0.4777225819643012 35.45552268585767 0
      vertex 0.26146745892071843 35.19103626009029 0
      vertex -0.4777225819643012 27.058182976679912 0
    endloop
  endfacet
  facet normal 0 0 1
    outer loop
      vertex -0.4777225819643012 35.45552268585767 0.2999999999999998
      vertex -0.3499999970197676 27.143524479866027 0.2999999999999998
      vertex 0.26146745892071843 35.19103626009029 0.2999999999999998
    endloop
  endfacet
  facet normal 0 0 1
    outer loop
      vertex 0.9711738946079813 34.855370114786844 0.2999999999999998
      vertex 0.26146745892071843 35.19103626009029 0.2999999999999998
      vertex 0.2248511806130411 27.42700970619917 0.2999999999999998
    endloop
  endfacet
  facet normal -0.24298017990325776 0.9700312531945455 0
    outer loop
      vertex -5.122277418035699 35.45552268585767 0
      vertex -5.122277418035699 35.45552268585767 0.2999999999999998
      vertex -4.360722576129026 35.64628224322584 0
    endloop
  endfacet
  facet normal -0.24298017990325776 0.9700312531945455 0
    outer loop
      vertex -4.360722576129026 35.64628224322584 0
      vertex -5.122277418035699 35.45552268585767 0.2999999999999998
      vertex -4.360722576129026 35.64628224322584 0.2999999999999998
    endloop
  endfacet
  facet normal -0.14673047445536452 0.9891765099647805 0
    outer loop
      vertex -4.360722576129026 35.64628224322584 0
      vertex -4.360722576129026 35.64628224322584 0.2999999999999998
      vertex -3.5841371226364847 35.761477813377574 0
    endloop
  endfacet
  facet normal -0.14673047445536452 0.9891765099647805 0
    outer loop
      vertex -3.5841371226364847 35.761477813377574 0
      vertex -4.360722576129026 35.64628224322584 0.2999999999999998
      vertex -3.5841371226364847 35.761477813377574 0.2999999999999998
    endloop
  endfacet
  facet normal -0.04906767432741532 0.9987954562051725 0
    outer loop
      vertex -3.5841371226364847 35.761477813377574 0
      vertex -3.5841371226364847 35.761477813377574 0.2999999999999998
      vertex -2.8 35.8 0
    endloop
  endfacet
  facet normal -0.04906767432741532 0.9987954562051725 0
    outer loop
      vertex -2.8 35.8 0
      vertex -3.5841371226364847 35.761477813377574 0.2999999999999998
      vertex -2.8 35.8 0.2999999999999998
    endloop
  endfacet
  facet normal 0.04906767432741532 0.9987954562051725 0
    outer loop
      vertex -2.8 35.8 0
      vertex -2.8 35.8 0.2999999999999998
      vertex -2.015862877363515 35.761477813377574 0
    endloop
  endfacet
  facet normal 0.04906767432741532 0.9987954562051725 0
    outer loop
      vertex -2.015862877363515 35.761477813377574 0
      vertex -2.8 35.8 0.2999999999999998
      vertex -2.015862877363515 35.761477813377574 0.2999999999999998
    endloop
  endfacet
  facet normal 0.14673047445536463 0.9891765099647806 0
    outer loop
      vertex -2.015862877363515 35.761477813377574 0
      vertex -2.015862877363515 35.761477813377574 0.2999999999999998
      vertex -1.2392774238709738 35.64628224322584 0
    endloop
  endfacet
  facet normal 0.14673047445536463 0.9891765099647806 0
    outer loop
      vertex -1.2392774238709738 35.64628224322584 0
      vertex -2.015862877363515 35.761477813377574 0.2999999999999998
      vertex -1.2392774238709738 35.64628224322584 0.2999999999999998
    endloop
  endfacet
  facet normal 0.24298017990325776 0.9700312531945455 0
    outer loop
      vertex -1.2392774238709738 35.64628224322584 0
      vertex -1.2392774238709738 35.64628224322584 0.2999999999999998
      vertex -0.4777225819643012 35.45552268585767 0
    endloop
  endfacet
  facet normal 0.24298017990325776 0.9700312531945455 0
    outer loop
      vertex -0.4777225819643012 35.45552268585767 0
      vertex -1.2392774238709738 35.64628224322584 0.2999999999999998
      vertex -0.4777225819643012 35.45552268585767 0.2999999999999998
    endloop
  endfacet
  facet normal 0.4275550934302773 0.9039892931234457 0
    outer loop
      vertex 0.9711738946079813 34.855370114786844 0
      vertex 0.26146745892071843 35.19103626009029 0.2999999999999998
      vertex 0.9711738946079813 34.855370114786844 0.2999999999999998
    endloop
  endfacet
  facet normal 0.3368898533922237 0.9415440651830196 0
    outer loop
      vertex -0.4777225819643012 35.45552268585767 0
      vertex -0.4777225819643012 35.45552268585767 0.2999999999999998
      vertex 0.26146745892071843 35.19103626009029 0
    endloop
  endfacet
  facet normal 0.3368898533922237 0.9415440651830196 0
    outer loop
      vertex 0.26146745892071843 35.19103626009029 0
      vertex -0.4777225819643012 35.45552268585767 0.2999999999999998
      vertex 0.26146745892071843 35.19103626009029 0.2999999999999998
    endloop
  endfacet
  facet normal 0.4275550934302773 0.9039892931234457 0
    outer loop
      vertex 0.9711738946079813 34.855370114786844 0
      vertex 0.26146745892071843 35.19103626009029 0
      vertex 0.26146745892071843 35.19103626009029 0.2999999999999998
    endloop
  endfacet
  facet normal 0 0 -1
    outer loop
      vertex 1.6445618641568176 34.45175689842036 0
      vertex 0.9742342374396319 20.746464184115613 0
      vertex 0.9711738946079813 20.894415282816933 0
    endloop
  endfacet
  facet normal 0 0 -1
    outer loop
      vertex 2.099999998509884 21.486019042715707 0
      vertex 2.275146273309164 27.721953168681328 0
      vertex 5.0807652367489045 26.471742883502923 0
    endloop
  endfacet
  facet normal 0 0 -1
    outer loop
      vertex 2.099999998509884 21.486019042715707 0
      vertex 1.6445618641568176 27.77014901025318 0
      vertex 1.970926115442138 27.791540052571158 0
    endloop
  endfacet
  facet normal 0 0 -1
    outer loop
      vertex 2.099999998509884 21.486019042715707 0
      vertex 1.970926115442138 27.791540052571158 0
      vertex 2.275146273309164 27.721953168681328 0
    endloop
  endfacet
  facet normal 0 0 -1
    outer loop
      vertex 1.6445618641568176 34.45175689842036 0
      vertex 1.6445618641568176 27.77014901025318 0
      vertex 0.9742342374396319 20.746464184115613 0
    endloop
  endfacet
  facet normal 0 0 1
    outer loop
      vertex 1.6445618641568176 34.45175689842036 0.2999999999999998
      vertex 0.8317866817116739 27.633036550879478 0.2999999999999998
      vertex 1.46042165607214 27.758079823851585 0.2999999999999998
    endloop
  endfacet
  facet normal 0 0 -1
    outer loop
      vertex 2.275146273309164 33.9840836269019 0
      vertex 1.970926115442138 27.791540052571158 0
      vertex 1.6445618641568176 27.77014901025318 0
    endloop
  endfacet
  facet normal 0 0 -1
    outer loop
      vertex 2.275146273309164 33.9840836269019 0
      vertex 2.275146273309164 27.721953168681328 0
      vertex 1.970926115442138 27.791540052571158 0
    endloop
  endfacet
  facet normal 0 0 1
    outer loop
      vertex 2.275146273309164 33.9840836269019 0.2999999999999998
      vertex 1.46042165607214 27.758079823851585 0.2999999999999998
      vertex 2.099999998509884 27.800000001490115 0.2999999999999998
    endloop
  endfacet
  facet normal 0 0 -1
    outer loop
      vertex 2.8568542494923808 33.45685424949238 0
      vertex 5.0807652367489045 26.471742883502923 0
      vertex 2.275146273309164 27.721953168681328 0
    endloop
  endfacet
  facet normal 0 0 1
    outer loop
      vertex 4.855522685857671 30.1222774180357 0.2999999999999998
      vertex 4.591036260090294 30.861467458920718 0.2999999999999998
      vertex 2.099999998509884 27.800000001490115 0.2999999999999998
    endloop
  endfacet
  facet normal 0 0 -1
    outer loop
      vertex 5.0807652367489045 26.471742883502923 0
      vertex 5.161477813377576 27.800000001490115 0
      vertex 5.199999999926796 27.800000001490115 0
    endloop
  endfacet
  facet normal 0 0 -1
    outer loop
      vertex 5.161477813377576 28.584137122636484 0
      vertex 5.161477813377576 27.800000001490115 0
      vertex 5.0807652367489045 26.471742883502923 0
    endloop
  endfacet
  facet normal 0 0 1
    outer loop
      vertex 5.161477813377576 28.584137122636484 0.2999999999999998
      vertex 2.099999998509884 27.800000001490115 0.2999999999999998
      vertex 5.199999999926796 27.800000001490115 0.2999999999999998
    endloop
  endfacet
  facet normal 0 0 -1
    outer loop
      vertex 5.161477813377576 28.584137122636484 0
      vertex 5.199999999926796 27.800000001490115 0
      vertex 5.161477813377576 27.800000001490115 0
    endloop
  endfacet
  facet normal 0 0 -1
    outer loop
      vertex 5.161477813377576 28.584137122636484 0
      vertex 5.0807652367489045 26.471742883502923 0
      vertex 5.046282243225844 29.360722576129028 0
    endloop
  endfacet
  facet normal 0.9987954562051724 0.04906767432741778 0
    outer loop
      vertex 5.161477813377576 28.584137122636484 0
      vertex 5.199999999926796 27.800000001490115 0.2999999999999998
      vertex 5.199999999926796 27.800000001490115 0
    endloop
  endfacet
  facet normal 0.9987954562051724 0.04906767432741778 0
    outer loop
      vertex 5.161477813377576 28.584137122636484 0
      vertex 5.161477813377576 28.584137122636484 0.2999999999999998
      vertex 5.199999999926796 27.800000001490115 0.2999999999999998
    endloop
  endfacet
  facet normal 0 0 1
    outer loop
      vertex 5.161477813377576 28.584137122636484 0.2999999999999998
      vertex 5.046282243225844 29.360722576129028 0.2999999999999998
      vertex 2.099999998509884 27.800000001490115 0.2999999999999998
    endloop
  endfacet
  facet normal 0 0 1
    outer loop
      vertex 5.046282243225844 29.360722576129028 0.2999999999999998
      vertex 4.855522685857671 30.1222774180357 0.2999999999999998
      vertex 2.099999998509884 27.800000001490115 0.2999999999999998
    endloop
  endfacet
  facet normal 0 0 -1
    outer loop
      vertex 5.046282243225844 29.360722576129028 0
      vertex 5.0807652367489045 26.471742883502923 0
      vertex 4.855522685857671 30.1222774180357 0
    endloop
  endfacet
  facet normal 0.989176509964781 0.14673047445536191 0
    outer loop
      vertex 5.161477813377576 28.584137122636484 0
      vertex 5.046282243225844 29.360722576129028 0
      vertex 5.161477813377576 28.584137122636484 0.2999999999999998
    endloop
  endfacet
  facet normal 0 0 -1
    outer loop
      vertex 4.855522685857671 30.1222774180357 0
      vertex 5.0807652367489045 26.471742883502923 0
      vertex 4.591036260090294 30.861467458920718 0
    endloop
  endfacet
  facet normal 0.989176509964781 0.14673047445536191 0
    outer loop
      vertex 5.046282243225844 29.360722576129028 0
      vertex 5.046282243225844 29.360722576129028 0.2999999999999998
      vertex 5.161477813377576 28.584137122636484 0.2999999999999998
    endloop
  endfacet
  facet normal 0 0 -1
    outer loop
      vertex 4.591036260090294 30.861467458920718 0
      vertex 5.0807652367489045 26.471742883502923 0
      vertex 4.255370114786841 31.57117389460798 0
    endloop
  endfacet
  facet normal 0.970031253194544 0.24298017990326418 0
    outer loop
      vertex 5.046282243225844 29.360722576129028 0
      vertex 4.855522685857671 30.1222774180357 0
      vertex 5.046282243225844 29.360722576129028 0.2999999999999998
    endloop
  endfacet
  facet normal 0.970031253194544 0.24298017990326418 0
    outer loop
      vertex 4.855522685857671 30.1222774180357 0
      vertex 4.855522685857671 30.1222774180357 0.2999999999999998
      vertex 5.046282243225844 29.360722576129028 0.2999999999999998
    endloop
  endfacet
  facet normal 0 0 -1
    outer loop
      vertex 0.9711738946079813 34.855370114786844 0
      vertex 1.6445618641568176 34.45175689842036 0
      vertex 0.9711738946079813 20.894415282816933 0
    endloop
  endfacet
  facet normal 0 0 1
    outer loop
      vertex 4.591036260090294 30.861467458920718 0.2999999999999998
      vertex 4.255370114786841 31.57117389460798 0.2999999999999998
      vertex 2.099999998509884 27.800000001490115 0.2999999999999998
    endloop
  endfacet
  facet normal 0 0 1
    outer loop
      vertex 3.851756898420362 32.24456186415682 0.2999999999999998
      vertex 2.099999998509884 27.800000001490115 0.2999999999999998
      vertex 4.255370114786841 31.57117389460798 0.2999999999999998
    endloop
  endfacet
  facet normal 0 0 1
    outer loop
      vertex 3.851756898420362 32.24456186415682 0.2999999999999998
      vertex 3.384083626901896 32.87514627330916 0.2999999999999998
      vertex 2.099999998509884 27.800000001490115 0.2999999999999998
    endloop
  endfacet
  facet normal 0 0 1
    outer loop
      vertex 3.384083626901896 32.87514627330916 0.2999999999999998
      vertex 2.8568542494923808 33.45685424949238 0.2999999999999998
      vertex 2.099999998509884 27.800000001490115 0.2999999999999998
    endloop
  endfacet
  facet normal 0 0 -1
    outer loop
      vertex 3.384083626901896 32.87514627330916 0
      vertex 5.0807652367489045 26.471742883502923 0
      vertex 2.8568542494923808 33.45685424949238 0
    endloop
  endfacet
  facet normal 0 0 -1
    outer loop
      vertex 2.275146273309164 33.9840836269019 0
      vertex 2.8568542494923808 33.45685424949238 0
      vertex 2.275146273309164 27.721953168681328 0
    endloop
  endfacet
  facet normal 0 0 1
    outer loop
      vertex 2.275146273309164 33.9840836269019 0.2999999999999998
      vertex 2.099999998509884 27.800000001490115 0.2999999999999998
      vertex 2.8568542494923808 33.45685424949238 0.2999999999999998
    endloop
  endfacet
  facet normal 0 0 -1
    outer loop
      vertex 2.275146273309164 33.9840836269019 0
      vertex 1.6445618641568176 27.77014901025318 0
      vertex 1.6445618641568176 34.45175689842036 0
    endloop
  endfacet
  facet normal 0 0 1
    outer loop
      vertex 2.275146273309164 33.9840836269019 0.2999999999999998
      vertex 1.6445618641568176 34.45175689842036 0.2999999999999998
      vertex 1.46042165607214 27.758079823851585 0.2999999999999998
    endloop
  endfacet
  facet normal 0 0 1
    outer loop
      vertex 0.9711738946079813 34.855370114786844 0.2999999999999998
      vertex 0.8317866817116739 27.633036550879478 0.2999999999999998
      vertex 1.6445618641568176 34.45175689842036 0.2999999999999998
    endloop
  endfacet
  facet normal 0.8032075314806427 0.5956993044924362 0
    outer loop
      vertex 3.851756898420362 32.24456186415682 0
      vertex 3.384083626901896 32.87514627330916 0
      vertex 3.851756898420362 32.24456186415682 0.2999999999999998
    endloop
  endfacet
  facet normal 0.8032075314806427 0.5956993044924362 0
    outer loop
      vertex 3.384083626901896 32.87514627330916 0
      vertex 3.384083626901896 32.87514627330916 0.2999999999999998
      vertex 3.851756898420362 32.24456186415682 0.2999999999999998
    endloop
  endfacet
  facet normal 0 0 -1
    outer loop
      vertex 3.851756898420362 32.24456186415682 0
      vertex 4.255370114786841 31.57117389460798 0
      vertex 5.0807652367489045 26.471742883502923 0
    endloop
  endfacet
  facet normal 0 0 -1
    outer loop
      vertex 3.851756898420362 32.24456186415682 0
      vertex 5.0807652367489045 26.471742883502923 0
      vertex 3.384083626901896 32.87514627330916 0
    endloop
  endfacet
  facet normal 0.9415440651830206 0.3368898533922208 0
    outer loop
      vertex 4.591036260090294 30.861467458920718 0
      vertex 4.591036260090294 30.861467458920718 0.2999999999999998
      vertex 4.855522685857671 30.1222774180357 0.2999999999999998
    endloop
  endfacet
  facet normal 0.9415440651830206 0.3368898533922208 0
    outer loop
      vertex 4.855522685857671 30.1222774180357 0
      vertex 4.591036260090294 30.861467458920718 0
      vertex 4.855522685857671 30.1222774180357 0.2999999999999998
    endloop
  endfacet
  facet normal 0.9039892931234434 0.42755509343028186 0
    outer loop
      vertex 4.591036260090294 30.861467458920718 0
      vertex 4.255370114786841 31.57117389460798 0
      vertex 4.591036260090294 30.861467458920718 0.2999999999999998
    endloop
  endfacet
  facet normal 0.9039892931234434 0.42755509343028186 0
    outer loop
      vertex 4.255370114786841 31.57117389460798 0
      vertex 4.255370114786841 31.57117389460798 0.2999999999999998
      vertex 4.591036260090294 30.861467458920718 0.2999999999999998
    endloop
  endfacet
  facet normal 0.8577286100002736 0.5141027441932193 0
    outer loop
      vertex 3.851756898420362 32.24456186415682 0
      vertex 4.255370114786841 31.57117389460798 0.2999999999999998
      vertex 4.255370114786841 31.57117389460798 0
    endloop
  endfacet
  facet normal 0.8577286100002736 0.5141027441932193 0
    outer loop
      vertex 3.851756898420362 32.24456186415682 0
      vertex 3.851756898420362 32.24456186415682 0.2999999999999998
      vertex 4.255370114786841 31.57117389460798 0.2999999999999998
    endloop
  endfacet
  facet normal 0.6715589548470206 0.7409511253549571 0
    outer loop
      vertex 2.275146273309164 33.9840836269019 0
      vertex 2.275146273309164 33.9840836269019 0.2999999999999998
      vertex 2.8568542494923808 33.45685424949238 0
    endloop
  endfacet
  facet normal 0.5956993044924315 0.8032075314806464 0
    outer loop
      vertex 2.275146273309164 33.9840836269019 0
      vertex 1.6445618641568176 34.45175689842036 0
      vertex 1.6445618641568176 34.45175689842036 0.2999999999999998
    endloop
  endfacet
  facet normal 0.5956993044924315 0.8032075314806464 0
    outer loop
      vertex 2.275146273309164 33.9840836269019 0
      vertex 1.6445618641568176 34.45175689842036 0.2999999999999998
      vertex 2.275146273309164 33.9840836269019 0.2999999999999998
    endloop
  endfacet
  facet normal 0.74095112535496 0.6715589548470174 0
    outer loop
      vertex 3.384083626901896 32.87514627330916 0
      vertex 2.8568542494923808 33.45685424949238 0
      vertex 3.384083626901896 32.87514627330916 0.2999999999999998
    endloop
  endfacet
  facet normal 0.74095112535496 0.6715589548470174 0
    outer loop
      vertex 2.8568542494923808 33.45685424949238 0
      vertex 2.8568542494923808 33.45685424949238 0.2999999999999998
      vertex 3.384083626901896 32.87514627330916 0.2999999999999998
    endloop
  endfacet
  facet normal 0.6715589548470206 0.7409511253549571 0
    outer loop
      vertex 2.8568542494923808 33.45685424949238 0
      vertex 2.275146273309164 33.9840836269019 0.2999999999999998
      vertex 2.8568542494923808 33.45685424949238 0.2999999999999998
    endloop
  endfacet
  facet normal 0.5141027441932238 0.8577286100002708 0
    outer loop
      vertex 1.6445618641568176 34.45175689842036 0
      vertex 0.9711738946079813 34.855370114786844 0.2999999999999998
      vertex 1.6445618641568176 34.45175689842036 0.2999999999999998
    endloop
  endfacet
  facet normal 0.5141027441932238 0.8577286100002708 0
    outer loop
      vertex 0.9711738946079813 34.855370114786844 0
      vertex 0.9711738946079813 34.855370114786844 0.2999999999999998
      vertex 1.6445618641568176 34.45175689842036 0
    endloop
  endfacet
  facet normal -0.9469301311446718 0.32143946044369626 0
    outer loop
      vertex -2.4270097121596335 24.775148820877074 25.1
      vertex -2.4270097121596335 24.775148820877074 0.2999999999999998
      vertex -2.633036549389362 24.16821331977844 0.2999999999999998
    endloop
  endfacet
  facet normal -0.8968727385091769 0.442288696350076 0
    outer loop
      vertex -2.1435244783759115 25.349999998509883 25.1
      vertex -2.1435244783759115 25.349999998509883 0.2999999999999998
      vertex -2.4270097121596335 24.775148820877074 0.2999999999999998
    endloop
  endfacet
  facet normal -0.8314696130428043 0.5555702319117262 0
    outer loop
      vertex -1.7874313697218893 25.88293099850416 25.1
      vertex -1.7874313697218893 25.88293099850416 0.2999999999999998
      vertex -2.1435244783759115 25.349999998509883 0.2999999999999998
    endloop
  endfacet
  facet normal -0.7518398053016382 0.6593458175828483 0
    outer loop
      vertex -1.3648232251405714 26.364823226630687 25.1
      vertex -1.3648232251405714 26.364823226630687 0.2999999999999998
      vertex -1.7874313697218893 25.88293099850416 0.2999999999999998
    endloop
  endfacet
  facet normal -0.6593458167744892 0.7518398060105502 0
    outer loop
      vertex -0.8829310044646261 26.787431363761424 25.1
      vertex -0.8829310044646261 26.787431363761424 0.2999999999999998
      vertex -1.3648232251405714 26.364823226630687 0.2999999999999998
    endloop
  endfacet
  facet normal -0.5555702345783553 0.8314696112610197 0
    outer loop
      vertex -0.3499999970197676 27.143524479866027 25.1
      vertex -0.3499999970197676 27.143524479866027 0.2999999999999998
      vertex -0.8829310044646261 26.787431363761424 0.2999999999999998
    endloop
  endfacet
  facet normal -0.44228868699974105 0.8968727431202518 0
    outer loop
      vertex 0.2248511806130411 27.42700970619917 25.1
      vertex 0.2248511806130411 27.42700970619917 0.2999999999999998
      vertex -0.3499999970197676 27.143524479866027 0.2999999999999998
    endloop
  endfacet
  facet normal -0.3214394708669037 0.9469301276064697 0
    outer loop
      vertex 0.8317866817116739 27.633036550879478 25.1
      vertex 0.8317866817116739 27.633036550879478 0.2999999999999998
      vertex 0.2248511806130411 27.42700970619917 0.2999999999999998
    endloop
  endfacet
  facet normal -0.195090325024359 0.9807852798048562 0
    outer loop
      vertex 1.46042165607214 27.758079823851585 25.1
      vertex 1.46042165607214 27.758079823851585 0.2999999999999998
      vertex 0.8317866817116739 27.633036550879478 0.2999999999999998
    endloop
  endfacet
  facet normal -0.0654031266412686 0.9978589234082873 0
    outer loop
      vertex 2.099999998509884 27.800000001490115 25.1
      vertex 2.099999998509884 27.800000001490115 0.2999999999999998
      vertex 1.46042165607214 27.758079823851585 0.2999999999999998
    endloop
  endfacet
  facet normal 0 0 -1
    outer loop
      vertex 2.099999998509884 21.486019042715707 0
      vertex 5.0807652367489045 26.471742883502923 0
      vertex 67.81180340227935 -1.4817996810627272 0
    endloop
  endfacet
  facet normal 0 -1 0
    outer loop
      vertex 0.7999999999999999 24.200000000000003 2
      vertex 72.07 24.200000000000003 4.5
      vertex 0.7999999999999999 24.200000000000003 4.5
    endloop
  endfacet
  facet normal 0 0 1
    outer loop
      vertex -0.4 25.400000000000002 4.5
      vertex 0.7999999999999999 24.200000000000003 4.5
      vertex 72.07 24.200000000000003 4.5
    endloop
  endfacet
  facet normal 0 0 -1
    outer loop
      vertex 5.0807652367489045 26.471742883502923 0
      vertex 5.199999999926796 27.800000001490115 0
      vertex 67.6700000000732 27.800000001490115 0
    endloop
  endfacet
  facet normal 0 1 0
    outer loop
      vertex 5.199999999926796 27.800000001490115 0
      vertex 5.199999999926796 27.800000001490115 0.2999999999999998
      vertex 67.6700000000732 27.800000001490115 0
    endloop
  endfacet
  facet normal 0 1 0
    outer loop
      vertex 70.77000000029803 27.800000001490115 25.1
      vertex 5.199999999926796 27.800000001490115 0.2999999999999998
      vertex 2.099999998509884 27.800000001490115 0.2999999999999998
    endloop
  endfacet
  facet normal -1 0 0
    outer loop
      vertex -2.8 12 16.1
      vertex -2.8 14 16.1
      vertex -2.8 14 9.1
    endloop
  endfacet
  facet normal 0 1 0
    outer loop
      vertex -2.8 14 9.1
      vertex -2.8 14 16.1
      vertex -0.4 14 16.1
    endloop
  endfacet
  facet normal 1 0 0
    outer loop
      vertex -0.4 12 9.1
      vertex -0.4 14 16.1
      vertex -0.4 12 16.1
    endloop
  endfacet
  facet normal -1 0 0
    outer loop
      vertex -2.8 18 9.1
      vertex -2.8 16 16.1
      vertex -2.8 18 16.1
    endloop
  endfacet
  facet normal 0 1 0
    outer loop
      vertex -2.8 18 9.1
      vertex -2.8 18 16.1
      vertex -0.4 18 16.1
    endloop
  endfacet
  facet normal 0 -1 0
    outer loop
      vertex -0.4 16 9.1
      vertex -0.4 16 16.1
      vertex -2.8 16 16.1
    endloop
  endfacet
  facet normal 1 0 0
    outer loop
      vertex -0.4 16 9.1
      vertex -0.4 18 16.1
      vertex -0.4 16 16.1
    endloop
  endfacet
  facet normal 0 0 -1
    outer loop
      vertex -2.8 14 16.1
      vertex -2.8 16 16.1
      vertex -0.4 16 16.1
    endloop
  endfacet
  facet normal 0 0 -1
    outer loop
      vertex -2.8 14 16.1
      vertex -0.4 16 16.1
      vertex -0.4 14 16.1
    endloop
  endfacet
  facet normal 0 -1 0
    outer loop
      vertex -0.4 20 9.1
      vertex -0.4 20 16.1
      vertex -2.8 20 16.1
    endloop
  endfacet
  facet normal -1 0 0
    outer loop
      vertex -2.8 20 16.1
      vertex -2.8 22.90000000298023 25.1
      vertex -2.8 22.90000000298023 0.2999999999999998
    endloop
  endfacet
  facet normal 1 0 0
    outer loop
      vertex -0.4 25.400000000000002 4.5
      vertex -0.4 25.400000000000002 25.1
      vertex -0.4 20 16.1
    endloop
  endfacet
  facet normal 0 0 -1
    outer loop
      vertex -2.8 18 16.1
      vertex -2.8 20 16.1
      vertex -0.4 20 16.1
    endloop
  endfacet
  facet normal 0 0 -1
    outer loop
      vertex -2.8 18 16.1
      vertex -0.4 20 16.1
      vertex -0.4 18 16.1
    endloop
  endfacet
  facet normal -0.9978589234082873 0.0654031266412686 0
    outer loop
      vertex -2.8 22.90000000298023 25.1
      vertex -2.758079822361469 23.539578345417976 25.1
      vertex -2.8 22.90000000298023 0.2999999999999998
    endloop
  endfacet
  facet normal -0.9807852798048562 0.195090325024359 0
    outer loop
      vertex -2.758079822361469 23.539578345417976 25.1
      vertex -2.633036549389362 24.16821331977844 25.1
      vertex -2.758079822361469 23.539578345417976 0.2999999999999998
    endloop
  endfacet
  facet normal 1 0 0
    outer loop
      vertex -0.4 6 16.1
      vertex -0.4 8 16.1
      vertex -0.4 25.400000000000002 25.1
    endloop
  endfacet
  facet normal 1 0 0
    outer loop
      vertex -0.4 8 16.1
      vertex -0.4 10 16.1
      vertex -0.4 25.400000000000002 25.1
    endloop
  endfacet
  facet normal -1 0 0
    outer loop
      vertex -2.8 14 16.1
      vertex -2.8 22.90000000298023 25.1
      vertex -2.8 16 16.1
    endloop
  endfacet
  facet normal 1 0 0
    outer loop
      vertex -0.4 10 16.1
      vertex -0.4 12 16.1
      vertex -0.4 25.400000000000002 25.1
    endloop
  endfacet
  facet normal 1 0 0
    outer loop
      vertex -0.4 12 16.1
      vertex -0.4 14 16.1
      vertex -0.4 25.400000000000002 25.1
    endloop
  endfacet
  facet normal -1 0 0
    outer loop
      vertex -2.8 2.099999998509884 25.1
      vertex -2.8 22.90000000298023 25.1
      vertex -2.8 14 16.1
    endloop
  endfacet
  facet normal 0 0 1
    outer loop
      vertex -2.758079822361469 1.46042165607214 25.1
      vertex -2.758079822361469 23.539578345417976 25.1
      vertex -2.8 22.90000000298023 25.1
    endloop
  endfacet
  facet normal 0 0 1
    outer loop
      vertex -2.633036549389362 0.8317866817116739 25.1
      vertex -2.633036549389362 24.16821331977844 25.1
      vertex -2.758079822361469 23.539578345417976 25.1
    endloop
  endfacet
  facet normal 0 0 1
    outer loop
      vertex -2.4270097121596335 0.2248511806130411 25.1
      vertex -2.4270097121596335 24.775148820877074 25.1
      vertex -2.633036549389362 24.16821331977844 25.1
    endloop
  endfacet
  facet normal 0 0 1
    outer loop
      vertex -2.1435244783759115 -0.3499999970197676 25.1
      vertex -2.1435244783759115 25.349999998509883 25.1
      vertex -2.4270097121596335 24.775148820877074 25.1
    endloop
  endfacet
  facet normal 0 0 1
    outer loop
      vertex -1.7874313697218893 -0.8829310044646261 25.1
      vertex -1.7874313697218893 25.88293099850416 25.1
      vertex -2.1435244783759115 25.349999998509883 25.1
    endloop
  endfacet
  facet normal 0 0 1
    outer loop
      vertex -1.3648232251405714 -1.3648232251405714 25.1
      vertex -1.3648232251405714 26.364823226630687 25.1
      vertex -1.7874313697218893 25.88293099850416 25.1
    endloop
  endfacet
  facet normal 0 0 1
    outer loop
      vertex -0.8829310044646261 -1.7874313697218893 25.1
      vertex -0.8829310044646261 26.787431363761424 25.1
      vertex -1.3648232251405714 26.364823226630687 25.1
    endloop
  endfacet
  facet normal 0 0 1
    outer loop
      vertex -0.4 -0.4 25.1
      vertex -0.4 25.400000000000002 25.1
      vertex -0.8829310044646261 26.787431363761424 25.1
    endloop
  endfacet
  facet normal -1 0 0
    outer loop
      vertex -2.8 16 16.1
      vertex -2.8 22.90000000298023 25.1
      vertex -2.8 18 16.1
    endloop
  endfacet
  facet normal -1 0 0
    outer loop
      vertex -2.8 18 16.1
      vertex -2.8 22.90000000298023 25.1
      vertex -2.8 20 16.1
    endloop
  endfacet
  facet normal 1 0 0
    outer loop
      vertex -0.4 14 16.1
      vertex -0.4 16 16.1
      vertex -0.4 25.400000000000002 25.1
    endloop
  endfacet
  facet normal 1 0 0
    outer loop
      vertex -0.4 16 16.1
      vertex -0.4 18 16.1
      vertex -0.4 25.400000000000002 25.1
    endloop
  endfacet
  facet normal 1 0 0
    outer loop
      vertex -0.4 18 16.1
      vertex -0.4 20 16.1
      vertex -0.4 25.400000000000002 25.1
    endloop
  endfacet
  facet normal -0.9469301311446718 0.32143946044369626 0
    outer loop
      vertex -2.633036549389362 24.16821331977844 25.1
      vertex -2.4270097121596335 24.775148820877074 25.1
      vertex -2.633036549389362 24.16821331977844 0.2999999999999998
    endloop
  endfacet
  facet normal -0.8968727385091769 0.442288696350076 0
    outer loop
      vertex -2.4270097121596335 24.775148820877074 25.1
      vertex -2.1435244783759115 25.349999998509883 25.1
      vertex -2.4270097121596335 24.775148820877074 0.2999999999999998
    endloop
  endfacet
  facet normal -0.8314696130428043 0.5555702319117262 0
    outer loop
      vertex -2.1435244783759115 25.349999998509883 25.1
      vertex -1.7874313697218893 25.88293099850416 25.1
      vertex -2.1435244783759115 25.349999998509883 0.2999999999999998
    endloop
  endfacet
  facet normal -0.7518398053016382 0.6593458175828483 0
    outer loop
      vertex -1.7874313697218893 25.88293099850416 25.1
      vertex -1.3648232251405714 26.364823226630687 25.1
      vertex -1.7874313697218893 25.88293099850416 0.2999999999999998
    endloop
  endfacet
  facet normal -0.6593458167744892 0.7518398060105502 0
    outer loop
      vertex -1.3648232251405714 26.364823226630687 25.1
      vertex -0.8829310044646261 26.787431363761424 25.1
      vertex -1.3648232251405714 26.364823226630687 0.2999999999999998
    endloop
  endfacet
  facet normal -0.5555702345783553 0.8314696112610197 0
    outer loop
      vertex -0.8829310044646261 26.787431363761424 25.1
      vertex -0.3499999970197676 27.143524479866027 25.1
      vertex -0.8829310044646261 26.787431363761424 0.2999999999999998
    endloop
  endfacet
  facet normal -0.44228868699974105 0.8968727431202518 0
    outer loop
      vertex -0.3499999970197676 27.143524479866027 25.1
      vertex 0.2248511806130411 27.42700970619917 25.1
      vertex -0.3499999970197676 27.143524479866027 0.2999999999999998
    endloop
  endfacet
  facet normal -0.3214394708669037 0.9469301276064697 0
    outer loop
      vertex 0.2248511806130411 27.42700970619917 25.1
      vertex 0.8317866817116739 27.633036550879478 25.1
      vertex 0.2248511806130411 27.42700970619917 0.2999999999999998
    endloop
  endfacet
  facet normal -0.195090325024359 0.9807852798048562 0
    outer loop
      vertex 0.8317866817116739 27.633036550879478 25.1
      vertex 1.46042165607214 27.758079823851585 25.1
      vertex 0.8317866817116739 27.633036550879478 0.2999999999999998
    endloop
  endfacet
  facet normal -0.0654031266412686 0.9978589234082873 0
    outer loop
      vertex 1.46042165607214 27.758079823851585 25.1
      vertex 2.099999998509884 27.800000001490115 25.1
      vertex 1.46042165607214 27.758079823851585 0.2999999999999998
    endloop
  endfacet
  facet normal 0 -1 0
    outer loop
      vertex -0.4 25.400000000000002 4.5
      vertex 22.5 25.400000000000002 23.5
      vertex -0.4 25.400000000000002 25.1
    endloop
  endfacet
  facet normal 0 0 1
    outer loop
      vertex -0.4 25.400000000000002 25.1
      vertex -0.3499999970197676 27.143524479866027 25.1
      vertex -0.8829310044646261 26.787431363761424 25.1
    endloop
  endfacet
  facet normal 0 0 1
    outer loop
      vertex -0.4 25.400000000000002 25.1
      vertex 0.2248511806130411 27.42700970619917 25.1
      vertex -0.3499999970197676 27.143524479866027 25.1
    endloop
  endfacet
  facet normal 0 0 1
    outer loop
      vertex -0.4 25.400000000000002 25.1
      vertex 0.8317866817116739 27.633036550879478 25.1
      vertex 0.2248511806130411 27.42700970619917 25.1
    endloop
  endfacet
  facet normal 0 0 1
    outer loop
      vertex -0.4 25.400000000000002 25.1
      vertex 1.46042165607214 27.758079823851585 25.1
      vertex 0.8317866817116739 27.633036550879478 25.1
    endloop
  endfacet
  facet normal 0 0 1
    outer loop
      vertex -0.4 25.400000000000002 25.1
      vertex 2.099999998509884 27.800000001490115 25.1
      vertex 1.46042165607214 27.758079823851585 25.1
    endloop
  endfacet
  facet normal 0 -1 0
    outer loop
      vertex -0.4 25.400000000000002 4.5
      vertex 22.5 25.400000000000002 21.3
      vertex 22.5 25.400000000000002 23.5
    endloop
  endfacet
  facet normal 0 -1 0
    outer loop
      vertex -0.4 25.400000000000002 4.5
      vertex 32.5 25.400000000000002 21.3
      vertex 22.5 25.400000000000002 21.3
    endloop
  endfacet
  facet normal 0 1 0
    outer loop
      vertex 2.099999998509884 27.800000001490115 25.1
      vertex 37.09 27.800000001490115 24.1
      vertex 2.099999998509884 27.800000001490115 0.2999999999999998
    endloop
  endfacet
  facet normal 0 -1 0
    outer loop
      vertex -0.4 25.400000000000002 4.5
      vertex 45.09 25.400000000000002 24.1
      vertex 32.5 25.400000000000002 21.3
    endloop
  endfacet
  facet normal 0 1 0
    outer loop
      vertex 37.09 27.800000001490115 24.1
      vertex 45.09 27.800000001490115 24.1
      vertex 2.099999998509884 27.800000001490115 0.2999999999999998
    endloop
  endfacet
  facet normal 0 -1 0
    outer loop
      vertex -0.4 25.400000000000002 4.5
      vertex 50.67 25.400000000000002 24.1
      vertex 45.09 25.400000000000002 24.1
    endloop
  endfacet
  facet normal 0 1 0
    outer loop
      vertex 45.09 27.800000001490115 24.1
      vertex 50.67 27.800000001490115 24.1
      vertex 2.099999998509884 27.800000001490115 0.2999999999999998
    endloop
  endfacet
  facet normal 0 0 1
    outer loop
      vertex -0.4 25.400000000000002 25.1
      vertex 37.09 27.800000001490115 25.1
      vertex 2.099999998509884 27.800000001490115 25.1
    endloop
  endfacet
  facet normal 0 -1 0
    outer loop
      vertex -0.4 25.400000000000002 25.1
      vertex 22.5 25.400000000000002 23.5
      vertex 32.5 25.400000000000002 23.5
    endloop
  endfacet
  facet normal 1 0 0
    outer loop
      vertex 22.5 25.400000000000002 21.3
      vertex 22.5 26.299999999999997 21.3
      vertex 22.5 25.400000000000002 23.5
    endloop
  endfacet
  facet normal 1 0 0
    outer loop
      vertex 22.5 26.299999999999997 21.3
      vertex 22.5 26.299999999999997 23.5
      vertex 22.5 25.400000000000002 23.5
    endloop
  endfacet
  facet normal 0 -1 0
    outer loop
      vertex -0.4 25.400000000000002 25.1
      vertex 32.5 25.400000000000002 23.5
      vertex 37.09 25.400000000000002 25.1
    endloop
  endfacet
  facet normal 0 0 1
    outer loop
      vertex -0.4 25.400000000000002 25.1
      vertex 37.09 25.400000000000002 25.1
      vertex 37.09 27.800000001490115 25.1
    endloop
  endfacet
  facet normal 0 0 1
    outer loop
      vertex 22.5 25.400000000000002 21.3
      vertex 32.5 26.299999999999997 21.3
      vertex 22.5 26.299999999999997 21.3
    endloop
  endfacet
  facet normal 0 0 1
    outer loop
      vertex 22.5 25.400000000000002 21.3
      vertex 32.5 25.400000000000002 21.3
      vertex 32.5 26.299999999999997 21.3
    endloop
  endfacet
  facet normal 0 -1 0
    outer loop
      vertex 22.5 26.299999999999997 21.3
      vertex 32.5 26.299999999999997 21.3
      vertex 22.5 26.299999999999997 23.5
    endloop
  endfacet
  facet normal 0 0 -1
    outer loop
      vertex 22.5 25.400000000000002 23.5
      vertex 22.5 26.299999999999997 23.5
      vertex 32.5 25.400000000000002 23.5
    endloop
  endfacet
  facet normal 0 -1 0
    outer loop
      vertex 22.5 26.299999999999997 23.5
      vertex 32.5 26.299999999999997 21.3
      vertex 32.5 26.299999999999997 23.5
    endloop
  endfacet
  facet normal 0 0 -1
    outer loop
      vertex 22.5 26.299999999999997 23.5
      vertex 32.5 26.299999999999997 23.5
      vertex 32.5 25.400000000000002 23.5
    endloop
  endfacet
  facet normal 0 1 0
    outer loop
      vertex 2.099999998509884 27.800000001490115 25.1
      vertex 37.09 27.800000001490115 25.1
      vertex 37.09 27.800000001490115 24.1
    endloop
  endfacet
  facet normal -1 0 0
    outer loop
      vertex 32.5 25.400000000000002 21.3
      vertex 32.5 26.299999999999997 23.5
      vertex 32.5 26.299999999999997 21.3
    endloop
  endfacet
  facet normal -1 0 0
    outer loop
      vertex 32.5 25.400000000000002 21.3
      vertex 32.5 25.400000000000002 23.5
      vertex 32.5 26.299999999999997 23.5
    endloop
  endfacet
  facet normal 0 -1 0
    outer loop
      vertex 32.5 25.400000000000002 21.3
      vertex 37.09 25.400000000000002 24.1
      vertex 32.5 25.400000000000002 23.5
    endloop
  endfacet
  facet normal 0 -1 0
    outer loop
      vertex 32.5 25.400000000000002 23.5
      vertex 37.09 25.400000000000002 24.1
      vertex 37.09 25.400000000000002 25.1
    endloop
  endfacet
  facet normal 0 -1 0
    outer loop
      vertex 67.67 -2.8 0
      vertex 67.67 -2.8 0.2999999999999998
      vertex 5.2 -2.8 0.2999999999999998
    endloop
  endfacet
  facet normal 0 0 -1
    outer loop
      vertex 67.67 -2.8 0
      vertex 5.2 -2.8 0
      vertex 67.81180340227935 -1.4817996810627272 0
    endloop
  endfacet
  facet normal 0 1 0
    outer loop
      vertex 0.7999999999999999 0.7999999999999999 4.5
      vertex 72.07 0.7999999999999999 4.5
      vertex 72.07 0.7999999999999999 2
    endloop
  endfacet
  facet normal 0 0 1
    outer loop
      vertex 0.7999999999999999 0.7999999999999999 4.5
      vertex 73.27 -0.4 4.5
      vertex 72.07 0.7999999999999999 4.5
    endloop
  endfacet
  facet normal 0 -1 0
    outer loop
      vertex 17.17 -2.8 19.25
      vertex 67.67 -2.8 0.2999999999999998
      vertex 70.77000000029803 -2.8 0.2999999999999998
    endloop
  endfacet
  facet normal 0 0 -1
    outer loop
      vertex 5.0807652367489045 26.471742883502923 0
      vertex 70.77000000029803 3.513980956400177 0
      vertex 67.81180340227935 -1.4817996810627272 0
    endloop
  endfacet
  facet normal -0.5141027441932193 -0.8577286100002736 0
    outer loop
      vertex 71.22543813584318 -9.451756898420362 0
      vertex 71.89882610539202 -9.85537011478684 0
      vertex 71.89882610539202 -9.85537011478684 0.2999999999999998
    endloop
  endfacet
  facet normal -0.5141027441932193 -0.8577286100002736 0
    outer loop
      vertex 71.22543813584318 -9.451756898420362 0
      vertex 71.89882610539202 -9.85537011478684 0.2999999999999998
      vertex 71.22543813584318 -9.451756898420362 0.2999999999999998
    endloop
  endfacet
  facet normal -0.6715589548470129 -0.7409511253549641 0
    outer loop
      vertex 70.01314575050762 -8.45685424949238 0
      vertex 70.59485372669084 -8.984083626901896 0.2999999999999998
      vertex 70.01314575050762 -8.45685424949238 0.2999999999999998
    endloop
  endfacet
  facet normal -0.7409511253549617 -0.6715589548470156 0
    outer loop
      vertex 70.01314575050762 -8.45685424949238 0
      vertex 70.01314575050762 -8.45685424949238 0.2999999999999998
      vertex 69.4859163730981 -7.875146273309164 0.2999999999999998
    endloop
  endfacet
  facet normal -0.7409511253549617 -0.6715589548470156 0
    outer loop
      vertex 70.01314575050762 -8.45685424949238 0
      vertex 69.4859163730981 -7.875146273309164 0.2999999999999998
      vertex 69.4859163730981 -7.875146273309164 0
    endloop
  endfacet
  facet normal -0.5956993044924406 -0.8032075314806395 0
    outer loop
      vertex 71.22543813584318 -9.451756898420362 0
      vertex 71.22543813584318 -9.451756898420362 0.2999999999999998
      vertex 70.59485372669084 -8.984083626901896 0
    endloop
  endfacet
  facet normal -0.5956993044924406 -0.8032075314806395 0
    outer loop
      vertex 70.59485372669084 -8.984083626901896 0
      vertex 71.22543813584318 -9.451756898420362 0.2999999999999998
      vertex 70.59485372669084 -8.984083626901896 0.2999999999999998
    endloop
  endfacet
  facet normal -0.6715589548470129 -0.7409511253549641 0
    outer loop
      vertex 70.01314575050762 -8.45685424949238 0
      vertex 70.59485372669084 -8.984083626901896 0
      vertex 70.59485372669084 -8.984083626901896 0.2999999999999998
    endloop
  endfacet
  facet normal -0.857728610000271 -0.5141027441932234 0
    outer loop
      vertex 68.61462988521316 -6.5711738946079805 0
      vertex 69.01824310157964 -7.244561864156817 0
      vertex 68.61462988521316 -6.5711738946079805 0.2999999999999998
    endloop
  endfacet
  facet normal -0.857728610000271 -0.5141027441932234 0
    outer loop
      vertex 69.01824310157964 -7.244561864156817 0
      vertex 69.01824310157964 -7.244561864156817 0.2999999999999998
      vertex 68.61462988521316 -6.5711738946079805 0.2999999999999998
    endloop
  endfacet
  facet normal -0.9039892931234457 -0.4275550934302773 0
    outer loop
      vertex 68.61462988521316 -6.5711738946079805 0
      vertex 68.27896373990971 -5.861467458920718 0.2999999999999998
      vertex 68.27896373990971 -5.861467458920718 0
    endloop
  endfacet
  facet normal -0.9039892931234457 -0.4275550934302773 0
    outer loop
      vertex 68.61462988521316 -6.5711738946079805 0
      vertex 68.61462988521316 -6.5711738946079805 0.2999999999999998
      vertex 68.27896373990971 -5.861467458920718 0.2999999999999998
    endloop
  endfacet
  facet normal -0.9415440651830165 -0.3368898533922321 0
    outer loop
      vertex 68.27896373990971 -5.861467458920718 0
      vertex 68.01447731414233 -5.122277418035699 0.2999999999999998
      vertex 68.01447731414233 -5.122277418035699 0
    endloop
  endfacet
  facet normal 0 0 -1
    outer loop
      vertex 69.4859163730981 -7.875146273309164 0
      vertex 69.01824310157964 -7.244561864156817 0
      vertex 67.81180340227935 -1.4817996810627272 0
    endloop
  endfacet
  facet normal -0.9415440651830165 -0.3368898533922321 0
    outer loop
      vertex 68.27896373990971 -5.861467458920718 0
      vertex 68.27896373990971 -5.861467458920718 0.2999999999999998
      vertex 68.01447731414233 -5.122277418035699 0.2999999999999998
    endloop
  endfacet
  facet normal 0 0 -1
    outer loop
      vertex 68.61462988521316 -6.5711738946079805 0
      vertex 67.81180340227935 -1.4817996810627272 0
      vertex 69.01824310157964 -7.244561864156817 0
    endloop
  endfacet
  facet normal -0.8032075314806464 -0.5956993044924315 0
    outer loop
      vertex 69.4859163730981 -7.875146273309164 0
      vertex 69.4859163730981 -7.875146273309164 0.2999999999999998
      vertex 69.01824310157964 -7.244561864156817 0.2999999999999998
    endloop
  endfacet
  facet normal -0.8032075314806464 -0.5956993044924315 0
    outer loop
      vertex 69.4859163730981 -7.875146273309164 0
      vertex 69.01824310157964 -7.244561864156817 0.2999999999999998
      vertex 69.01824310157964 -7.244561864156817 0
    endloop
  endfacet
  facet normal 0 0 1
    outer loop
      vertex 71.22543813584318 -9.451756898420362 0.2999999999999998
      vertex 71.89882610539202 -9.85537011478684 0.2999999999999998
      vertex 72.03821332454682 -2.633036549389362 0.2999999999999998
    endloop
  endfacet
  facet normal 0 0 -1
    outer loop
      vertex 71.22543813584318 -9.451756898420362 0
      vertex 70.59485372669084 -8.984083626901896 0
      vertex 71.22543813584318 -2.7701490086849327 0
    endloop
  endfacet
  facet normal 0 0 1
    outer loop
      vertex 71.22543813584318 -9.451756898420362 0.2999999999999998
      vertex 71.40957834273577 -2.758079822361469 0.2999999999999998
      vertex 70.59485372669084 -8.984083626901896 0.2999999999999998
    endloop
  endfacet
  facet normal 0 0 -1
    outer loop
      vertex 70.01314575050762 -8.45685424949238 0
      vertex 70.59485372669084 -2.7219531677224227 0
      vertex 70.59485372669084 -8.984083626901896 0
    endloop
  endfacet
  facet normal 0 0 1
    outer loop
      vertex 70.01314575050762 -8.45685424949238 0.2999999999999998
      vertex 70.59485372669084 -8.984083626901896 0.2999999999999998
      vertex 70.77000000029803 -2.8 0.2999999999999998
    endloop
  endfacet
  facet normal 0 0 -1
    outer loop
      vertex 70.01314575050762 -8.45685424949238 0
      vertex 69.4859163730981 -7.875146273309164 0
      vertex 67.81180340227935 -1.4817996810627272 0
    endloop
  endfacet
  facet normal 0 0 1
    outer loop
      vertex 70.01314575050762 -8.45685424949238 0.2999999999999998
      vertex 70.77000000029803 -2.8 0.2999999999999998
      vertex 69.4859163730981 -7.875146273309164 0.2999999999999998
    endloop
  endfacet
  facet normal 0 0 1
    outer loop
      vertex 69.4859163730981 -7.875146273309164 0.2999999999999998
      vertex 70.77000000029803 -2.8 0.2999999999999998
      vertex 69.01824310157964 -7.244561864156817 0.2999999999999998
    endloop
  endfacet
  facet normal 0 0 1
    outer loop
      vertex 68.61462988521316 -6.5711738946079805 0.2999999999999998
      vertex 69.01824310157964 -7.244561864156817 0.2999999999999998
      vertex 70.77000000029803 -2.8 0.2999999999999998
    endloop
  endfacet
  facet normal 0 0 1
    outer loop
      vertex 68.61462988521316 -6.5711738946079805 0.2999999999999998
      vertex 70.77000000029803 -2.8 0.2999999999999998
      vertex 68.27896373990971 -5.861467458920718 0.2999999999999998
    endloop
  endfacet
  facet normal 0 0 -1
    outer loop
      vertex 71.22543813584318 -9.451756898420362 0
      vertex 71.89882610539202 4.105584941371401 0
      vertex 71.89882610539202 -9.85537011478684 0
    endloop
  endfacet
  facet normal -0.9700312531945455 -0.24298017990325776 0
    outer loop
      vertex 68.01447731414233 -5.122277418035699 0
      vertex 67.82371775677416 -4.360722576129026 0.2999999999999998
      vertex 67.82371775677416 -4.360722576129026 0
    endloop
  endfacet
  facet normal -0.9700312531945455 -0.24298017990325776 0
    outer loop
      vertex 68.01447731414233 -5.122277418035699 0
      vertex 68.01447731414233 -5.122277418035699 0.2999999999999998
      vertex 67.82371775677416 -4.360722576129026 0.2999999999999998
    endloop
  endfacet
  facet normal 0 0 -1
    outer loop
      vertex 68.61462988521316 -6.5711738946079805 0
      vertex 68.27896373990971 -5.861467458920718 0
      vertex 67.81180340227935 -1.4817996810627272 0
    endloop
  endfacet
  facet normal 0 0 -1
    outer loop
      vertex 68.27896373990971 -5.861467458920718 0
      vertex 68.01447731414233 -5.122277418035699 0
      vertex 67.81180340227935 -1.4817996810627272 0
    endloop
  endfacet
  facet normal -0.9891765099647818 -0.14673047445535567 0
    outer loop
      vertex 67.82371775677416 -4.360722576129026 0
      vertex 67.82371775677416 -4.360722576129026 0.2999999999999998
      vertex 67.70852218662243 -3.5841371226364847 0.2999999999999998
    endloop
  endfacet
  facet normal -0.9891765099647818 -0.14673047445535567 0
    outer loop
      vertex 67.82371775677416 -4.360722576129026 0
      vertex 67.70852218662243 -3.5841371226364847 0.2999999999999998
      vertex 67.70852218662243 -3.5841371226364847 0
    endloop
  endfacet
  facet normal 0 0 -1
    outer loop
      vertex 68.01447731414233 -5.122277418035699 0
      vertex 67.82371775677416 -4.360722576129026 0
      vertex 67.81180340227935 -1.4817996810627272 0
    endloop
  endfacet
  facet normal 0 0 1
    outer loop
      vertex 68.01447731414233 -5.122277418035699 0.2999999999999998
      vertex 70.77000000029803 -2.8 0.2999999999999998
      vertex 67.82371775677416 -4.360722576129026 0.2999999999999998
    endloop
  endfacet
  facet normal 0 0 1
    outer loop
      vertex 67.82371775677416 -4.360722576129026 0.2999999999999998
      vertex 70.77000000029803 -2.8 0.2999999999999998
      vertex 67.70852218662243 -3.5841371226364847 0.2999999999999998
    endloop
  endfacet
  facet normal -0.9987954562051721 -0.04906767432742436 0
    outer loop
      vertex 67.70852218662243 -3.5841371226364847 0
      vertex 67.70852218662243 -3.5841371226364847 0.2999999999999998
      vertex 67.67 -2.8 0.2999999999999998
    endloop
  endfacet
  facet normal 0 0 -1
    outer loop
      vertex 67.82371775677416 -4.360722576129026 0
      vertex 67.70852218662243 -3.5841371226364847 0
      vertex 67.81180340227935 -1.4817996810627272 0
    endloop
  endfacet
  facet normal 0 0 -1
    outer loop
      vertex 67.70852218662243 -3.5841371226364847 0
      vertex 67.67 -2.8 0
      vertex 67.70852218662243 -2.8 0
    endloop
  endfacet
  facet normal -0.9987954562051721 -0.04906767432742436 0
    outer loop
      vertex 67.70852218662243 -3.5841371226364847 0
      vertex 67.67 -2.8 0.2999999999999998
      vertex 67.67 -2.8 0
    endloop
  endfacet
  facet normal 0 0 1
    outer loop
      vertex 67.70852218662243 -3.5841371226364847 0.2999999999999998
      vertex 70.77000000029803 -2.8 0.2999999999999998
      vertex 67.67 -2.8 0.2999999999999998
    endloop
  endfacet
  facet normal 0 0 -1
    outer loop
      vertex 67.70852218662243 -3.5841371226364847 0
      vertex 67.70852218662243 -2.8 0
      vertex 67.81180340227935 -1.4817996810627272 0
    endloop
  endfacet
  facet normal 0 0 -1
    outer loop
      vertex 67.67 -2.8 0
      vertex 67.81180340227935 -1.4817996810627272 0
      vertex 67.70852218662243 -2.8 0
    endloop
  endfacet
  facet normal 0 0 1
    outer loop
      vertex 68.27896373990971 -5.861467458920718 0.2999999999999998
      vertex 70.77000000029803 -2.8 0.2999999999999998
      vertex 68.01447731414233 -5.122277418035699 0.2999999999999998
    endloop
  endfacet
  facet normal 0 0 -1
    outer loop
      vertex 70.01314575050762 -8.45685424949238 0
      vertex 67.81180340227935 -1.4817996810627272 0
      vertex 70.59485372669084 -2.7219531677224227 0
    endloop
  endfacet
  facet normal 0 0 -1
    outer loop
      vertex 70.59485372669084 -8.984083626901896 0
      vertex 70.59485372669084 -2.7219531677224227 0
      vertex 70.89907388463516 -2.7915400509978423 0
    endloop
  endfacet
  facet normal 0 0 -1
    outer loop
      vertex 70.59485372669084 -8.984083626901896 0
      vertex 70.89907388463516 -2.7915400509978423 0
      vertex 71.22543813584318 -2.7701490086849327 0
    endloop
  endfacet
  facet normal 0 0 1
    outer loop
      vertex 70.59485372669084 -8.984083626901896 0.2999999999999998
      vertex 71.40957834273577 -2.758079822361469 0.2999999999999998
      vertex 70.77000000029803 -2.8 0.2999999999999998
    endloop
  endfacet
  facet normal 0 0 1
    outer loop
      vertex 71.22543813584318 -9.451756898420362 0.2999999999999998
      vertex 72.03821332454682 -2.633036549389362 0.2999999999999998
      vertex 71.40957834273577 -2.758079822361469 0.2999999999999998
    endloop
  endfacet
  facet normal 0 0 -1
    outer loop
      vertex 71.22543813584318 -9.451756898420362 0
      vertex 71.22543813584318 -2.7701490086849327 0
      vertex 71.8966458289354 4.2109895679607225 0
    endloop
  endfacet
  facet normal 0 0 -1
    outer loop
      vertex 70.77000000029803 3.513980956400177 0
      vertex 70.89907388463516 -2.7915400509978423 0
      vertex 70.59485372669084 -2.7219531677224227 0
    endloop
  endfacet
  facet normal 0 0 -1
    outer loop
      vertex 70.77000000029803 3.513980956400177 0
      vertex 71.22543813584318 -2.7701490086849327 0
      vertex 70.89907388463516 -2.7915400509978423 0
    endloop
  endfacet
  facet normal 0 0 -1
    outer loop
      vertex 70.77000000029803 3.513980956400177 0
      vertex 70.59485372669084 -2.7219531677224227 0
      vertex 67.81180340227935 -1.4817996810627272 0
    endloop
  endfacet
  facet normal 0 0 -1
    outer loop
      vertex 71.22543813584318 -9.451756898420362 0
      vertex 71.8966458289354 4.2109895679607225 0
      vertex 71.89882610539202 4.105584941371401 0
    endloop
  endfacet
  facet normal -0.4275550934302792 -0.9039892931234448 0
    outer loop
      vertex 72.60853254107928 -10.191036260090293 0
      vertex 72.60853254107928 -10.191036260090293 0.2999999999999998
      vertex 71.89882610539202 -9.85537011478684 0
    endloop
  endfacet
  facet normal -0.33688985339221933 -0.941544065183021 0
    outer loop
      vertex 72.60853254107928 -10.191036260090293 0
      vertex 73.3477225819643 -10.45552268585767 0
      vertex 73.3477225819643 -10.45552268585767 0.2999999999999998
    endloop
  endfacet
  facet normal -0.33688985339221933 -0.941544065183021 0
    outer loop
      vertex 72.60853254107928 -10.191036260090293 0
      vertex 73.3477225819643 -10.45552268585767 0.2999999999999998
      vertex 72.60853254107928 -10.191036260090293 0.2999999999999998
    endloop
  endfacet
  facet normal -0.4275550934302792 -0.9039892931234448 0
    outer loop
      vertex 71.89882610539202 -9.85537011478684 0
      vertex 72.60853254107928 -10.191036260090293 0.2999999999999998
      vertex 71.89882610539202 -9.85537011478684 0.2999999999999998
    endloop
  endfacet
  facet normal -0.24298017990326626 -0.9700312531945433 0
    outer loop
      vertex 73.3477225819643 -10.45552268585767 0
      vertex 74.10927742387098 -10.646282243225844 0
      vertex 74.10927742387098 -10.646282243225844 0.2999999999999998
    endloop
  endfacet
  facet normal -0.24298017990326626 -0.9700312531945433 0
    outer loop
      vertex 73.3477225819643 -10.45552268585767 0
      vertex 74.10927742387098 -10.646282243225844 0.2999999999999998
      vertex 73.3477225819643 -10.45552268585767 0.2999999999999998
    endloop
  endfacet
  facet normal -0.1467304744553597 -0.9891765099647813 0
    outer loop
      vertex 74.10927742387098 -10.646282243225844 0
      vertex 74.88586287736352 -10.761477813377574 0
      vertex 74.88586287736352 -10.761477813377574 0.2999999999999998
    endloop
  endfacet
  facet normal -0.1467304744553597 -0.9891765099647813 0
    outer loop
      vertex 74.10927742387098 -10.646282243225844 0
      vertex 74.88586287736352 -10.761477813377574 0.2999999999999998
      vertex 74.10927742387098 -10.646282243225844 0.2999999999999998
    endloop
  endfacet
  facet normal -0.04906767432742014 -0.9987954562051723 0
    outer loop
      vertex 74.88586287736352 -10.761477813377574 0
      vertex 75.67 -10.8 0
      vertex 75.67 -10.8 0.2999999999999998
    endloop
  endfacet
  facet normal -0.04906767432742014 -0.9987954562051723 0
    outer loop
      vertex 74.88586287736352 -10.761477813377574 0
      vertex 75.67 -10.8 0.2999999999999998
      vertex 74.88586287736352 -10.761477813377574 0.2999999999999998
    endloop
  endfacet
  facet normal 0.04906767432742014 -0.9987954562051723 0
    outer loop
      vertex 75.67 -10.8 0
      vertex 76.45413712263648 -10.761477813377574 0
      vertex 76.45413712263648 -10.761477813377574 0.2999999999999998
    endloop
  endfacet
  facet normal 0.04906767432742014 -0.9987954562051723 0
    outer loop
      vertex 75.67 -10.8 0
      vertex 76.45413712263648 -10.761477813377574 0.2999999999999998
      vertex 75.67 -10.8 0.2999999999999998
    endloop
  endfacet
  facet normal 0.1467304744553597 -0.9891765099647813 0
    outer loop
      vertex 76.45413712263648 -10.761477813377574 0
      vertex 77.23072257612903 -10.646282243225844 0
      vertex 77.23072257612903 -10.646282243225844 0.2999999999999998
    endloop
  endfacet
  facet normal 0.1467304744553597 -0.9891765099647813 0
    outer loop
      vertex 76.45413712263648 -10.761477813377574 0
      vertex 77.23072257612903 -10.646282243225844 0.2999999999999998
      vertex 76.45413712263648 -10.761477813377574 0.2999999999999998
    endloop
  endfacet
  facet normal 0.24298017990326626 -0.9700312531945433 0
    outer loop
      vertex 77.23072257612903 -10.646282243225844 0
      vertex 77.9922774180357 -10.45552268585767 0
      vertex 77.9922774180357 -10.45552268585767 0.2999999999999998
    endloop
  endfacet
  facet normal 0.24298017990326626 -0.9700312531945433 0
    outer loop
      vertex 77.23072257612903 -10.646282243225844 0
      vertex 77.9922774180357 -10.45552268585767 0.2999999999999998
      vertex 77.23072257612903 -10.646282243225844 0.2999999999999998
    endloop
  endfacet
  facet normal 0 0 1
    outer loop
      vertex 72.60853254107928 -10.191036260090293 0.2999999999999998
      vertex 72.64514881819487 -2.4270097121596335 0.2999999999999998
      vertex 71.89882610539202 -9.85537011478684 0.2999999999999998
    endloop
  endfacet
  facet normal 0 0 -1
    outer loop
      vertex 72.60853254107928 -10.191036260090293 0
      vertex 73.3477225819643 -2.0581829799640894 0
      vertex 73.3477225819643 -10.45552268585767 0
    endloop
  endfacet
  facet normal 0 0 1
    outer loop
      vertex 72.60853254107928 -10.191036260090293 0.2999999999999998
      vertex 73.3477225819643 -10.45552268585767 0.2999999999999998
      vertex 73.22000000327826 -2.1435244783759115 0.2999999999999998
    endloop
  endfacet
  facet normal 0 0 -1
    outer loop
      vertex 72.60853254107928 -10.191036260090293 0
      vertex 71.89882610539202 -9.85537011478684 0
      vertex 72.60853254107928 -0.6134941152072737 0
    endloop
  endfacet
  facet normal 0 0 -1
    outer loop
      vertex 73.3477225819643 -10.45552268585767 0
      vertex 73.7744873143573 -1.768526992145666 0
      vertex 74.10927742387098 -10.646282243225844 0
    endloop
  endfacet
  facet normal 0 0 1
    outer loop
      vertex 73.3477225819643 -10.45552268585767 0.2999999999999998
      vertex 74.10927742387098 -10.646282243225844 0.2999999999999998
      vertex 73.75293100327254 -1.7874313697218893 0.2999999999999998
    endloop
  endfacet
  facet normal 0 0 1
    outer loop
      vertex 74.10927742387098 -10.646282243225844 0.2999999999999998
      vertex 74.88586287736352 -10.761477813377574 0.2999999999999998
      vertex 74.23482323139906 -1.3648232251405714 0.2999999999999998
    endloop
  endfacet
  facet normal 0 0 -1
    outer loop
      vertex 74.10927742387098 -10.646282243225844 0
      vertex 74.88586287736352 -0.5410590862040994 0
      vertex 74.88586287736352 -10.761477813377574 0
    endloop
  endfacet
  facet normal 0 0 1
    outer loop
      vertex 74.88586287736352 -10.761477813377574 0.2999999999999998
      vertex 75.67 -10.8 0.2999999999999998
      vertex 75.01352447718382 -0.3499999970197676 0.2999999999999998
    endloop
  endfacet
  facet normal 0 0 -1
    outer loop
      vertex 74.88586287736352 -10.761477813377574 0
      vertex 75.49593694746812 1.6568651694809695 0
      vertex 75.67 -10.8 0
    endloop
  endfacet
  facet normal 0 0 -1
    outer loop
      vertex 75.67 -10.8 0
      vertex 76.45413712263648 5.161477813377576 0
      vertex 76.45413712263648 -10.761477813377574 0
    endloop
  endfacet
  facet normal 0 0 1
    outer loop
      vertex 75.67 -10.8 0.2999999999999998
      vertex 76.45413712263648 -10.761477813377574 0.2999999999999998
      vertex 75.67 5.2 0.2999999999999998
    endloop
  endfacet
  facet normal 0 0 -1
    outer loop
      vertex 76.45413712263648 -10.761477813377574 0
      vertex 77.23072257612903 5.046282243225844 0
      vertex 77.23072257612903 -10.646282243225844 0
    endloop
  endfacet
  facet normal 0 0 1
    outer loop
      vertex 76.45413712263648 -10.761477813377574 0.2999999999999998
      vertex 77.23072257612903 -10.646282243225844 0.2999999999999998
      vertex 76.45413712263648 5.161477813377576 0.2999999999999998
    endloop
  endfacet
  facet normal 0 0 -1
    outer loop
      vertex 77.23072257612903 -10.646282243225844 0
      vertex 77.9922774180357 4.855522685857671 0
      vertex 77.9922774180357 -10.45552268585767 0
    endloop
  endfacet
  facet normal 0 0 1
    outer loop
      vertex 77.23072257612903 -10.646282243225844 0.2999999999999998
      vertex 77.9922774180357 -10.45552268585767 0.2999999999999998
      vertex 77.23072257612903 5.046282243225844 0.2999999999999998
    endloop
  endfacet
  facet normal 0.33688985339221933 -0.941544065183021 0
    outer loop
      vertex 77.9922774180357 -10.45552268585767 0
      vertex 78.73146745892072 -10.191036260090293 0
      vertex 78.73146745892072 -10.191036260090293 0.2999999999999998
    endloop
  endfacet
  facet normal 0.33688985339221933 -0.941544065183021 0
    outer loop
      vertex 77.9922774180357 -10.45552268585767 0
      vertex 78.73146745892072 -10.191036260090293 0.2999999999999998
      vertex 77.9922774180357 -10.45552268585767 0.2999999999999998
    endloop
  endfacet
  facet normal 0.4275550934302792 -0.9039892931234448 0
    outer loop
      vertex 78.73146745892072 -10.191036260090293 0
      vertex 79.44117389460799 -9.85537011478684 0.2999999999999998
      vertex 78.73146745892072 -10.191036260090293 0.2999999999999998
    endloop
  endfacet
  facet normal 0.4275550934302792 -0.9039892931234448 0
    outer loop
      vertex 78.73146745892072 -10.191036260090293 0
      vertex 79.44117389460799 -9.85537011478684 0
      vertex 79.44117389460799 -9.85537011478684 0.2999999999999998
    endloop
  endfacet
  facet normal 0.5141027441932193 -0.8577286100002736 0
    outer loop
      vertex 79.44117389460799 -9.85537011478684 0
      vertex 80.11456186415683 -9.451756898420362 0.2999999999999998
      vertex 79.44117389460799 -9.85537011478684 0.2999999999999998
    endloop
  endfacet
  facet normal 0.5141027441932193 -0.8577286100002736 0
    outer loop
      vertex 79.44117389460799 -9.85537011478684 0
      vertex 80.11456186415683 -9.451756898420362 0
      vertex 80.11456186415683 -9.451756898420362 0.2999999999999998
    endloop
  endfacet
  facet normal 0.5956993044924406 -0.8032075314806395 0
    outer loop
      vertex 80.11456186415683 -9.451756898420362 0
      vertex 80.74514627330916 -8.984083626901896 0
      vertex 80.74514627330916 -8.984083626901896 0.2999999999999998
    endloop
  endfacet
  facet normal 0.5956993044924406 -0.8032075314806395 0
    outer loop
      vertex 80.11456186415683 -9.451756898420362 0
      vertex 80.74514627330916 -8.984083626901896 0.2999999999999998
      vertex 80.11456186415683 -9.451756898420362 0.2999999999999998
    endloop
  endfacet
  facet normal 0.6715589548470129 -0.7409511253549641 0
    outer loop
      vertex 80.74514627330916 -8.984083626901896 0
      vertex 81.32685424949238 -8.45685424949238 0
      vertex 81.32685424949238 -8.45685424949238 0.2999999999999998
    endloop
  endfacet
  facet normal 0.6715589548470129 -0.7409511253549641 0
    outer loop
      vertex 80.74514627330916 -8.984083626901896 0
      vertex 81.32685424949238 -8.45685424949238 0.2999999999999998
      vertex 80.74514627330916 -8.984083626901896 0.2999999999999998
    endloop
  endfacet
  facet normal 0.7409511253549617 -0.6715589548470156 0
    outer loop
      vertex 81.32685424949238 -8.45685424949238 0
      vertex 81.8540836269019 -7.875146273309164 0
      vertex 81.32685424949238 -8.45685424949238 0.2999999999999998
    endloop
  endfacet
  facet normal 0.7409511253549617 -0.6715589548470156 0
    outer loop
      vertex 81.8540836269019 -7.875146273309164 0
      vertex 81.8540836269019 -7.875146273309164 0.2999999999999998
      vertex 81.32685424949238 -8.45685424949238 0.2999999999999998
    endloop
  endfacet
  facet normal 0 0 -1
    outer loop
      vertex 77.9922774180357 -10.45552268585767 0
      vertex 78.73146745892072 4.591036260090294 0
      vertex 78.73146745892072 -10.191036260090293 0
    endloop
  endfacet
  facet normal 0 0 1
    outer loop
      vertex 77.9922774180357 -10.45552268585767 0.2999999999999998
      vertex 78.73146745892072 -10.191036260090293 0.2999999999999998
      vertex 77.9922774180357 4.855522685857671 0.2999999999999998
    endloop
  endfacet
  facet normal 0 0 -1
    outer loop
      vertex 78.73146745892072 -10.191036260090293 0
      vertex 79.44117389460799 4.255370114786841 0
      vertex 79.44117389460799 -9.85537011478684 0
    endloop
  endfacet
  facet normal 0 0 1
    outer loop
      vertex 78.73146745892072 -10.191036260090293 0.2999999999999998
      vertex 79.44117389460799 -9.85537011478684 0.2999999999999998
      vertex 78.73146745892072 4.591036260090294 0.2999999999999998
    endloop
  endfacet
  facet normal 0 0 -1
    outer loop
      vertex 79.44117389460799 -9.85537011478684 0
      vertex 80.11456186415683 3.851756898420362 0
      vertex 80.11456186415683 -9.451756898420362 0
    endloop
  endfacet
  facet normal 0 0 1
    outer loop
      vertex 79.44117389460799 -9.85537011478684 0.2999999999999998
      vertex 80.11456186415683 -9.451756898420362 0.2999999999999998
      vertex 79.44117389460799 4.255370114786841 0.2999999999999998
    endloop
  endfacet
  facet normal 0 0 -1
    outer loop
      vertex 80.11456186415683 -9.451756898420362 0
      vertex 80.74514627330916 3.384083626901896 0
      vertex 80.74514627330916 -8.984083626901896 0
    endloop
  endfacet
  facet normal 0.8032075314806464 -0.5956993044924315 0
    outer loop
      vertex 81.8540836269019 -7.875146273309164 0
      vertex 82.32175689842036 -7.244561864156817 0
      vertex 81.8540836269019 -7.875146273309164 0.2999999999999998
    endloop
  endfacet
  facet normal 0.8032075314806464 -0.5956993044924315 0
    outer loop
      vertex 82.32175689842036 -7.244561864156817 0
      vertex 82.32175689842036 -7.244561864156817 0.2999999999999998
      vertex 81.8540836269019 -7.875146273309164 0.2999999999999998
    endloop
  endfacet
  facet normal 0.857728610000271 -0.5141027441932234 0
    outer loop
      vertex 82.32175689842036 -7.244561864156817 0
      vertex 82.72537011478684 -6.5711738946079805 0
      vertex 82.32175689842036 -7.244561864156817 0.2999999999999998
    endloop
  endfacet
  facet normal 0.857728610000271 -0.5141027441932234 0
    outer loop
      vertex 82.72537011478684 -6.5711738946079805 0
      vertex 82.72537011478684 -6.5711738946079805 0.2999999999999998
      vertex 82.32175689842036 -7.244561864156817 0.2999999999999998
    endloop
  endfacet
  facet normal 0.9039892931234457 -0.4275550934302773 0
    outer loop
      vertex 82.72537011478684 -6.5711738946079805 0
      vertex 83.06103626009029 -5.861467458920718 0
      vertex 82.72537011478684 -6.5711738946079805 0.2999999999999998
    endloop
  endfacet
  facet normal 0.9039892931234457 -0.4275550934302773 0
    outer loop
      vertex 83.06103626009029 -5.861467458920718 0
      vertex 83.06103626009029 -5.861467458920718 0.2999999999999998
      vertex 82.72537011478684 -6.5711738946079805 0.2999999999999998
    endloop
  endfacet
  facet normal 0.9415440651830165 -0.3368898533922321 0
    outer loop
      vertex 83.06103626009029 -5.861467458920718 0
      vertex 83.32552268585768 -5.122277418035699 0
      vertex 83.06103626009029 -5.861467458920718 0.2999999999999998
    endloop
  endfacet
  facet normal 0.9415440651830165 -0.3368898533922321 0
    outer loop
      vertex 83.32552268585768 -5.122277418035699 0
      vertex 83.32552268585768 -5.122277418035699 0.2999999999999998
      vertex 83.06103626009029 -5.861467458920718 0.2999999999999998
    endloop
  endfacet
  facet normal 0 0 1
    outer loop
      vertex 71.89882610539202 -9.85537011478684 0.2999999999999998
      vertex 72.64514881819487 -2.4270097121596335 0.2999999999999998
      vertex 72.03821332454682 -2.633036549389362 0.2999999999999998
    endloop
  endfacet
  facet normal 0 0 1
    outer loop
      vertex 72.60853254107928 -10.191036260090293 0.2999999999999998
      vertex 73.22000000327826 -2.1435244783759115 0.2999999999999998
      vertex 72.64514881819487 -2.4270097121596335 0.2999999999999998
    endloop
  endfacet
  facet normal 0 0 -1
    outer loop
      vertex 72.60853254107928 -10.191036260090293 0
      vertex 73.158726300009 1.008414987273233 0
      vertex 73.3477225819643 -2.0581829799640894 0
    endloop
  endfacet
  facet normal 0 0 -1
    outer loop
      vertex 73.3477225819643 -10.45552268585767 0
      vertex 73.3477225819643 -2.0581829799640894 0
      vertex 73.7744873143573 -1.768526992145666 0
    endloop
  endfacet
  facet normal 0 0 -1
    outer loop
      vertex 74.10927742387098 -10.646282243225844 0
      vertex 73.7744873143573 -1.768526992145666 0
      vertex 74.10927742387098 -1.4749239441035598 0
    endloop
  endfacet
  facet normal 0 0 1
    outer loop
      vertex 73.3477225819643 -10.45552268585767 0.2999999999999998
      vertex 73.75293100327254 -1.7874313697218893 0.2999999999999998
      vertex 73.22000000327826 -2.1435244783759115 0.2999999999999998
    endloop
  endfacet
  facet normal 0 0 1
    outer loop
      vertex 74.10927742387098 -10.646282243225844 0.2999999999999998
      vertex 74.23482323139906 -1.3648232251405714 0.2999999999999998
      vertex 73.75293100327254 -1.7874313697218893 0.2999999999999998
    endloop
  endfacet
  facet normal 0 0 1
    outer loop
      vertex 74.88586287736352 -10.761477813377574 0.2999999999999998
      vertex 74.6574313685298 -0.8829310044646261 0.2999999999999998
      vertex 74.23482323139906 -1.3648232251405714 0.2999999999999998
    endloop
  endfacet
  facet normal 0 0 -1
    outer loop
      vertex 74.10927742387098 -10.646282243225844 0
      vertex 74.10927742387098 -1.4749239441035598 0
      vertex 74.64099181568119 0.1770128450065192 0
    endloop
  endfacet
  facet normal 0 0 -1
    outer loop
      vertex 74.10927742387098 -10.646282243225844 0
      vertex 74.64099181568119 0.1770128450065192 0
      vertex 74.88586287736352 -0.5410590862040994 0
    endloop
  endfacet
  facet normal 0 0 -1
    outer loop
      vertex 72.60853254107928 -10.191036260090293 0
      vertex 72.60853254107928 -0.6134941152072737 0
      vertex 73.158726300009 1.008414987273233 0
    endloop
  endfacet
  facet normal 0 0 -1
    outer loop
      vertex 71.89882610539202 -9.85537011478684 0
      vertex 72.53405767848434 3.075065605663762 0
      vertex 72.60853254107928 -0.6134941152072737 0
    endloop
  endfacet
  facet normal 0 0 1
    outer loop
      vertex 74.88586287736352 -10.761477813377574 0.2999999999999998
      vertex 75.01352447718382 -0.3499999970197676 0.2999999999999998
      vertex 74.6574313685298 -0.8829310044646261 0.2999999999999998
    endloop
  endfacet
  facet normal 0 0 1
    outer loop
      vertex 75.67 -10.8 0.2999999999999998
      vertex 75.29700971096754 0.2248511806130411 0.2999999999999998
      vertex 75.01352447718382 -0.3499999970197676 0.2999999999999998
    endloop
  endfacet
  facet normal 0 0 -1
    outer loop
      vertex 74.88586287736352 -10.761477813377574 0
      vertex 74.88586287736352 -0.5410590862040994 0
      vertex 75.49593694746812 1.6568651694809695 0
    endloop
  endfacet
  facet normal 0 0 1
    outer loop
      vertex 75.67 -10.8 0.2999999999999998
      vertex 75.50303654819727 0.8317866817116739 0.2999999999999998
      vertex 75.29700971096754 0.2248511806130411 0.2999999999999998
    endloop
  endfacet
  facet normal 0 0 1
    outer loop
      vertex 75.67 -10.8 0.2999999999999998
      vertex 75.62807982116938 1.46042165607214 0.2999999999999998
      vertex 75.50303654819727 0.8317866817116739 0.2999999999999998
    endloop
  endfacet
  facet normal 0 0 1
    outer loop
      vertex 75.67 -10.8 0.2999999999999998
      vertex 75.66999999880791 2.099999998509884 0.2999999999999998
      vertex 75.62807982116938 1.46042165607214 0.2999999999999998
    endloop
  endfacet
  facet normal 0 0 -1
    outer loop
      vertex 71.89882610539202 -9.85537011478684 0
      vertex 71.89882610539202 4.105584941371401 0
      vertex 72.53405767848434 3.075065605663762 0
    endloop
  endfacet
  facet normal 0 0 -1
    outer loop
      vertex 73.158726300009 1.008414987273233 0
      vertex 73.22000000327826 2.2556698704339673 0
      vertex 73.3477225819643 -2.0581829799640894 0
    endloop
  endfacet
  facet normal 0 0 -1
    outer loop
      vertex 74.64099181568119 0.1770128450065192 0
      vertex 74.6574313685298 0.5116476307857809 0
      vertex 74.88586287736352 -0.5410590862040994 0
    endloop
  endfacet
  facet normal 0 0 -1
    outer loop
      vertex 73.62926347915939 4.926045009365602 0
      vertex 73.7744873143573 -1.768526992145666 0
      vertex 73.3477225819643 -2.0581829799640894 0
    endloop
  endfacet
  facet normal 0 0 -1
    outer loop
      vertex 73.75293100327254 4.957022111555087 0
      vertex 74.10927742387098 -1.4749239441035598 0
      vertex 73.7744873143573 -1.768526992145666 0
    endloop
  endfacet
  facet normal 0 0 -1
    outer loop
      vertex 75.49593694746812 1.6568651694809695 0
      vertex 75.66417066983512 5.081341258553322 0
      vertex 75.67 -10.8 0
    endloop
  endfacet
  facet normal 0 0 1
    outer loop
      vertex 75.67 -10.8 0.2999999999999998
      vertex 75.67 5.2 0.2999999999999998
      vertex 75.66999999880791 2.099999998509884 0.2999999999999998
    endloop
  endfacet
  facet normal 0 0 -1
    outer loop
      vertex 75.66417066983512 5.081341258553322 0
      vertex 75.67 5.2 0
      vertex 75.67 -10.8 0
    endloop
  endfacet
  facet normal 0 0 -1
    outer loop
      vertex 75.67 -10.8 0
      vertex 75.67 5.2 0
      vertex 76.45413712263648 5.161477813377576 0
    endloop
  endfacet
  facet normal 0 0 1
    outer loop
      vertex 76.45413712263648 -10.761477813377574 0.2999999999999998
      vertex 76.45413712263648 5.161477813377576 0.2999999999999998
      vertex 75.67 5.2 0.2999999999999998
    endloop
  endfacet
  facet normal 0 0 -1
    outer loop
      vertex 76.45413712263648 -10.761477813377574 0
      vertex 76.45413712263648 5.161477813377576 0
      vertex 77.23072257612903 5.046282243225844 0
    endloop
  endfacet
  facet normal 0 0 1
    outer loop
      vertex 77.23072257612903 -10.646282243225844 0.2999999999999998
      vertex 77.23072257612903 5.046282243225844 0.2999999999999998
      vertex 76.45413712263648 5.161477813377576 0.2999999999999998
    endloop
  endfacet
  facet normal 0 0 -1
    outer loop
      vertex 77.23072257612903 -10.646282243225844 0
      vertex 77.23072257612903 5.046282243225844 0
      vertex 77.9922774180357 4.855522685857671 0
    endloop
  endfacet
  facet normal 0 0 1
    outer loop
      vertex 77.9922774180357 -10.45552268585767 0.2999999999999998
      vertex 77.9922774180357 4.855522685857671 0.2999999999999998
      vertex 77.23072257612903 5.046282243225844 0.2999999999999998
    endloop
  endfacet
  facet normal 0 0 1
    outer loop
      vertex 80.11456186415683 -9.451756898420362 0.2999999999999998
      vertex 80.74514627330916 -8.984083626901896 0.2999999999999998
      vertex 80.11456186415683 3.851756898420362 0.2999999999999998
    endloop
  endfacet
  facet normal 0 0 -1
    outer loop
      vertex 80.74514627330916 -8.984083626901896 0
      vertex 81.32685424949238 2.8568542494923808 0
      vertex 81.32685424949238 -8.45685424949238 0
    endloop
  endfacet
  facet normal 0 0 1
    outer loop
      vertex 80.74514627330916 -8.984083626901896 0.2999999999999998
      vertex 81.32685424949238 -8.45685424949238 0.2999999999999998
      vertex 80.74514627330916 3.384083626901896 0.2999999999999998
    endloop
  endfacet
  facet normal 0 0 -1
    outer loop
      vertex 81.32685424949238 -8.45685424949238 0
      vertex 81.8540836269019 2.275146273309164 0
      vertex 81.8540836269019 -7.875146273309164 0
    endloop
  endfacet
  facet normal 0 0 -1
    outer loop
      vertex 81.8540836269019 -7.875146273309164 0
      vertex 82.32175689842036 1.6445618641568176 0
      vertex 82.32175689842036 -7.244561864156817 0
    endloop
  endfacet
  facet normal 0 0 1
    outer loop
      vertex 81.32685424949238 -8.45685424949238 0.2999999999999998
      vertex 81.8540836269019 -7.875146273309164 0.2999999999999998
      vertex 81.32685424949238 2.8568542494923808 0.2999999999999998
    endloop
  endfacet
  facet normal 0 0 1
    outer loop
      vertex 81.8540836269019 -7.875146273309164 0.2999999999999998
      vertex 82.32175689842036 -7.244561864156817 0.2999999999999998
      vertex 81.8540836269019 2.275146273309164 0.2999999999999998
    endloop
  endfacet
  facet normal 0 0 -1
    outer loop
      vertex 82.32175689842036 -7.244561864156817 0
      vertex 82.72537011478684 0.9711738946079813 0
      vertex 82.72537011478684 -6.5711738946079805 0
    endloop
  endfacet
  facet normal 0.9700312531945455 -0.24298017990325776 0
    outer loop
      vertex 83.32552268585768 -5.122277418035699 0
      vertex 83.51628224322585 -4.360722576129026 0
      vertex 83.32552268585768 -5.122277418035699 0.2999999999999998
    endloop
  endfacet
  facet normal 0.9700312531945455 -0.24298017990325776 0
    outer loop
      vertex 83.51628224322585 -4.360722576129026 0
      vertex 83.51628224322585 -4.360722576129026 0.2999999999999998
      vertex 83.32552268585768 -5.122277418035699 0.2999999999999998
    endloop
  endfacet
  facet normal 0 0 1
    outer loop
      vertex 82.32175689842036 -7.244561864156817 0.2999999999999998
      vertex 82.72537011478684 -6.5711738946079805 0.2999999999999998
      vertex 82.32175689842036 1.6445618641568176 0.2999999999999998
    endloop
  endfacet
  facet normal 0 0 1
    outer loop
      vertex 82.72537011478684 -6.5711738946079805 0.2999999999999998
      vertex 83.06103626009029 -5.861467458920718 0.2999999999999998
      vertex 82.72537011478684 0.9711738946079813 0.2999999999999998
    endloop
  endfacet
  facet normal 0 0 -1
    outer loop
      vertex 82.72537011478684 -6.5711738946079805 0
      vertex 83.06103626009029 0.26146745892071843 0
      vertex 83.06103626009029 -5.861467458920718 0
    endloop
  endfacet
  facet normal 0.9891765099647818 -0.14673047445535567 0
    outer loop
      vertex 83.51628224322585 -4.360722576129026 0
      vertex 83.63147781337757 -3.5841371226364847 0
      vertex 83.51628224322585 -4.360722576129026 0.2999999999999998
    endloop
  endfacet
  facet normal 0 0 -1
    outer loop
      vertex 83.06103626009029 -5.861467458920718 0
      vertex 83.32552268585768 -0.4777225819643012 0
      vertex 83.32552268585768 -5.122277418035699 0
    endloop
  endfacet
  facet normal 0 0 -1
    outer loop
      vertex 83.32552268585768 -5.122277418035699 0
      vertex 83.51628224322585 -1.2392774238709738 0
      vertex 83.51628224322585 -4.360722576129026 0
    endloop
  endfacet
  facet normal 0 0 1
    outer loop
      vertex 83.06103626009029 -5.861467458920718 0.2999999999999998
      vertex 83.32552268585768 -5.122277418035699 0.2999999999999998
      vertex 83.06103626009029 0.26146745892071843 0.2999999999999998
    endloop
  endfacet
  facet normal 0.9891765099647818 -0.14673047445535567 0
    outer loop
      vertex 83.63147781337757 -3.5841371226364847 0
      vertex 83.63147781337757 -3.5841371226364847 0.2999999999999998
      vertex 83.51628224322585 -4.360722576129026 0.2999999999999998
    endloop
  endfacet
  facet normal 0 0 -1
    outer loop
      vertex 83.51628224322585 -4.360722576129026 0
      vertex 83.63147781337757 -2.015862877363515 0
      vertex 83.63147781337757 -3.5841371226364847 0
    endloop
  endfacet
  facet normal 0.9987954562051721 -0.04906767432742436 0
    outer loop
      vertex 83.63147781337757 -3.5841371226364847 0
      vertex 83.67 -2.8 0
      vertex 83.63147781337757 -3.5841371226364847 0.2999999999999998
    endloop
  endfacet
  facet normal 0 0 1
    outer loop
      vertex 83.32552268585768 -5.122277418035699 0.2999999999999998
      vertex 83.51628224322585 -4.360722576129026 0.2999999999999998
      vertex 83.32552268585768 -0.4777225819643012 0.2999999999999998
    endloop
  endfacet
  facet normal 0 0 -1
    outer loop
      vertex 83.63147781337757 -3.5841371226364847 0
      vertex 83.63147781337757 -2.015862877363515 0
      vertex 83.67 -2.8 0
    endloop
  endfacet
  facet normal 0.9987954562051721 -0.04906767432742436 0
    outer loop
      vertex 83.67 -2.8 0
      vertex 83.67 -2.8 0.2999999999999998
      vertex 83.63147781337757 -3.5841371226364847 0.2999999999999998
    endloop
  endfacet
  facet normal 0 0 1
    outer loop
      vertex 83.51628224322585 -4.360722576129026 0.2999999999999998
      vertex 83.63147781337757 -3.5841371226364847 0.2999999999999998
      vertex 83.51628224322585 -1.2392774238709738 0.2999999999999998
    endloop
  endfacet
  facet normal 0 0 1
    outer loop
      vertex 83.63147781337757 -3.5841371226364847 0.2999999999999998
      vertex 83.67 -2.8 0.2999999999999998
      vertex 83.63147781337757 -2.015862877363515 0.2999999999999998
    endloop
  endfacet
  facet normal 0 0 -1
    outer loop
      vertex 83.51628224322585 -4.360722576129026 0
      vertex 83.51628224322585 -1.2392774238709738 0
      vertex 83.63147781337757 -2.015862877363515 0
    endloop
  endfacet
  facet normal 0.9987954562051721 0.04906767432742436 0
    outer loop
      vertex 83.67 -2.8 0
      vertex 83.63147781337757 -2.015862877363515 0
      vertex 83.67 -2.8 0.2999999999999998
    endloop
  endfacet
  facet normal 0 0 -1
    outer loop
      vertex 83.32552268585768 -5.122277418035699 0
      vertex 83.32552268585768 -0.4777225819643012 0
      vertex 83.51628224322585 -1.2392774238709738 0
    endloop
  endfacet
  facet normal 0.9987954562051721 0.04906767432742436 0
    outer loop
      vertex 83.63147781337757 -2.015862877363515 0
      vertex 83.63147781337757 -2.015862877363515 0.2999999999999998
      vertex 83.67 -2.8 0.2999999999999998
    endloop
  endfacet
  facet normal 0 0 1
    outer loop
      vertex 83.63147781337757 -3.5841371226364847 0.2999999999999998
      vertex 83.63147781337757 -2.015862877363515 0.2999999999999998
      vertex 83.51628224322585 -1.2392774238709738 0.2999999999999998
    endloop
  endfacet
  facet normal 0 0 -1
    outer loop
      vertex 80.11456186415683 -9.451756898420362 0
      vertex 80.11456186415683 3.851756898420362 0
      vertex 80.74514627330916 3.384083626901896 0
    endloop
  endfacet
  facet normal 0 0 -1
    outer loop
      vertex 77.9922774180357 -10.45552268585767 0
      vertex 77.9922774180357 4.855522685857671 0
      vertex 78.73146745892072 4.591036260090294 0
    endloop
  endfacet
  facet normal 0 0 1
    outer loop
      vertex 78.73146745892072 -10.191036260090293 0.2999999999999998
      vertex 78.73146745892072 4.591036260090294 0.2999999999999998
      vertex 77.9922774180357 4.855522685857671 0.2999999999999998
    endloop
  endfacet
  facet normal 0 0 -1
    outer loop
      vertex 78.73146745892072 -10.191036260090293 0
      vertex 78.73146745892072 4.591036260090294 0
      vertex 79.44117389460799 4.255370114786841 0
    endloop
  endfacet
  facet normal 0 0 1
    outer loop
      vertex 79.44117389460799 -9.85537011478684 0.2999999999999998
      vertex 79.44117389460799 4.255370114786841 0.2999999999999998
      vertex 78.73146745892072 4.591036260090294 0.2999999999999998
    endloop
  endfacet
  facet normal 0 0 -1
    outer loop
      vertex 79.44117389460799 -9.85537011478684 0
      vertex 79.44117389460799 4.255370114786841 0
      vertex 80.11456186415683 3.851756898420362 0
    endloop
  endfacet
  facet normal 0 0 1
    outer loop
      vertex 80.11456186415683 -9.451756898420362 0.2999999999999998
      vertex 80.11456186415683 3.851756898420362 0.2999999999999998
      vertex 79.44117389460799 4.255370114786841 0.2999999999999998
    endloop
  endfacet
  facet normal 0 0 1
    outer loop
      vertex 80.74514627330916 -8.984083626901896 0.2999999999999998
      vertex 80.74514627330916 3.384083626901896 0.2999999999999998
      vertex 80.11456186415683 3.851756898420362 0.2999999999999998
    endloop
  endfacet
  facet normal 0 0 -1
    outer loop
      vertex 80.74514627330916 -8.984083626901896 0
      vertex 80.74514627330916 3.384083626901896 0
      vertex 81.32685424949238 2.8568542494923808 0
    endloop
  endfacet
  facet normal 0 0 1
    outer loop
      vertex 81.32685424949238 -8.45685424949238 0.2999999999999998
      vertex 81.32685424949238 2.8568542494923808 0.2999999999999998
      vertex 80.74514627330916 3.384083626901896 0.2999999999999998
    endloop
  endfacet
  facet normal 0 0 -1
    outer loop
      vertex 81.32685424949238 -8.45685424949238 0
      vertex 81.32685424949238 2.8568542494923808 0
      vertex 81.8540836269019 2.275146273309164 0
    endloop
  endfacet
  facet normal 0 0 -1
    outer loop
      vertex 81.8540836269019 -7.875146273309164 0
      vertex 81.8540836269019 2.275146273309164 0
      vertex 82.32175689842036 1.6445618641568176 0
    endloop
  endfacet
  facet normal 0 0 1
    outer loop
      vertex 82.32175689842036 -7.244561864156817 0.2999999999999998
      vertex 82.32175689842036 1.6445618641568176 0.2999999999999998
      vertex 81.8540836269019 2.275146273309164 0.2999999999999998
    endloop
  endfacet
  facet normal 0 0 1
    outer loop
      vertex 81.8540836269019 -7.875146273309164 0.2999999999999998
      vertex 81.8540836269019 2.275146273309164 0.2999999999999998
      vertex 81.32685424949238 2.8568542494923808 0.2999999999999998
    endloop
  endfacet
  facet normal 0 0 -1
    outer loop
      vertex 82.72537011478684 -6.5711738946079805 0
      vertex 82.72537011478684 0.9711738946079813 0
      vertex 83.06103626009029 0.26146745892071843 0
    endloop
  endfacet
  facet normal 0 0 -1
    outer loop
      vertex 82.32175689842036 -7.244561864156817 0
      vertex 82.32175689842036 1.6445618641568176 0
      vertex 82.72537011478684 0.9711738946079813 0
    endloop
  endfacet
  facet normal 0 0 -1
    outer loop
      vertex 83.06103626009029 -5.861467458920718 0
      vertex 83.06103626009029 0.26146745892071843 0
      vertex 83.32552268585768 -0.4777225819643012 0
    endloop
  endfacet
  facet normal 0.9891765099647819 0.14673047445535578 0
    outer loop
      vertex 83.63147781337757 -2.015862877363515 0
      vertex 83.51628224322585 -1.2392774238709738 0
      vertex 83.63147781337757 -2.015862877363515 0.2999999999999998
    endloop
  endfacet
  facet normal 0 0 1
    outer loop
      vertex 83.32552268585768 -5.122277418035699 0.2999999999999998
      vertex 83.32552268585768 -0.4777225819643012 0.2999999999999998
      vertex 83.06103626009029 0.26146745892071843 0.2999999999999998
    endloop
  endfacet
  facet normal 0 0 1
    outer loop
      vertex 83.51628224322585 -4.360722576129026 0.2999999999999998
      vertex 83.51628224322585 -1.2392774238709738 0.2999999999999998
      vertex 83.32552268585768 -0.4777225819643012 0.2999999999999998
    endloop
  endfacet
  facet normal 0 0 1
    outer loop
      vertex 83.06103626009029 -5.861467458920718 0.2999999999999998
      vertex 83.06103626009029 0.26146745892071843 0.2999999999999998
      vertex 82.72537011478684 0.9711738946079813 0.2999999999999998
    endloop
  endfacet
  facet normal 0.9891765099647819 0.14673047445535578 0
    outer loop
      vertex 83.51628224322585 -1.2392774238709738 0
      vertex 83.51628224322585 -1.2392774238709738 0.2999999999999998
      vertex 83.63147781337757 -2.015862877363515 0.2999999999999998
    endloop
  endfacet
  facet normal 0 0 1
    outer loop
      vertex 82.72537011478684 -6.5711738946079805 0.2999999999999998
      vertex 82.72537011478684 0.9711738946079813 0.2999999999999998
      vertex 82.32175689842036 1.6445618641568176 0.2999999999999998
    endloop
  endfacet
  facet normal 0.9700312531945455 0.24298017990325776 0
    outer loop
      vertex 83.51628224322585 -1.2392774238709738 0
      vertex 83.32552268585768 -0.4777225819643012 0
      vertex 83.51628224322585 -1.2392774238709738 0.2999999999999998
    endloop
  endfacet
  facet normal 0.9700312531945455 0.24298017990325776 0
    outer loop
      vertex 83.32552268585768 -0.4777225819643012 0
      vertex 83.32552268585768 -0.4777225819643012 0.2999999999999998
      vertex 83.51628224322585 -1.2392774238709738 0.2999999999999998
    endloop
  endfacet
  facet normal 0.9415440651830167 0.33688985339223176 0
    outer loop
      vertex 83.32552268585768 -0.4777225819643012 0
      vertex 83.06103626009029 0.26146745892071843 0
      vertex 83.32552268585768 -0.4777225819643012 0.2999999999999998
    endloop
  endfacet
  facet normal 0.9415440651830167 0.33688985339223176 0
    outer loop
      vertex 83.06103626009029 0.26146745892071843 0
      vertex 83.06103626009029 0.26146745892071843 0.2999999999999998
      vertex 83.32552268585768 -0.4777225819643012 0.2999999999999998
    endloop
  endfacet
  facet normal 0.9039892931234457 0.4275550934302773 0
    outer loop
      vertex 82.72537011478684 0.9711738946079813 0
      vertex 82.72537011478684 0.9711738946079813 0.2999999999999998
      vertex 83.06103626009029 0.26146745892071843 0.2999999999999998
    endloop
  endfacet
  facet normal 0.9039892931234457 0.4275550934302773 0
    outer loop
      vertex 83.06103626009029 0.26146745892071843 0
      vertex 82.72537011478684 0.9711738946079813 0
      vertex 83.06103626009029 0.26146745892071843 0.2999999999999998
    endloop
  endfacet
  facet normal 0.0654031266412686 -0.9978589234082873 0
    outer loop
      vertex 70.77000000029803 -2.8 25.1
      vertex 70.77000000029803 -2.8 0.2999999999999998
      vertex 71.40957834273577 -2.758079822361469 0.2999999999999998
    endloop
  endfacet
  facet normal 0.1950903228001521 -0.9807852802472784 0
    outer loop
      vertex 71.40957834273577 -2.758079822361469 25.1
      vertex 71.40957834273577 -2.758079822361469 0.2999999999999998
      vertex 72.03821332454682 -2.633036549389362 0.2999999999999998
    endloop
  endfacet
  facet normal 0.32143946398189843 -0.946930129943614 0
    outer loop
      vertex 72.03821332454682 -2.633036549389362 25.1
      vertex 72.03821332454682 -2.633036549389362 0.2999999999999998
      vertex 72.64514881819487 -2.4270097121596335 0.2999999999999998
    endloop
  endfacet
  facet normal 0.44228869173900115 -0.8968727407831074 0
    outer loop
      vertex 72.64514881819487 -2.4270097121596335 25.1
      vertex 72.64514881819487 -2.4270097121596335 0.2999999999999998
      vertex 73.22000000327826 -2.1435244783759115 0.2999999999999998
    endloop
  endfacet
  facet normal 0.5555702319117262 -0.8314696130428043 0
    outer loop
      vertex 73.22000000327826 -2.1435244783759115 25.1
      vertex 73.22000000327826 -2.1435244783759115 0.2999999999999998
      vertex 73.75293100327254 -1.7874313697218893 0.2999999999999998
    endloop
  endfacet
  facet normal 0.6593458175828483 -0.7518398053016382 0
    outer loop
      vertex 73.75293100327254 -1.7874313697218893 25.1
      vertex 73.75293100327254 -1.7874313697218893 0.2999999999999998
      vertex 74.23482323139906 -1.3648232251405714 0.2999999999999998
    endloop
  endfacet
  facet normal 0.7518398060105502 -0.6593458167744892 0
    outer loop
      vertex 74.23482323139906 -1.3648232251405714 25.1
      vertex 74.23482323139906 -1.3648232251405714 0.2999999999999998
      vertex 74.6574313685298 -0.8829310044646261 0.2999999999999998
    endloop
  endfacet
  facet normal 0.83146961663073 -0.5555702265420157 0
    outer loop
      vertex 74.6574313685298 -0.8829310044646261 25.1
      vertex 74.6574313685298 -0.8829310044646261 0.2999999999999998
      vertex 75.01352447718382 -0.3499999970197676 0.2999999999999998
    endloop
  endfacet
  facet normal 0.8968727385091769 -0.442288696350076 0
    outer loop
      vertex 75.01352447718382 -0.3499999970197676 25.1
      vertex 75.01352447718382 -0.3499999970197676 0.2999999999999998
      vertex 75.29700971096754 0.2248511806130411 0.2999999999999998
    endloop
  endfacet
  facet normal 0.9469301311446718 -0.32143946044369626 0
    outer loop
      vertex 75.29700971096754 0.2248511806130411 25.1
      vertex 75.29700971096754 0.2248511806130411 0.2999999999999998
      vertex 75.50303654819727 0.8317866817116739 0.2999999999999998
    endloop
  endfacet
  facet normal 0 0 -1
    outer loop
      vertex 70.77000000029803 3.513980956400177 0
      vertex 71.27066755164246 3.8788663669743575 0
      vertex 71.22543813584318 -2.7701490086849327 0
    endloop
  endfacet
  facet normal 0 0 -1
    outer loop
      vertex 71.40957834273577 3.9621262909951986 0
      vertex 71.22543813584318 -2.7701490086849327 0
      vertex 71.27066755164246 3.8788663669743575 0
    endloop
  endfacet
  facet normal 0 0 -1
    outer loop
      vertex 71.40957834273577 3.9621262909951986 0
      vertex 71.8966458289354 4.2109895679607225 0
      vertex 71.22543813584318 -2.7701490086849327 0
    endloop
  endfacet
  facet normal 0 0 -1
    outer loop
      vertex 70.77000000029803 3.513980956400177 0
      vertex 70.77000000029803 21.486019043599825 0
      vertex 71.27066755164246 3.8788663669743575 0
    endloop
  endfacet
  facet normal 0 0 -1
    outer loop
      vertex 71.40957834273577 3.9621262909951986 0
      vertex 71.27066755164246 3.8788663669743575 0
      vertex 71.40957834273577 21.037873709004803 0
    endloop
  endfacet
  facet normal 0 0 -1
    outer loop
      vertex 71.40957834273577 3.9621262909951986 0
      vertex 71.40957834273577 21.037873709004803 0
      vertex 71.8966458289354 4.2109895679607225 0
    endloop
  endfacet
  facet normal 0 0 -1
    outer loop
      vertex 72.64514881819487 4.604137773535488 0
      vertex 73.158726300009 1.008414987273233 0
      vertex 72.60853254107928 -0.6134941152072737 0
    endloop
  endfacet
  facet normal 0 0 -1
    outer loop
      vertex 74.12504201395036 5.048620699263406 0
      vertex 74.64099181568119 0.1770128450065192 0
      vertex 74.10927742387098 -1.4749239441035598 0
    endloop
  endfacet
  facet normal 0 0 -1
    outer loop
      vertex 73.22000000327826 2.2556698704339673 0
      vertex 73.62926347915939 4.926045009365602 0
      vertex 73.3477225819643 -2.0581829799640894 0
    endloop
  endfacet
  facet normal 0 0 -1
    outer loop
      vertex 72.64514881819487 4.604137773535488 0
      vertex 72.60853254107928 -0.6134941152072737 0
      vertex 72.53405767848434 3.075065605663762 0
    endloop
  endfacet
  facet normal 0 0 -1
    outer loop
      vertex 73.75293100327254 4.957022111555087 0
      vertex 73.7744873143573 -1.768526992145666 0
      vertex 73.62926347915939 4.926045009365602 0
    endloop
  endfacet
  facet normal 0 0 -1
    outer loop
      vertex 73.75293100327254 4.957022111555087 0
      vertex 74.12504201395036 5.048620699263406 0
      vertex 74.10927742387098 -1.4749239441035598 0
    endloop
  endfacet
  facet normal 0 0 -1
    outer loop
      vertex 74.23482323139906 5.064905204566822 0
      vertex 74.64099181568119 0.1770128450065192 0
      vertex 74.12504201395036 5.048620699263406 0
    endloop
  endfacet
  facet normal 0 0 -1
    outer loop
      vertex 74.6574313685298 0.5116476307857809 0
      vertex 74.9386749246518 5.164072302890725 0
      vertex 74.88586287736352 -0.5410590862040994 0
    endloop
  endfacet
  facet normal 0 0 -1
    outer loop
      vertex 75.49593694746812 1.6568651694809695 0
      vertex 74.88586287736352 -0.5410590862040994 0
      vertex 74.9386749246518 5.164072302890725 0
    endloop
  endfacet
  facet normal 0 0 -1
    outer loop
      vertex 72.03821332454682 4.321295359656504 0
      vertex 72.53405767848434 3.075065605663762 0
      vertex 71.89882610539202 4.105584941371401 0
    endloop
  endfacet
  facet normal 0 0 -1
    outer loop
      vertex 72.03821332454682 4.321295359656504 0
      vertex 71.89882610539202 4.105584941371401 0
      vertex 71.8966458289354 4.2109895679607225 0
    endloop
  endfacet
  facet normal 0 0 -1
    outer loop
      vertex 75.29700971096754 5.181676162105233 0
      vertex 75.49593694746812 1.6568651694809695 0
      vertex 74.9386749246518 5.164072302890725 0
    endloop
  endfacet
  facet normal 0 0 1
    outer loop
      vertex 75.67 5.2 0.2999999999999998
      vertex 75.66999999880791 5.199999999941436 0.2999999999999998
      vertex 75.66999999880791 2.099999998509884 0.2999999999999998
    endloop
  endfacet
  facet normal 0 0 -1
    outer loop
      vertex 75.67 5.2 0
      vertex 75.66417066983512 5.081341258553322 0
      vertex 75.66999999880791 5.199999999941436 0
    endloop
  endfacet
  facet normal -0.049067764364840394 0.9987954517819133 0
    outer loop
      vertex 75.67 5.2 0
      vertex 75.66999999880791 5.199999999941436 0
      vertex 75.67 5.2 0.2999999999999998
    endloop
  endfacet
  facet normal 0.04906767432741788 0.9987954562051724 0
    outer loop
      vertex 75.67 5.2 0
      vertex 75.67 5.2 0.2999999999999998
      vertex 76.45413712263648 5.161477813377576 0
    endloop
  endfacet
  facet normal -0.049067764364840394 0.9987954517819133 0
    outer loop
      vertex 75.67 5.2 0.2999999999999998
      vertex 75.66999999880791 5.199999999941436 0
      vertex 75.66999999880791 5.199999999941436 0.2999999999999998
    endloop
  endfacet
  facet normal 0.04906767432741788 0.9987954562051724 0
    outer loop
      vertex 76.45413712263648 5.161477813377576 0
      vertex 75.67 5.2 0.2999999999999998
      vertex 76.45413712263648 5.161477813377576 0.2999999999999998
    endloop
  endfacet
  facet normal 0.14673047445536191 0.989176509964781 0
    outer loop
      vertex 76.45413712263648 5.161477813377576 0
      vertex 76.45413712263648 5.161477813377576 0.2999999999999998
      vertex 77.23072257612903 5.046282243225844 0
    endloop
  endfacet
  facet normal 0.14673047445536191 0.989176509964781 0
    outer loop
      vertex 77.23072257612903 5.046282243225844 0
      vertex 76.45413712263648 5.161477813377576 0.2999999999999998
      vertex 77.23072257612903 5.046282243225844 0.2999999999999998
    endloop
  endfacet
  facet normal 0.24298017990326418 0.970031253194544 0
    outer loop
      vertex 77.23072257612903 5.046282243225844 0
      vertex 77.23072257612903 5.046282243225844 0.2999999999999998
      vertex 77.9922774180357 4.855522685857671 0
    endloop
  endfacet
  facet normal 0.24298017990326418 0.970031253194544 0
    outer loop
      vertex 77.9922774180357 4.855522685857671 0
      vertex 77.23072257612903 5.046282243225844 0.2999999999999998
      vertex 77.9922774180357 4.855522685857671 0.2999999999999998
    endloop
  endfacet
  facet normal 0.5956993044924406 0.8032075314806395 0
    outer loop
      vertex 80.74514627330916 3.384083626901896 0
      vertex 80.11456186415683 3.851756898420362 0
      vertex 80.11456186415683 3.851756898420362 0.2999999999999998
    endloop
  endfacet
  facet normal 0.5956993044924406 0.8032075314806395 0
    outer loop
      vertex 80.74514627330916 3.384083626901896 0
      vertex 80.11456186415683 3.851756898420362 0.2999999999999998
      vertex 80.74514627330916 3.384083626901896 0.2999999999999998
    endloop
  endfacet
  facet normal 0.8032075314806464 0.5956993044924315 0
    outer loop
      vertex 81.8540836269019 2.275146273309164 0
      vertex 82.32175689842036 1.6445618641568176 0.2999999999999998
      vertex 82.32175689842036 1.6445618641568176 0
    endloop
  endfacet
  facet normal 0.8032075314806464 0.5956993044924315 0
    outer loop
      vertex 81.8540836269019 2.275146273309164 0
      vertex 81.8540836269019 2.275146273309164 0.2999999999999998
      vertex 82.32175689842036 1.6445618641568176 0.2999999999999998
    endloop
  endfacet
  facet normal 0.8577286100002708 0.5141027441932238 0
    outer loop
      vertex 82.72537011478684 0.9711738946079813 0
      vertex 82.32175689842036 1.6445618641568176 0
      vertex 82.72537011478684 0.9711738946079813 0.2999999999999998
    endloop
  endfacet
  facet normal 0.8577286100002708 0.5141027441932238 0
    outer loop
      vertex 82.32175689842036 1.6445618641568176 0
      vertex 82.32175689842036 1.6445618641568176 0.2999999999999998
      vertex 82.72537011478684 0.9711738946079813 0.2999999999999998
    endloop
  endfacet
  facet normal 0.6715589548470129 0.7409511253549641 0
    outer loop
      vertex 81.32685424949238 2.8568542494923808 0
      vertex 80.74514627330916 3.384083626901896 0.2999999999999998
      vertex 81.32685424949238 2.8568542494923808 0.2999999999999998
    endloop
  endfacet
  facet normal 0.7409511253549617 0.6715589548470156 0
    outer loop
      vertex 81.8540836269019 2.275146273309164 0
      vertex 81.32685424949238 2.8568542494923808 0
      vertex 81.8540836269019 2.275146273309164 0.2999999999999998
    endloop
  endfacet
  facet normal 0.7409511253549617 0.6715589548470156 0
    outer loop
      vertex 81.32685424949238 2.8568542494923808 0
      vertex 81.32685424949238 2.8568542494923808 0.2999999999999998
      vertex 81.8540836269019 2.275146273309164 0.2999999999999998
    endloop
  endfacet
  facet normal 0.6715589548470129 0.7409511253549641 0
    outer loop
      vertex 81.32685424949238 2.8568542494923808 0
      vertex 80.74514627330916 3.384083626901896 0
      vertex 80.74514627330916 3.384083626901896 0.2999999999999998
    endloop
  endfacet
  facet normal 0.42755509343028014 0.9039892931234443 0
    outer loop
      vertex 78.73146745892072 4.591036260090294 0
      vertex 78.73146745892072 4.591036260090294 0.2999999999999998
      vertex 79.44117389460799 4.255370114786841 0
    endloop
  endfacet
  facet normal 0.42755509343028014 0.9039892931234443 0
    outer loop
      vertex 79.44117389460799 4.255370114786841 0
      vertex 78.73146745892072 4.591036260090294 0.2999999999999998
      vertex 79.44117389460799 4.255370114786841 0.2999999999999998
    endloop
  endfacet
  facet normal 0.33688985339221933 0.941544065183021 0
    outer loop
      vertex 77.9922774180357 4.855522685857671 0
      vertex 77.9922774180357 4.855522685857671 0.2999999999999998
      vertex 78.73146745892072 4.591036260090294 0
    endloop
  endfacet
  facet normal 0.33688985339221933 0.941544065183021 0
    outer loop
      vertex 78.73146745892072 4.591036260090294 0
      vertex 77.9922774180357 4.855522685857671 0.2999999999999998
      vertex 78.73146745892072 4.591036260090294 0.2999999999999998
    endloop
  endfacet
  facet normal 0.5141027441932193 0.8577286100002736 0
    outer loop
      vertex 79.44117389460799 4.255370114786841 0
      vertex 79.44117389460799 4.255370114786841 0.2999999999999998
      vertex 80.11456186415683 3.851756898420362 0
    endloop
  endfacet
  facet normal 0.5141027441932193 0.8577286100002736 0
    outer loop
      vertex 80.11456186415683 3.851756898420362 0
      vertex 79.44117389460799 4.255370114786841 0.2999999999999998
      vertex 80.11456186415683 3.851756898420362 0.2999999999999998
    endloop
  endfacet
  facet normal 1 0 0
    outer loop
      vertex 75.66999999880791 7.355 17.7
      vertex 75.66999999880791 2.099999998509884 0.2999999999999998
      vertex 75.66999999880791 5.199999999941436 0.2999999999999998
    endloop
  endfacet
  facet normal 0 0 -1
    outer loop
      vertex 73.22000000327826 2.2556698704339673 0
      vertex 73.158726300009 1.008414987273233 0
      vertex 73.22000000327826 20.19017718353724 0
    endloop
  endfacet
  facet normal 0 0 -1
    outer loop
      vertex 74.6574313685298 0.5116476307857809 0
      vertex 74.64099181568119 0.1770128450065192 0
      vertex 74.73918451171377 19.860279866841594 0
    endloop
  endfacet
  facet normal 0 0 -1
    outer loop
      vertex 72.64514881819487 4.604137773535488 0
      vertex 73.22000000327826 20.19017718353724 0
      vertex 73.158726300009 1.008414987273233 0
    endloop
  endfacet
  facet normal 0 0 -1
    outer loop
      vertex 72.03821332454682 4.321295359656504 0
      vertex 72.17998045222467 20.61165378257259 0
      vertex 72.53405767848434 3.075065605663762 0
    endloop
  endfacet
  facet normal 0 0 -1
    outer loop
      vertex 72.64514881819487 4.604137773535488 0
      vertex 72.53405767848434 3.075065605663762 0
      vertex 72.17998045222467 20.61165378257259 0
    endloop
  endfacet
  facet normal 0 0 -1
    outer loop
      vertex 74.23482323139906 5.064905204566822 0
      vertex 74.73918451171377 19.860279866841594 0
      vertex 74.64099181568119 0.1770128450065192 0
    endloop
  endfacet
  facet normal 0 0 -1
    outer loop
      vertex 74.6574313685298 0.5116476307857809 0
      vertex 74.73918451171377 19.860279866841594 0
      vertex 74.9386749246518 5.164072302890725 0
    endloop
  endfacet
  facet normal 0 0 -1
    outer loop
      vertex 73.22000000327826 2.2556698704339673 0
      vertex 73.22000000327826 20.19017718353724 0
      vertex 73.62926347915939 4.926045009365602 0
    endloop
  endfacet
  facet normal 0 0 -1
    outer loop
      vertex 75.49593694746812 1.6568651694809695 0
      vertex 75.66999999880791 19.800000000058564 0
      vertex 75.66417066983512 5.081341258553322 0
    endloop
  endfacet
  facet normal 0 0 -1
    outer loop
      vertex 75.29700971096754 5.181676162105233 0
      vertex 75.66999999880791 19.800000000058564 0
      vertex 75.49593694746812 1.6568651694809695 0
    endloop
  endfacet
  facet normal -1 0 0
    outer loop
      vertex 72.07 0.7999999999999999 2
      vertex 72.07 0.7999999999999999 4.5
      vertex 72.07 24.200000000000003 2
    endloop
  endfacet
  facet normal 0 0 -1
    outer loop
      vertex 72.03821332454682 4.321295359656504 0
      vertex 71.8966458289354 4.2109895679607225 0
      vertex 72.03821332454682 20.678704640343497 0
    endloop
  endfacet
  facet normal 0 0 -1
    outer loop
      vertex 73.75293100327254 4.957022111555087 0
      vertex 73.62926347915939 4.926045009365602 0
      vertex 73.8688753615287 20.013935338594 0
    endloop
  endfacet
  facet normal 0 0 -1
    outer loop
      vertex 73.75293100327254 4.957022111555087 0
      vertex 73.8688753615287 20.013935338594 0
      vertex 74.12504201395036 5.048620699263406 0
    endloop
  endfacet
  facet normal 0 0 -1
    outer loop
      vertex 74.23482323139906 5.064905204566822 0
      vertex 74.12504201395036 5.048620699263406 0
      vertex 74.23482323139906 19.93509479543318 0
    endloop
  endfacet
  facet normal 0 0 -1
    outer loop
      vertex 75.29700971096754 5.181676162105233 0
      vertex 74.9386749246518 5.164072302890725 0
      vertex 75.66999999880791 19.800000000058564 0
    endloop
  endfacet
  facet normal 0 0 -1
    outer loop
      vertex 75.66417066983512 5.081341258553322 0
      vertex 75.66999999880791 19.800000000058564 0
      vertex 75.66999999880791 5.199999999941436 0
    endloop
  endfacet
  facet normal 1 0 0
    outer loop
      vertex 75.66999999880791 5.199999999941436 0
      vertex 75.66999999880791 19.800000000058564 0.2999999999999998
      vertex 75.66999999880791 5.199999999941436 0.2999999999999998
    endloop
  endfacet
  facet normal 1 0 0
    outer loop
      vertex 75.66999999880791 7.355 5.5
      vertex 75.66999999880791 5.199999999941436 0.2999999999999998
      vertex 75.66999999880791 19.800000000058564 0.2999999999999998
    endloop
  endfacet
  facet normal 0 0 1
    outer loop
      vertex 72.07 0.7999999999999999 4.5
      vertex 73.27 -0.4 4.5
      vertex 73.27 25.400000000000002 4.5
    endloop
  endfacet
  facet normal -1 0 0
    outer loop
      vertex 73.27 -0.4 4.5
      vertex 73.27 7.355 5.5
      vertex 73.27 17.145 5.5
    endloop
  endfacet
  facet normal 0 0 1
    outer loop
      vertex 73.27 7.355 5.5
      vertex 75.66999999880791 7.355 5.5
      vertex 73.27 17.145 5.5
    endloop
  endfacet
  facet normal 0.9807852798048562 -0.195090325024359 0
    outer loop
      vertex 75.50303654819727 0.8317866817116739 25.1
      vertex 75.50303654819727 0.8317866817116739 0.2999999999999998
      vertex 75.62807982116938 1.46042165607214 0.2999999999999998
    endloop
  endfacet
  facet normal 0.9978589234082873 -0.0654031266412686 0
    outer loop
      vertex 75.62807982116938 1.46042165607214 25.1
      vertex 75.62807982116938 1.46042165607214 0.2999999999999998
      vertex 75.66999999880791 2.099999998509884 0.2999999999999998
    endloop
  endfacet
  facet normal 1 0 0
    outer loop
      vertex 75.66999999880791 7.355 5.5
      vertex 75.66999999880791 7.355 17.7
      vertex 75.66999999880791 5.199999999941436 0.2999999999999998
    endloop
  endfacet
  facet normal -1 0 0
    outer loop
      vertex 73.27 -0.4 4.5
      vertex 73.27 7.355 17.7
      vertex 73.27 7.355 5.5
    endloop
  endfacet
  facet normal 0 1 0
    outer loop
      vertex 73.27 7.355 5.5
      vertex 75.66999999880791 7.355 17.7
      vertex 75.66999999880791 7.355 5.5
    endloop
  endfacet
  facet normal 0 -1 0
    outer loop
      vertex 17.17 -2.8 19.25
      vertex 70.77000000029803 -2.8 0.2999999999999998
      vertex 37.440000000000005 -2.8 24.1
    endloop
  endfacet
  facet normal 0 1 0
    outer loop
      vertex 17.17 -0.4 19.25
      vertex 22.5 -0.4 21.3
      vertex 73.27 -0.4 4.5
    endloop
  endfacet
  facet normal 0 1 0
    outer loop
      vertex 22.5 -0.4 21.3
      vertex 32.5 -0.4 21.3
      vertex 73.27 -0.4 4.5
    endloop
  endfacet
  facet normal 0 1 0
    outer loop
      vertex 32.5 -0.4 21.3
      vertex 32.5 -0.4 23.5
      vertex 73.27 -0.4 4.5
    endloop
  endfacet
  facet normal 0 1 0
    outer loop
      vertex 32.5 -0.4 23.5
      vertex 37.440000000000005 -0.4 24.1
      vertex 73.27 -0.4 4.5
    endloop
  endfacet
  facet normal 0 -1 0
    outer loop
      vertex 37.440000000000005 -2.8 24.1
      vertex 70.77000000029803 -2.8 0.2999999999999998
      vertex 45.440000000000005 -2.8 24.1
    endloop
  endfacet
  facet normal 0 1 0
    outer loop
      vertex 73.27 -0.4 4.5
      vertex 37.440000000000005 -0.4 24.1
      vertex 45.440000000000005 -0.4 24.1
    endloop
  endfacet
  facet normal 0 -1 0
    outer loop
      vertex 45.440000000000005 -2.8 24.1
      vertex 70.77000000029803 -2.8 0.2999999999999998
      vertex 50.86 -2.8 24.1
    endloop
  endfacet
  facet normal 0 1 0
    outer loop
      vertex 73.27 -0.4 4.5
      vertex 45.440000000000005 -0.4 24.1
      vertex 50.86 -0.4 24.1
    endloop
  endfacet
  facet normal 1 0 0
    outer loop
      vertex 37.440000000000005 -2.8 24.1
      vertex 37.440000000000005 -0.4 25.1
      vertex 37.440000000000005 -2.8 25.1
    endloop
  endfacet
  facet normal 1 0 0
    outer loop
      vertex 37.440000000000005 -2.8 24.1
      vertex 37.440000000000005 -0.4 24.1
      vertex 37.440000000000005 -0.4 25.1
    endloop
  endfacet
  facet normal 0 0 1
    outer loop
      vertex 37.440000000000005 -2.8 24.1
      vertex 45.440000000000005 -0.4 24.1
      vertex 37.440000000000005 -0.4 24.1
    endloop
  endfacet
  facet normal 0 -1 0
    outer loop
      vertex 45.440000000000005 -2.8 24.1
      vertex 50.86 -2.8 25.1
      vertex 45.440000000000005 -2.8 25.1
    endloop
  endfacet
  facet normal 0 0 1
    outer loop
      vertex 37.440000000000005 -2.8 24.1
      vertex 45.440000000000005 -2.8 24.1
      vertex 45.440000000000005 -0.4 24.1
    endloop
  endfacet
  facet normal -1 0 0
    outer loop
      vertex 45.440000000000005 -2.8 24.1
      vertex 45.440000000000005 -2.8 25.1
      vertex 45.440000000000005 -0.4 24.1
    endloop
  endfacet
  facet normal -1 0 0
    outer loop
      vertex 45.440000000000005 -2.8 25.1
      vertex 45.440000000000005 -0.4 25.1
      vertex 45.440000000000005 -0.4 24.1
    endloop
  endfacet
  facet normal 0 0 1
    outer loop
      vertex 45.440000000000005 -2.8 25.1
      vertex 50.86 -0.4 25.1
      vertex 45.440000000000005 -0.4 25.1
    endloop
  endfacet
  facet normal 0 1 0
    outer loop
      vertex 45.440000000000005 -0.4 24.1
      vertex 45.440000000000005 -0.4 25.1
      vertex 50.86 -0.4 24.1
    endloop
  endfacet
  facet normal 0 -1 0
    outer loop
      vertex 45.440000000000005 -2.8 24.1
      vertex 50.86 -2.8 24.1
      vertex 50.86 -2.8 25.1
    endloop
  endfacet
  facet normal 0 0 1
    outer loop
      vertex 45.440000000000005 -2.8 25.1
      vertex 50.86 -2.8 25.1
      vertex 50.86 -0.4 25.1
    endloop
  endfacet
  facet normal 1 0 0
    outer loop
      vertex 50.86 -2.8 24.1
      vertex 50.86 -0.4 25.1
      vertex 50.86 -2.8 25.1
    endloop
  endfacet
  facet normal 1 0 0
    outer loop
      vertex 50.86 -2.8 24.1
      vertex 50.86 -0.4 24.1
      vertex 50.86 -0.4 25.1
    endloop
  endfacet
  facet normal 0 1 0
    outer loop
      vertex 45.440000000000005 -0.4 25.1
      vertex 50.86 -0.4 25.1
      vertex 50.86 -0.4 24.1
    endloop
  endfacet
  facet normal 0 0 1
    outer loop
      vertex 50.86 -2.8 24.1
      vertex 58.86 -0.4 24.1
      vertex 50.86 -0.4 24.1
    endloop
  endfacet
  facet normal 0 0 1
    outer loop
      vertex 50.86 -2.8 24.1
      vertex 58.86 -2.8 24.1
      vertex 58.86 -0.4 24.1
    endloop
  endfacet
  facet normal -1 0 0
    outer loop
      vertex 58.86 -2.8 24.1
      vertex 58.86 -2.8 25.1
      vertex 58.86 -0.4 24.1
    endloop
  endfacet
  facet normal -1 0 0
    outer loop
      vertex 58.86 -2.8 25.1
      vertex 58.86 -0.4 25.1
      vertex 58.86 -0.4 24.1
    endloop
  endfacet
  facet normal 0 1 0
    outer loop
      vertex 58.86 -0.4 24.1
      vertex 58.86 -0.4 25.1
      vertex 62 -0.4 23.5
    endloop
  endfacet
  facet normal 0 -1 0
    outer loop
      vertex 50.86 -2.8 24.1
      vertex 70.77000000029803 -2.8 0.2999999999999998
      vertex 58.86 -2.8 24.1
    endloop
  endfacet
  facet normal 0 1 0
    outer loop
      vertex 73.27 -0.4 4.5
      vertex 58.86 -0.4 24.1
      vertex 62 -0.4 21.3
    endloop
  endfacet
  facet normal 0 1 0
    outer loop
      vertex 73.27 -0.4 4.5
      vertex 50.86 -0.4 24.1
      vertex 58.86 -0.4 24.1
    endloop
  endfacet
  facet normal 0 -1 0
    outer loop
      vertex 58.86 -2.8 24.1
      vertex 70.77000000029803 -2.8 0.2999999999999998
      vertex 70.77000000029803 -2.8 25.1
    endloop
  endfacet
  facet normal 0.0654031266412686 -0.9978589234082873 0
    outer loop
      vertex 70.77000000029803 -2.8 25.1
      vertex 71.40957834273577 -2.758079822361469 0.2999999999999998
      vertex 71.40957834273577 -2.758079822361469 25.1
    endloop
  endfacet
  facet normal 0.1950903228001521 -0.9807852802472784 0
    outer loop
      vertex 71.40957834273577 -2.758079822361469 25.1
      vertex 72.03821332454682 -2.633036549389362 0.2999999999999998
      vertex 72.03821332454682 -2.633036549389362 25.1
    endloop
  endfacet
  facet normal 0 1 0
    outer loop
      vertex 73.27 -0.4 4.5
      vertex 62 -0.4 21.3
      vertex 72 -0.4 21.3
    endloop
  endfacet
  facet normal 0.32143946398189843 -0.946930129943614 0
    outer loop
      vertex 72.03821332454682 -2.633036549389362 25.1
      vertex 72.64514881819487 -2.4270097121596335 0.2999999999999998
      vertex 72.64514881819487 -2.4270097121596335 25.1
    endloop
  endfacet
  facet normal 0.44228869173900115 -0.8968727407831074 0
    outer loop
      vertex 72.64514881819487 -2.4270097121596335 25.1
      vertex 73.22000000327826 -2.1435244783759115 0.2999999999999998
      vertex 73.22000000327826 -2.1435244783759115 25.1
    endloop
  endfacet
  facet normal 0.5555702319117262 -0.8314696130428043 0
    outer loop
      vertex 73.22000000327826 -2.1435244783759115 25.1
      vertex 73.75293100327254 -1.7874313697218893 0.2999999999999998
      vertex 73.75293100327254 -1.7874313697218893 25.1
    endloop
  endfacet
  facet normal 0.6593458175828483 -0.7518398053016382 0
    outer loop
      vertex 73.75293100327254 -1.7874313697218893 25.1
      vertex 74.23482323139906 -1.3648232251405714 0.2999999999999998
      vertex 74.23482323139906 -1.3648232251405714 25.1
    endloop
  endfacet
  facet normal 0.7518398060105502 -0.6593458167744892 0
    outer loop
      vertex 74.23482323139906 -1.3648232251405714 25.1
      vertex 74.6574313685298 -0.8829310044646261 0.2999999999999998
      vertex 74.6574313685298 -0.8829310044646261 25.1
    endloop
  endfacet
  facet normal 0 1 0
    outer loop
      vertex 73.27 -0.4 4.5
      vertex 72 -0.4 21.3
      vertex 73.27 -0.4 25.1
    endloop
  endfacet
  facet normal 0.83146961663073 -0.5555702265420157 0
    outer loop
      vertex 74.6574313685298 -0.8829310044646261 25.1
      vertex 75.01352447718382 -0.3499999970197676 0.2999999999999998
      vertex 75.01352447718382 -0.3499999970197676 25.1
    endloop
  endfacet
  facet normal 0.8968727385091769 -0.442288696350076 0
    outer loop
      vertex 75.01352447718382 -0.3499999970197676 25.1
      vertex 75.29700971096754 0.2248511806130411 0.2999999999999998
      vertex 75.29700971096754 0.2248511806130411 25.1
    endloop
  endfacet
  facet normal 0.9469301311446718 -0.32143946044369626 0
    outer loop
      vertex 75.29700971096754 0.2248511806130411 25.1
      vertex 75.50303654819727 0.8317866817116739 0.2999999999999998
      vertex 75.50303654819727 0.8317866817116739 25.1
    endloop
  endfacet
  facet normal 0 0 1
    outer loop
      vertex 62 -1.3 21.3
      vertex 72 -0.4 21.3
      vertex 62 -0.4 21.3
    endloop
  endfacet
  facet normal 0 0 1
    outer loop
      vertex 62 -1.3 21.3
      vertex 72 -1.3 21.3
      vertex 72 -0.4 21.3
    endloop
  endfacet
  facet normal 0 -1 0
    outer loop
      vertex 58.86 -2.8 24.1
      vertex 70.77000000029803 -2.8 25.1
      vertex 58.86 -2.8 25.1
    endloop
  endfacet
  facet normal 1 0 0
    outer loop
      vertex 62 -1.3 21.3
      vertex 62 -0.4 21.3
      vertex 62 -1.3 23.5
    endloop
  endfacet
  facet normal 1 0 0
    outer loop
      vertex 62 -0.4 21.3
      vertex 62 -0.4 23.5
      vertex 62 -1.3 23.5
    endloop
  endfacet
  facet normal 0 1 0
    outer loop
      vertex 62 -0.4 21.3
      vertex 58.86 -0.4 24.1
      vertex 62 -0.4 23.5
    endloop
  endfacet
  facet normal 0 1 0
    outer loop
      vertex 62 -1.3 21.3
      vertex 62 -1.3 23.5
      vertex 72 -1.3 23.5
    endloop
  endfacet
  facet normal 0 0 -1
    outer loop
      vertex 62 -1.3 23.5
      vertex 62 -0.4 23.5
      vertex 72 -1.3 23.5
    endloop
  endfacet
  facet normal 0 0 1
    outer loop
      vertex 58.86 -2.8 25.1
      vertex 70.77000000029803 -2.8 25.1
      vertex 58.86 -0.4 25.1
    endloop
  endfacet
  facet normal 0 1 0
    outer loop
      vertex 58.86 -0.4 25.1
      vertex 72 -0.4 23.5
      vertex 62 -0.4 23.5
    endloop
  endfacet
  facet normal 0 1 0
    outer loop
      vertex 62 -1.3 21.3
      vertex 72 -1.3 23.5
      vertex 72 -1.3 21.3
    endloop
  endfacet
  facet normal 0 0 -1
    outer loop
      vertex 62 -0.4 23.5
      vertex 72 -0.4 23.5
      vertex 72 -1.3 23.5
    endloop
  endfacet
  facet normal 0 0 1
    outer loop
      vertex 58.86 -0.4 25.1
      vertex 70.77000000029803 -2.8 25.1
      vertex 71.40957834273577 -2.758079822361469 25.1
    endloop
  endfacet
  facet normal 0 0 1
    outer loop
      vertex 58.86 -0.4 25.1
      vertex 71.40957834273577 -2.758079822361469 25.1
      vertex 72.03821332454682 -2.633036549389362 25.1
    endloop
  endfacet
  facet normal 0 0 1
    outer loop
      vertex 58.86 -0.4 25.1
      vertex 72.03821332454682 -2.633036549389362 25.1
      vertex 72.64514881819487 -2.4270097121596335 25.1
    endloop
  endfacet
  facet normal 0 0 1
    outer loop
      vertex 58.86 -0.4 25.1
      vertex 72.64514881819487 -2.4270097121596335 25.1
      vertex 73.27 -0.4 25.1
    endloop
  endfacet
  facet normal 0 1 0
    outer loop
      vertex 58.86 -0.4 25.1
      vertex 73.27 -0.4 25.1
      vertex 72 -0.4 23.5
    endloop
  endfacet
  facet normal -1 0 0
    outer loop
      vertex 72 -1.3 21.3
      vertex 72 -0.4 23.5
      vertex 72 -0.4 21.3
    endloop
  endfacet
  facet normal -1 0 0
    outer loop
      vertex 72 -1.3 21.3
      vertex 72 -1.3 23.5
      vertex 72 -0.4 23.5
    endloop
  endfacet
  facet normal 0 1 0
    outer loop
      vertex 72 -0.4 21.3
      vertex 72 -0.4 23.5
      vertex 73.27 -0.4 25.1
    endloop
  endfacet
  facet normal 0 0 1
    outer loop
      vertex 72.64514881819487 -2.4270097121596335 25.1
      vertex 73.22000000327826 -2.1435244783759115 25.1
      vertex 73.27 -0.4 25.1
    endloop
  endfacet
  facet normal 0 0 1
    outer loop
      vertex 73.22000000327826 -2.1435244783759115 25.1
      vertex 73.75293100327254 -1.7874313697218893 25.1
      vertex 73.27 -0.4 25.1
    endloop
  endfacet
  facet normal 1 0 0
    outer loop
      vertex 75.66999999880791 2.099999998509884 25.1
      vertex 75.66999999880791 2.099999998509884 0.2999999999999998
      vertex 75.66999999880791 7.355 17.7
    endloop
  endfacet
  facet normal -1 0 0
    outer loop
      vertex 73.27 -0.4 4.5
      vertex 73.27 -0.4 25.1
      vertex 73.27 7.355 17.7
    endloop
  endfacet
  facet normal 0.9807852798048562 -0.195090325024359 0
    outer loop
      vertex 75.50303654819727 0.8317866817116739 25.1
      vertex 75.62807982116938 1.46042165607214 0.2999999999999998
      vertex 75.62807982116938 1.46042165607214 25.1
    endloop
  endfacet
  facet normal 0.9978589234082873 -0.0654031266412686 0
    outer loop
      vertex 75.62807982116938 1.46042165607214 25.1
      vertex 75.66999999880791 2.099999998509884 0.2999999999999998
      vertex 75.66999999880791 2.099999998509884 25.1
    endloop
  endfacet
  facet normal 0 1 0
    outer loop
      vertex 73.27 7.355 5.5
      vertex 73.27 7.355 17.7
      vertex 75.66999999880791 7.355 17.7
    endloop
  endfacet
  facet normal 0 0 -1
    outer loop
      vertex 73.27 7.355 17.7
      vertex 75.66999999880791 17.145 17.7
      vertex 75.66999999880791 7.355 17.7
    endloop
  endfacet
  facet normal -1 0 0
    outer loop
      vertex 73.27 -0.4 25.1
      vertex 73.27 17.145 17.7
      vertex 73.27 7.355 17.7
    endloop
  endfacet
  facet normal 1 0 0
    outer loop
      vertex 75.66999999880791 2.099999998509884 25.1
      vertex 75.66999999880791 7.355 17.7
      vertex 75.66999999880791 17.145 17.7
    endloop
  endfacet
  facet normal 0 0 1
    outer loop
      vertex 73.75293100327254 -1.7874313697218893 25.1
      vertex 73.27 25.400000000000002 25.1
      vertex 73.27 -0.4 25.1
    endloop
  endfacet
  facet normal 0 0 1
    outer loop
      vertex 73.75293100327254 -1.7874313697218893 25.1
      vertex 74.23482323139906 -1.3648232251405714 25.1
      vertex 73.75293100327254 26.787431363761424 25.1
    endloop
  endfacet
  facet normal 0 0 1
    outer loop
      vertex 74.23482323139906 -1.3648232251405714 25.1
      vertex 74.6574313685298 -0.8829310044646261 25.1
      vertex 74.23482323139906 26.364823226630687 25.1
    endloop
  endfacet
  facet normal 0 0 1
    outer loop
      vertex 74.6574313685298 -0.8829310044646261 25.1
      vertex 75.01352447718382 -0.3499999970197676 25.1
      vertex 74.6574313685298 25.88293099850416 25.1
    endloop
  endfacet
  facet normal 0 0 1
    outer loop
      vertex 75.01352447718382 -0.3499999970197676 25.1
      vertex 75.29700971096754 0.2248511806130411 25.1
      vertex 75.01352447718382 25.349999998509883 25.1
    endloop
  endfacet
  facet normal 0 0 1
    outer loop
      vertex 75.29700971096754 0.2248511806130411 25.1
      vertex 75.50303654819727 0.8317866817116739 25.1
      vertex 75.29700971096754 24.775148820877074 25.1
    endloop
  endfacet
  facet normal 0 0 1
    outer loop
      vertex 75.50303654819727 0.8317866817116739 25.1
      vertex 75.62807982116938 1.46042165607214 25.1
      vertex 75.50303654819727 24.16821331977844 25.1
    endloop
  endfacet
  facet normal 0 0 1
    outer loop
      vertex 75.62807982116938 1.46042165607214 25.1
      vertex 75.66999999880791 2.099999998509884 25.1
      vertex 75.62807982116938 23.539578345417976 25.1
    endloop
  endfacet
  facet normal 0 0 -1
    outer loop
      vertex 5.0807652367489045 26.471742883502923 0
      vertex 70.77000000029803 21.486019043599825 0
      vertex 70.77000000029803 3.513980956400177 0
    endloop
  endfacet
  facet normal 0 0 1
    outer loop
      vertex 0.7999999999999999 24.200000000000003 2
      vertex 72.07 0.7999999999999999 2
      vertex 72.07 24.200000000000003 2
    endloop
  endfacet
  facet normal 0 0 -1
    outer loop
      vertex 5.0807652367489045 26.471742883502923 0
      vertex 67.6700000000732 27.800000001490115 0
      vertex 70.59485372669084 27.800000001490115 0
    endloop
  endfacet
  facet normal 0 1 0
    outer loop
      vertex 5.199999999926796 27.800000001490115 0.2999999999999998
      vertex 67.6700000000732 27.800000001490115 0.2999999999999998
      vertex 67.6700000000732 27.800000001490115 0
    endloop
  endfacet
  facet normal 0 0 -1
    outer loop
      vertex 5.0807652367489045 26.471742883502923 0
      vertex 70.77000000029803 25.181100675146336 0
      vertex 70.77000000029803 21.486019043599825 0
    endloop
  endfacet
  facet normal 0 0 -1
    outer loop
      vertex 5.0807652367489045 26.471742883502923 0
      vertex 70.59485372669084 27.800000001490115 0
      vertex 70.77000000029803 25.181100675146336 0
    endloop
  endfacet
  facet normal 0 -1 0
    outer loop
      vertex 0.7999999999999999 24.200000000000003 2
      vertex 72.07 24.200000000000003 2
      vertex 72.07 24.200000000000003 4.5
    endloop
  endfacet
  facet normal 0 0 1
    outer loop
      vertex -0.4 25.400000000000002 4.5
      vertex 72.07 24.200000000000003 4.5
      vertex 73.27 25.400000000000002 4.5
    endloop
  endfacet
  facet normal 0 1 0
    outer loop
      vertex 70.77000000029803 27.800000001490115 25.1
      vertex 67.6700000000732 27.800000001490115 0.2999999999999998
      vertex 5.199999999926796 27.800000001490115 0.2999999999999998
    endloop
  endfacet
  facet normal 0 -1 0
    outer loop
      vertex -0.4 25.400000000000002 4.5
      vertex 73.27 25.400000000000002 4.5
      vertex 62 25.400000000000002 21.3
    endloop
  endfacet
  facet normal 0 0 -1
    outer loop
      vertex 71.40957834273577 21.037873709004803 0
      vertex 71.55032967924126 20.953510604518513 0
      vertex 71.8966458289354 4.2109895679607225 0
    endloop
  endfacet
  facet normal 0 0 -1
    outer loop
      vertex 72.03821332454682 20.678704640343497 0
      vertex 71.8966458289354 4.2109895679607225 0
      vertex 71.55032967924126 20.953510604518513 0
    endloop
  endfacet
  facet normal 0 0 -1
    outer loop
      vertex 70.77000000029803 21.486019043599825 0
      vertex 70.90423483897676 21.386463702165 0
      vertex 71.27066755164246 3.8788663669743575 0
    endloop
  endfacet
  facet normal 0 0 -1
    outer loop
      vertex 71.40957834273577 21.037873709004803 0
      vertex 71.27066755164246 3.8788663669743575 0
      vertex 70.90423483897676 21.386463702165 0
    endloop
  endfacet
  facet normal 0 0 -1
    outer loop
      vertex 70.77000000029803 21.486019043599825 0
      vertex 70.77000000029803 25.181100675146336 0
      vertex 70.90423483897676 21.386463702165 0
    endloop
  endfacet
  facet normal 0 0 -1
    outer loop
      vertex 71.40957834273577 21.037873709004803 0
      vertex 71.40957834273577 24.896503121440233 0
      vertex 71.55032967924126 20.953510604518513 0
    endloop
  endfacet
  facet normal 0 0 -1
    outer loop
      vertex 71.40957834273577 21.037873709004803 0
      vertex 70.90423483897676 21.386463702165 0
      vertex 71.40957834273577 24.896503121440233 0
    endloop
  endfacet
  facet normal 0 0 -1
    outer loop
      vertex 71.55032967924126 20.953510604518513 0
      vertex 71.89882610539202 27.66076239273986 0
      vertex 72.03821332454682 23.58192191205564 0
    endloop
  endfacet
  facet normal 0 0 -1
    outer loop
      vertex 72.03821332454682 4.321295359656504 0
      vertex 72.03821332454682 20.678704640343497 0
      vertex 72.17998045222467 20.61165378257259 0
    endloop
  endfacet
  facet normal 0 0 -1
    outer loop
      vertex 72.64514881819487 4.604137773535488 0
      vertex 72.17998045222467 20.61165378257259 0
      vertex 72.64514881819487 20.395862226464516 0
    endloop
  endfacet
  facet normal 0 0 -1
    outer loop
      vertex 72.64514881819487 4.604137773535488 0
      vertex 72.64514881819487 20.395862226464516 0
      vertex 73.22000000327826 20.19017718353724 0
    endloop
  endfacet
  facet normal 0 0 -1
    outer loop
      vertex 73.8688753615287 20.013935338594 0
      vertex 73.62926347915939 4.926045009365602 0
      vertex 73.348933553895 20.144173981464533 0
    endloop
  endfacet
  facet normal 0 0 -1
    outer loop
      vertex 73.22000000327826 20.19017718353724 0
      vertex 73.348933553895 20.144173981464533 0
      vertex 73.62926347915939 4.926045009365602 0
    endloop
  endfacet
  facet normal 0 0 -1
    outer loop
      vertex 74.23482323139906 19.93509479543318 0
      vertex 74.12504201395036 5.048620699263406 0
      vertex 73.8688753615287 20.013935338594 0
    endloop
  endfacet
  facet normal 0 0 -1
    outer loop
      vertex 74.23482323139906 5.064905204566822 0
      vertex 74.23482323139906 19.93509479543318 0
      vertex 74.73918451171377 19.860279866841594 0
    endloop
  endfacet
  facet normal 0 0 -1
    outer loop
      vertex 75.01352447718382 19.832250574386727 0
      vertex 74.9386749246518 5.164072302890725 0
      vertex 74.73918451171377 19.860279866841594 0
    endloop
  endfacet
  facet normal 0 0 -1
    outer loop
      vertex 75.01352447718382 19.832250574386727 0
      vertex 75.66999999880791 19.800000000058564 0
      vertex 74.9386749246518 5.164072302890725 0
    endloop
  endfacet
  facet normal 1 0 0
    outer loop
      vertex 75.66999999880791 19.800000000058564 0
      vertex 75.66999999880791 19.800000000058564 0.2999999999999998
      vertex 75.66999999880791 5.199999999941436 0
    endloop
  endfacet
  facet normal 1 0 0
    outer loop
      vertex 75.66999999880791 7.355 5.5
      vertex 75.66999999880791 19.800000000058564 0.2999999999999998
      vertex 75.66999999880791 22.90000000298023 0.2999999999999998
    endloop
  endfacet
  facet normal -1 0 0
    outer loop
      vertex 73.27 -0.4 4.5
      vertex 73.27 17.145 5.5
      vertex 73.27 25.400000000000002 4.5
    endloop
  endfacet
  facet normal 0 0 1
    outer loop
      vertex 75.66999999880791 7.355 5.5
      vertex 75.66999999880791 17.145 5.5
      vertex 73.27 17.145 5.5
    endloop
  endfacet
  facet normal -1 0 0
    outer loop
      vertex 72.07 0.7999999999999999 4.5
      vertex 72.07 24.200000000000003 4.5
      vertex 72.07 24.200000000000003 2
    endloop
  endfacet
  facet normal 0 0 1
    outer loop
      vertex 72.07 0.7999999999999999 4.5
      vertex 73.27 25.400000000000002 4.5
      vertex 72.07 24.200000000000003 4.5
    endloop
  endfacet
  facet normal 1 0 0
    outer loop
      vertex 75.66999999880791 7.355 5.5
      vertex 75.66999999880791 22.90000000298023 0.2999999999999998
      vertex 75.66999999880791 17.145 5.5
    endloop
  endfacet
  facet normal 0 0 -1
    outer loop
      vertex 73.22000000327826 20.19017718353724 0
      vertex 73.3477225819643 20.209913402632353 0
      vertex 73.348933553895 20.144173981464533 0
    endloop
  endfacet
  facet normal 0 0 -1
    outer loop
      vertex 72.64514881819487 20.395862226464516 0
      vertex 72.17998045222467 20.61165378257259 0
      vertex 72.64514881819487 21.15430518328354 0
    endloop
  endfacet
  facet normal 0 0 -1
    outer loop
      vertex 74.23482323139906 19.93509479543318 0
      vertex 73.8688753615287 20.013935338594 0
      vertex 74.23482323139906 22.50926137736494 0
    endloop
  endfacet
  facet normal 0 0 -1
    outer loop
      vertex 74.23482323139906 19.93509479543318 0
      vertex 74.23482323139906 22.50926137736494 0
      vertex 74.73918451171377 19.860279866841594 0
    endloop
  endfacet
  facet normal -0.04906702199516535 -0.9987954882519874 0
    outer loop
      vertex 75.67 19.8 0
      vertex 75.66999999880791 19.800000000058564 0.2999999999999998
      vertex 75.66999999880791 19.800000000058564 0
    endloop
  endfacet
  facet normal 0.04906767432742014 -0.9987954562051723 0
    outer loop
      vertex 75.67 19.8 0
      vertex 76.45413712263648 19.838522186622427 0
      vertex 76.45413712263648 19.838522186622427 0.2999999999999998
    endloop
  endfacet
  facet normal -0.04906702199516535 -0.9987954882519874 0
    outer loop
      vertex 75.67 19.8 0
      vertex 75.67 19.8 0.2999999999999998
      vertex 75.66999999880791 19.800000000058564 0.2999999999999998
    endloop
  endfacet
  facet normal 0.04906767432742014 -0.9987954562051723 0
    outer loop
      vertex 75.67 19.8 0
      vertex 76.45413712263648 19.838522186622427 0.2999999999999998
      vertex 75.67 19.8 0.2999999999999998
    endloop
  endfacet
  facet normal 0 0 -1
    outer loop
      vertex 75.01352447718382 19.832250574386727 0
      vertex 74.73918451171377 19.860279866841594 0
      vertex 75.01352447718382 22.437133748718626 0
    endloop
  endfacet
  facet normal 0 0 -1
    outer loop
      vertex 75.01352447718382 19.832250574386727 0
      vertex 75.01352447718382 22.437133748718626 0
      vertex 75.66999999880791 19.800000000058564 0
    endloop
  endfacet
  facet normal 0 0 -1
    outer loop
      vertex 75.67 19.8 0
      vertex 75.66999999880791 19.800000000058564 0
      vertex 75.01352447718382 22.437133748718626 0
    endloop
  endfacet
  facet normal 0 0 1
    outer loop
      vertex 75.67 19.8 0.2999999999999998
      vertex 75.66999999880791 22.90000000298023 0.2999999999999998
      vertex 75.66999999880791 19.800000000058564 0.2999999999999998
    endloop
  endfacet
  facet normal 0.1467304744553597 -0.9891765099647813 0
    outer loop
      vertex 76.45413712263648 19.838522186622427 0
      vertex 77.23072257612903 19.953717756774157 0
      vertex 77.23072257612903 19.953717756774157 0.2999999999999998
    endloop
  endfacet
  facet normal 0.1467304744553597 -0.9891765099647813 0
    outer loop
      vertex 76.45413712263648 19.838522186622427 0
      vertex 77.23072257612903 19.953717756774157 0.2999999999999998
      vertex 76.45413712263648 19.838522186622427 0.2999999999999998
    endloop
  endfacet
  facet normal 0.24298017990326204 -0.9700312531945445 0
    outer loop
      vertex 77.23072257612903 19.953717756774157 0
      vertex 77.9922774180357 20.14447731414233 0
      vertex 77.9922774180357 20.14447731414233 0.2999999999999998
    endloop
  endfacet
  facet normal 0.24298017990326204 -0.9700312531945445 0
    outer loop
      vertex 77.23072257612903 19.953717756774157 0
      vertex 77.9922774180357 20.14447731414233 0.2999999999999998
      vertex 77.23072257612903 19.953717756774157 0.2999999999999998
    endloop
  endfacet
  facet normal 0 0 -1
    outer loop
      vertex 72.03821332454682 20.678704640343497 0
      vertex 71.55032967924126 20.953510604518513 0
      vertex 72.03821332454682 23.58192191205564 0
    endloop
  endfacet
  facet normal 0 0 -1
    outer loop
      vertex 72.03821332454682 20.678704640343497 0
      vertex 72.03821332454682 23.58192191205564 0
      vertex 72.17998045222467 20.61165378257259 0
    endloop
  endfacet
  facet normal 0 0 -1
    outer loop
      vertex 73.8688753615287 20.013935338594 0
      vertex 73.348933553895 20.144173981464533 0
      vertex 74.10927742387098 26.4749239436526 0
    endloop
  endfacet
  facet normal 0 0 -1
    outer loop
      vertex 74.73918451171377 19.860279866841594 0
      vertex 74.23482323139906 22.50926137736494 0
      vertex 74.88586287736352 25.541059085023136 0
    endloop
  endfacet
  facet normal 0 0 -1
    outer loop
      vertex 72.17998045222467 20.61165378257259 0
      vertex 72.60853254107928 27.439439257802288 0
      vertex 72.64514881819487 21.15430518328354 0
    endloop
  endfacet
  facet normal 0 0 -1
    outer loop
      vertex 72.17998045222467 20.61165378257259 0
      vertex 72.03821332454682 23.58192191205564 0
      vertex 72.60853254107928 27.439439257802288 0
    endloop
  endfacet
  facet normal 0 0 -1
    outer loop
      vertex 73.8688753615287 20.013935338594 0
      vertex 74.10927742387098 26.4749239436526 0
      vertex 74.23482323139906 22.50926137736494 0
    endloop
  endfacet
  facet normal 0 0 -1
    outer loop
      vertex 74.73918451171377 19.860279866841594 0
      vertex 74.88586287736352 25.541059085023136 0
      vertex 75.01352447718382 22.437133748718626 0
    endloop
  endfacet
  facet normal 0.3368898533922234 -0.9415440651830196 0
    outer loop
      vertex 77.9922774180357 20.14447731414233 0
      vertex 78.73146745892072 20.40896373990971 0
      vertex 78.73146745892072 20.40896373990971 0.2999999999999998
    endloop
  endfacet
  facet normal 0.3368898533922234 -0.9415440651830196 0
    outer loop
      vertex 77.9922774180357 20.14447731414233 0
      vertex 78.73146745892072 20.40896373990971 0.2999999999999998
      vertex 77.9922774180357 20.14447731414233 0.2999999999999998
    endloop
  endfacet
  facet normal 0.4275550934302792 -0.9039892931234448 0
    outer loop
      vertex 78.73146745892072 20.40896373990971 0
      vertex 79.44117389460799 20.74462988521316 0
      vertex 79.44117389460799 20.74462988521316 0.2999999999999998
    endloop
  endfacet
  facet normal 0.4275550934302792 -0.9039892931234448 0
    outer loop
      vertex 78.73146745892072 20.40896373990971 0
      vertex 79.44117389460799 20.74462988521316 0.2999999999999998
      vertex 78.73146745892072 20.40896373990971 0.2999999999999998
    endloop
  endfacet
  facet normal 0.5141027441932177 -0.8577286100002746 0
    outer loop
      vertex 79.44117389460799 20.74462988521316 0
      vertex 80.11456186415683 21.148243101579638 0
      vertex 80.11456186415683 21.148243101579638 0.2999999999999998
    endloop
  endfacet
  facet normal 0.5141027441932177 -0.8577286100002746 0
    outer loop
      vertex 79.44117389460799 20.74462988521316 0
      vertex 80.11456186415683 21.148243101579638 0.2999999999999998
      vertex 79.44117389460799 20.74462988521316 0.2999999999999998
    endloop
  endfacet
  facet normal 0.595699304492442 -0.8032075314806385 0
    outer loop
      vertex 80.11456186415683 21.148243101579638 0
      vertex 80.74514627330916 21.615916373098106 0
      vertex 80.74514627330916 21.615916373098106 0.2999999999999998
    endloop
  endfacet
  facet normal 0.595699304492442 -0.8032075314806385 0
    outer loop
      vertex 80.11456186415683 21.148243101579638 0
      vertex 80.74514627330916 21.615916373098106 0.2999999999999998
      vertex 80.11456186415683 21.148243101579638 0.2999999999999998
    endloop
  endfacet
  facet normal 0.6715589548470129 -0.7409511253549641 0
    outer loop
      vertex 80.74514627330916 21.615916373098106 0
      vertex 81.32685424949238 22.14314575050762 0.2999999999999998
      vertex 80.74514627330916 21.615916373098106 0.2999999999999998
    endloop
  endfacet
  facet normal 0.6715589548470129 -0.7409511253549641 0
    outer loop
      vertex 80.74514627330916 21.615916373098106 0
      vertex 81.32685424949238 22.14314575050762 0
      vertex 81.32685424949238 22.14314575050762 0.2999999999999998
    endloop
  endfacet
  facet normal 0.7409511253549622 -0.6715589548470149 0
    outer loop
      vertex 81.32685424949238 22.14314575050762 0
      vertex 81.8540836269019 22.72485372669084 0
      vertex 81.32685424949238 22.14314575050762 0.2999999999999998
    endloop
  endfacet
  facet normal 0.7409511253549622 -0.6715589548470149 0
    outer loop
      vertex 81.8540836269019 22.72485372669084 0
      vertex 81.8540836269019 22.72485372669084 0.2999999999999998
      vertex 81.32685424949238 22.14314575050762 0.2999999999999998
    endloop
  endfacet
  facet normal 0.8032075314806456 -0.5956993044924326 0
    outer loop
      vertex 81.8540836269019 22.72485372669084 0
      vertex 82.32175689842036 23.355438135843183 0
      vertex 81.8540836269019 22.72485372669084 0.2999999999999998
    endloop
  endfacet
  facet normal 0.8032075314806456 -0.5956993044924326 0
    outer loop
      vertex 82.32175689842036 23.355438135843183 0
      vertex 82.32175689842036 23.355438135843183 0.2999999999999998
      vertex 81.8540836269019 22.72485372669084 0.2999999999999998
    endloop
  endfacet
  facet normal 0.8577286100002713 -0.514102744193223 0
    outer loop
      vertex 82.32175689842036 23.355438135843183 0
      vertex 82.72537011478684 24.02882610539202 0
      vertex 82.32175689842036 23.355438135843183 0.2999999999999998
    endloop
  endfacet
  facet normal 0.8577286100002713 -0.514102744193223 0
    outer loop
      vertex 82.72537011478684 24.02882610539202 0
      vertex 82.72537011478684 24.02882610539202 0.2999999999999998
      vertex 82.32175689842036 23.355438135843183 0.2999999999999998
    endloop
  endfacet
  facet normal 0 -1 0
    outer loop
      vertex 73.27 17.145 5.5
      vertex 75.66999999880791 17.145 5.5
      vertex 73.27 17.145 17.7
    endloop
  endfacet
  facet normal -1 0 0
    outer loop
      vertex 73.27 17.145 5.5
      vertex 73.27 17.145 17.7
      vertex 73.27 25.400000000000002 4.5
    endloop
  endfacet
  facet normal 0.9978589234082873 0.0654031266412686 0
    outer loop
      vertex 75.66999999880791 22.90000000298023 25.1
      vertex 75.66999999880791 22.90000000298023 0.2999999999999998
      vertex 75.62807982116938 23.539578345417976 0.2999999999999998
    endloop
  endfacet
  facet normal 0.9807852798048562 0.195090325024359 0
    outer loop
      vertex 75.62807982116938 23.539578345417976 25.1
      vertex 75.62807982116938 23.539578345417976 0.2999999999999998
      vertex 75.50303654819727 24.16821331977844 0.2999999999999998
    endloop
  endfacet
  facet normal 1 0 0
    outer loop
      vertex 75.66999999880791 17.145 5.5
      vertex 75.66999999880791 22.90000000298023 0.2999999999999998
      vertex 75.66999999880791 22.90000000298023 25.1
    endloop
  endfacet
  facet normal 0 0 -1
    outer loop
      vertex 70.90423483897676 21.386463702165 0
      vertex 70.77000000029803 25.181100675146336 0
      vertex 71.22543813584318 27.77014901017505 0
    endloop
  endfacet
  facet normal 0 0 -1
    outer loop
      vertex 71.55032967924126 20.953510604518513 0
      vertex 71.40957834273577 24.896503121440233 0
      vertex 71.89882610539202 27.66076239273986 0
    endloop
  endfacet
  facet normal 0 0 -1
    outer loop
      vertex 70.90423483897676 21.386463702165 0
      vertex 71.22543813584318 27.77014901017505 0
      vertex 71.40957834273577 24.896503121440233 0
    endloop
  endfacet
  facet normal -0.9987954562051718 0.04906767432743019 0
    outer loop
      vertex 67.70852218662243 28.584137122636484 0.2999999999999998
      vertex 67.6700000000732 27.800000001490115 0
      vertex 67.6700000000732 27.800000001490115 0.2999999999999998
    endloop
  endfacet
  facet normal -0.9987954562051718 0.04906767432743019 0
    outer loop
      vertex 67.70852218662243 28.584137122636484 0
      vertex 67.6700000000732 27.800000001490115 0
      vertex 67.70852218662243 28.584137122636484 0.2999999999999998
    endloop
  endfacet
  facet normal 0 0 -1
    outer loop
      vertex 67.70852218662243 28.584137122636484 0
      vertex 70.59485372669084 27.800000001490115 0
      vertex 67.6700000000732 27.800000001490115 0
    endloop
  endfacet
  facet normal 0 0 1
    outer loop
      vertex 67.70852218662243 28.584137122636484 0.2999999999999998
      vertex 67.6700000000732 27.800000001490115 0.2999999999999998
      vertex 67.82371775677416 29.360722576129028 0.2999999999999998
    endloop
  endfacet
  facet normal -0.9891765099647819 0.14673047445535525 0
    outer loop
      vertex 67.70852218662243 28.584137122636484 0
      vertex 67.70852218662243 28.584137122636484 0.2999999999999998
      vertex 67.82371775677416 29.360722576129028 0.2999999999999998
    endloop
  endfacet
  facet normal -0.9891765099647819 0.14673047445535525 0
    outer loop
      vertex 67.70852218662243 28.584137122636484 0
      vertex 67.82371775677416 29.360722576129028 0.2999999999999998
      vertex 67.82371775677416 29.360722576129028 0
    endloop
  endfacet
  facet normal 0 0 1
    outer loop
      vertex 67.82371775677416 29.360722576129028 0.2999999999999998
      vertex 67.6700000000732 27.800000001490115 0.2999999999999998
      vertex 68.01447731414233 30.1222774180357 0.2999999999999998
    endloop
  endfacet
  facet normal 0 0 -1
    outer loop
      vertex 67.70852218662243 28.584137122636484 0
      vertex 67.82371775677416 29.360722576129028 0
      vertex 70.59485372669084 27.800000001490115 0
    endloop
  endfacet
  facet normal 0 0 -1
    outer loop
      vertex 67.82371775677416 29.360722576129028 0
      vertex 68.01447731414233 30.1222774180357 0
      vertex 70.59485372669084 27.800000001490115 0
    endloop
  endfacet
  facet normal 0 0 1
    outer loop
      vertex 68.01447731414233 30.1222774180357 0.2999999999999998
      vertex 67.6700000000732 27.800000001490115 0.2999999999999998
      vertex 68.27896373990971 30.861467458920718 0.2999999999999998
    endloop
  endfacet
  facet normal -0.9700312531945455 0.24298017990325776 0
    outer loop
      vertex 67.82371775677416 29.360722576129028 0
      vertex 68.01447731414233 30.1222774180357 0.2999999999999998
      vertex 68.01447731414233 30.1222774180357 0
    endloop
  endfacet
  facet normal -0.9700312531945455 0.24298017990325776 0
    outer loop
      vertex 67.82371775677416 29.360722576129028 0
      vertex 67.82371775677416 29.360722576129028 0.2999999999999998
      vertex 68.01447731414233 30.1222774180357 0.2999999999999998
    endloop
  endfacet
  facet normal 0 0 -1
    outer loop
      vertex 68.01447731414233 30.1222774180357 0
      vertex 68.27896373990971 30.861467458920718 0
      vertex 70.59485372669084 27.800000001490115 0
    endloop
  endfacet
  facet normal 0 0 1
    outer loop
      vertex 70.59485372669084 33.9840836269019 0.2999999999999998
      vertex 67.6700000000732 27.800000001490115 0.2999999999999998
      vertex 70.77000000029803 27.800000001490115 0.2999999999999998
    endloop
  endfacet
  facet normal 0 0 -1
    outer loop
      vertex 71.22543813584318 34.45175689842036 0
      vertex 70.77000000029803 25.181100675146336 0
      vertex 70.59485372669084 27.800000001490115 0
    endloop
  endfacet
  facet normal 0 0 -1
    outer loop
      vertex 71.22543813584318 34.45175689842036 0
      vertex 71.22543813584318 27.77014901017505 0
      vertex 70.77000000029803 25.181100675146336 0
    endloop
  endfacet
  facet normal 0 0 -1
    outer loop
      vertex 71.89882610539202 34.855370114786844 0
      vertex 71.40957834273577 24.896503121440233 0
      vertex 71.22543813584318 27.77014901017505 0
    endloop
  endfacet
  facet normal 0 0 -1
    outer loop
      vertex 71.89882610539202 34.855370114786844 0
      vertex 71.89882610539202 27.66076239273986 0
      vertex 71.40957834273577 24.896503121440233 0
    endloop
  endfacet
  facet normal -0.9415440651830163 0.3368898533922328 0
    outer loop
      vertex 68.01447731414233 30.1222774180357 0
      vertex 68.01447731414233 30.1222774180357 0.2999999999999998
      vertex 68.27896373990971 30.861467458920718 0.2999999999999998
    endloop
  endfacet
  facet normal 0 0 1
    outer loop
      vertex 68.27896373990971 30.861467458920718 0.2999999999999998
      vertex 67.6700000000732 27.800000001490115 0.2999999999999998
      vertex 68.61462988521316 31.57117389460798 0.2999999999999998
    endloop
  endfacet
  facet normal -0.9415440651830163 0.3368898533922328 0
    outer loop
      vertex 68.01447731414233 30.1222774180357 0
      vertex 68.27896373990971 30.861467458920718 0.2999999999999998
      vertex 68.27896373990971 30.861467458920718 0
    endloop
  endfacet
  facet normal 0 0 1
    outer loop
      vertex 68.61462988521316 31.57117389460798 0.2999999999999998
      vertex 67.6700000000732 27.800000001490115 0.2999999999999998
      vertex 69.01824310157964 32.24456186415682 0.2999999999999998
    endloop
  endfacet
  facet normal 0 0 1
    outer loop
      vertex 69.01824310157964 32.24456186415682 0.2999999999999998
      vertex 67.6700000000732 27.800000001490115 0.2999999999999998
      vertex 69.4859163730981 32.87514627330916 0.2999999999999998
    endloop
  endfacet
  facet normal -0.9039892931234457 0.4275550934302773 0
    outer loop
      vertex 68.27896373990971 30.861467458920718 0
      vertex 68.61462988521316 31.57117389460798 0.2999999999999998
      vertex 68.61462988521316 31.57117389460798 0
    endloop
  endfacet
  facet normal -0.9039892931234457 0.4275550934302773 0
    outer loop
      vertex 68.27896373990971 30.861467458920718 0
      vertex 68.27896373990971 30.861467458920718 0.2999999999999998
      vertex 68.61462988521316 31.57117389460798 0.2999999999999998
    endloop
  endfacet
  facet normal -0.8577286100002726 0.514102744193221 0
    outer loop
      vertex 68.61462988521316 31.57117389460798 0
      vertex 69.01824310157964 32.24456186415682 0.2999999999999998
      vertex 69.01824310157964 32.24456186415682 0
    endloop
  endfacet
  facet normal -0.8577286100002726 0.514102744193221 0
    outer loop
      vertex 68.61462988521316 31.57117389460798 0
      vertex 68.61462988521316 31.57117389460798 0.2999999999999998
      vertex 69.01824310157964 32.24456186415682 0.2999999999999998
    endloop
  endfacet
  facet normal 0 0 -1
    outer loop
      vertex 68.27896373990971 30.861467458920718 0
      vertex 68.61462988521316 31.57117389460798 0
      vertex 70.59485372669084 27.800000001490115 0
    endloop
  endfacet
  facet normal 0 0 -1
    outer loop
      vertex 68.61462988521316 31.57117389460798 0
      vertex 69.01824310157964 32.24456186415682 0
      vertex 70.59485372669084 27.800000001490115 0
    endloop
  endfacet
  facet normal 0 0 1
    outer loop
      vertex 69.4859163730981 32.87514627330916 0.2999999999999998
      vertex 67.6700000000732 27.800000001490115 0.2999999999999998
      vertex 70.01314575050762 33.45685424949238 0.2999999999999998
    endloop
  endfacet
  facet normal 0 0 -1
    outer loop
      vertex 69.01824310157964 32.24456186415682 0
      vertex 69.4859163730981 32.87514627330916 0
      vertex 70.59485372669084 27.800000001490115 0
    endloop
  endfacet
  facet normal 0 0 -1
    outer loop
      vertex 69.4859163730981 32.87514627330916 0
      vertex 70.01314575050762 33.45685424949238 0
      vertex 70.59485372669084 27.800000001490115 0
    endloop
  endfacet
  facet normal 0 0 1
    outer loop
      vertex 71.22543813584318 34.45175689842036 0.2999999999999998
      vertex 70.77000000029803 27.800000001490115 0.2999999999999998
      vertex 71.40957834273577 27.758079823851585 0.2999999999999998
    endloop
  endfacet
  facet normal 0 0 1
    outer loop
      vertex 71.89882610539202 34.855370114786844 0.2999999999999998
      vertex 71.40957834273577 27.758079823851585 0.2999999999999998
      vertex 72.03821332454682 27.633036550879478 0.2999999999999998
    endloop
  endfacet
  facet normal 0 0 1
    outer loop
      vertex 70.01314575050762 33.45685424949238 0.2999999999999998
      vertex 67.6700000000732 27.800000001490115 0.2999999999999998
      vertex 70.59485372669084 33.9840836269019 0.2999999999999998
    endloop
  endfacet
  facet normal -0.8032075314806439 0.5956993044924348 0
    outer loop
      vertex 69.01824310157964 32.24456186415682 0
      vertex 69.01824310157964 32.24456186415682 0.2999999999999998
      vertex 69.4859163730981 32.87514627330916 0.2999999999999998
    endloop
  endfacet
  facet normal -0.8032075314806439 0.5956993044924348 0
    outer loop
      vertex 69.01824310157964 32.24456186415682 0
      vertex 69.4859163730981 32.87514627330916 0.2999999999999998
      vertex 69.4859163730981 32.87514627330916 0
    endloop
  endfacet
  facet normal 0 0 -1
    outer loop
      vertex 70.01314575050762 33.45685424949238 0
      vertex 70.59485372669084 33.9840836269019 0
      vertex 70.59485372669084 27.800000001490115 0
    endloop
  endfacet
  facet normal 0 0 -1
    outer loop
      vertex 70.59485372669084 33.9840836269019 0
      vertex 71.22543813584318 34.45175689842036 0
      vertex 70.59485372669084 27.800000001490115 0
    endloop
  endfacet
  facet normal 0 0 1
    outer loop
      vertex 70.59485372669084 33.9840836269019 0.2999999999999998
      vertex 70.77000000029803 27.800000001490115 0.2999999999999998
      vertex 71.22543813584318 34.45175689842036 0.2999999999999998
    endloop
  endfacet
  facet normal 0 0 -1
    outer loop
      vertex 71.22543813584318 34.45175689842036 0
      vertex 71.89882610539202 34.855370114786844 0
      vertex 71.22543813584318 27.77014901017505 0
    endloop
  endfacet
  facet normal 0 0 1
    outer loop
      vertex 71.22543813584318 34.45175689842036 0.2999999999999998
      vertex 71.40957834273577 27.758079823851585 0.2999999999999998
      vertex 71.89882610539202 34.855370114786844 0.2999999999999998
    endloop
  endfacet
  facet normal -0.7409511253549622 0.6715589548470149 0
    outer loop
      vertex 69.4859163730981 32.87514627330916 0
      vertex 69.4859163730981 32.87514627330916 0.2999999999999998
      vertex 70.01314575050762 33.45685424949238 0.2999999999999998
    endloop
  endfacet
  facet normal -0.7409511253549622 0.6715589548470149 0
    outer loop
      vertex 69.4859163730981 32.87514627330916 0
      vertex 70.01314575050762 33.45685424949238 0.2999999999999998
      vertex 70.01314575050762 33.45685424949238 0
    endloop
  endfacet
  facet normal -0.6715589548470154 0.7409511253549618 0
    outer loop
      vertex 70.01314575050762 33.45685424949238 0
      vertex 70.01314575050762 33.45685424949238 0.2999999999999998
      vertex 70.59485372669084 33.9840836269019 0
    endloop
  endfacet
  facet normal -0.6715589548470154 0.7409511253549618 0
    outer loop
      vertex 70.59485372669084 33.9840836269019 0
      vertex 70.01314575050762 33.45685424949238 0.2999999999999998
      vertex 70.59485372669084 33.9840836269019 0.2999999999999998
    endloop
  endfacet
  facet normal -0.595699304492439 0.8032075314806407 0
    outer loop
      vertex 70.59485372669084 33.9840836269019 0
      vertex 70.59485372669084 33.9840836269019 0.2999999999999998
      vertex 71.22543813584318 34.45175689842036 0
    endloop
  endfacet
  facet normal -0.595699304492439 0.8032075314806407 0
    outer loop
      vertex 71.22543813584318 34.45175689842036 0
      vertex 70.59485372669084 33.9840836269019 0.2999999999999998
      vertex 71.22543813584318 34.45175689842036 0.2999999999999998
    endloop
  endfacet
  facet normal -0.514102744193221 0.8577286100002726 0
    outer loop
      vertex 71.22543813584318 34.45175689842036 0
      vertex 71.22543813584318 34.45175689842036 0.2999999999999998
      vertex 71.89882610539202 34.855370114786844 0
    endloop
  endfacet
  facet normal -0.514102744193221 0.8577286100002726 0
    outer loop
      vertex 71.89882610539202 34.855370114786844 0
      vertex 71.22543813584318 34.45175689842036 0.2999999999999998
      vertex 71.89882610539202 34.855370114786844 0.2999999999999998
    endloop
  endfacet
  facet normal 0 0 -1
    outer loop
      vertex 73.3477225819643 35.45552268585767 0
      vertex 73.22000000327826 20.19017718353724 0
      vertex 72.64514881819487 20.395862226464516 0
    endloop
  endfacet
  facet normal 0 0 -1
    outer loop
      vertex 73.3477225819643 35.45552268585767 0
      vertex 73.3477225819643 20.209913402632353 0
      vertex 73.22000000327826 20.19017718353724 0
    endloop
  endfacet
  facet normal 0 0 -1
    outer loop
      vertex 73.3477225819643 35.45552268585767 0
      vertex 73.348933553895 20.144173981464533 0
      vertex 73.3477225819643 20.209913402632353 0
    endloop
  endfacet
  facet normal 0 0 -1
    outer loop
      vertex 73.3477225819643 35.45552268585767 0
      vertex 72.64514881819487 20.395862226464516 0
      vertex 72.64514881819487 21.15430518328354 0
    endloop
  endfacet
  facet normal 0 0 -1
    outer loop
      vertex 75.67 19.8 0
      vertex 76.45413712263648 35.761477813377574 0
      vertex 76.45413712263648 19.838522186622427 0
    endloop
  endfacet
  facet normal 0 0 1
    outer loop
      vertex 75.67 19.8 0.2999999999999998
      vertex 76.45413712263648 19.838522186622427 0.2999999999999998
      vertex 75.67 35.8 0.2999999999999998
    endloop
  endfacet
  facet normal 0 0 -1
    outer loop
      vertex 76.45413712263648 19.838522186622427 0
      vertex 77.23072257612903 35.64628224322584 0
      vertex 77.23072257612903 19.953717756774157 0
    endloop
  endfacet
  facet normal 0 0 1
    outer loop
      vertex 76.45413712263648 19.838522186622427 0.2999999999999998
      vertex 77.23072257612903 19.953717756774157 0.2999999999999998
      vertex 76.45413712263648 35.761477813377574 0.2999999999999998
    endloop
  endfacet
  facet normal 0 0 -1
    outer loop
      vertex 77.23072257612903 19.953717756774157 0
      vertex 77.9922774180357 35.45552268585767 0
      vertex 77.9922774180357 20.14447731414233 0
    endloop
  endfacet
  facet normal 0 0 1
    outer loop
      vertex 77.23072257612903 19.953717756774157 0.2999999999999998
      vertex 77.9922774180357 20.14447731414233 0.2999999999999998
      vertex 77.23072257612903 35.64628224322584 0.2999999999999998
    endloop
  endfacet
  facet normal 0 0 -1
    outer loop
      vertex 75.67 19.8 0
      vertex 75.01352447718382 22.437133748718626 0
      vertex 75.67 35.8 0
    endloop
  endfacet
  facet normal 0 0 1
    outer loop
      vertex 75.67 19.8 0.2999999999999998
      vertex 75.67 35.8 0.2999999999999998
      vertex 75.66999999880791 22.90000000298023 0.2999999999999998
    endloop
  endfacet
  facet normal 0 0 -1
    outer loop
      vertex 73.3477225819643 35.45552268585767 0
      vertex 72.64514881819487 21.15430518328354 0
      vertex 72.60853254107928 27.439439257802288 0
    endloop
  endfacet
  facet normal 0 0 -1
    outer loop
      vertex 74.10927742387098 35.64628224322584 0
      vertex 74.10927742387098 26.4749239436526 0
      vertex 73.348933553895 20.144173981464533 0
    endloop
  endfacet
  facet normal 0 0 -1
    outer loop
      vertex 74.88586287736352 35.761477813377574 0
      vertex 74.88586287736352 25.541059085023136 0
      vertex 74.23482323139906 22.50926137736494 0
    endloop
  endfacet
  facet normal 0 0 -1
    outer loop
      vertex 74.88586287736352 35.761477813377574 0
      vertex 74.23482323139906 22.50926137736494 0
      vertex 74.10927742387098 26.4749239436526 0
    endloop
  endfacet
  facet normal 0 0 -1
    outer loop
      vertex 72.60853254107928 35.19103626009029 0
      vertex 72.03821332454682 23.58192191205564 0
      vertex 71.89882610539202 27.66076239273986 0
    endloop
  endfacet
  facet normal 0 0 -1
    outer loop
      vertex 72.60853254107928 35.19103626009029 0
      vertex 72.60853254107928 27.439439257802288 0
      vertex 72.03821332454682 23.58192191205564 0
    endloop
  endfacet
  facet normal 0 0 1
    outer loop
      vertex 72.60853254107928 35.19103626009029 0.2999999999999998
      vertex 72.64514881819487 27.42700970619917 0.2999999999999998
      vertex 73.22000000327826 27.143524479866027 0.2999999999999998
    endloop
  endfacet
  facet normal 0 0 1
    outer loop
      vertex 74.10927742387098 35.64628224322584 0.2999999999999998
      vertex 73.75293100327254 26.787431363761424 0.2999999999999998
      vertex 74.23482323139906 26.364823226630687 0.2999999999999998
    endloop
  endfacet
  facet normal 0 0 1
    outer loop
      vertex 73.3477225819643 35.45552268585767 0.2999999999999998
      vertex 73.22000000327826 27.143524479866027 0.2999999999999998
      vertex 73.75293100327254 26.787431363761424 0.2999999999999998
    endloop
  endfacet
  facet normal 0 0 1
    outer loop
      vertex 74.88586287736352 35.761477813377574 0.2999999999999998
      vertex 74.23482323139906 26.364823226630687 0.2999999999999998
      vertex 74.6574313685298 25.88293099850416 0.2999999999999998
    endloop
  endfacet
  facet normal 0 0 1
    outer loop
      vertex 75.67 35.8 0.2999999999999998
      vertex 75.62807982116938 23.539578345417976 0.2999999999999998
      vertex 75.66999999880791 22.90000000298023 0.2999999999999998
    endloop
  endfacet
  facet normal 0 0 -1
    outer loop
      vertex 75.67 35.8 0
      vertex 75.01352447718382 22.437133748718626 0
      vertex 74.88586287736352 25.541059085023136 0
    endloop
  endfacet
  facet normal 0 0 1
    outer loop
      vertex 75.67 35.8 0.2999999999999998
      vertex 75.29700971096754 24.775148820877074 0.2999999999999998
      vertex 75.50303654819727 24.16821331977844 0.2999999999999998
    endloop
  endfacet
  facet normal 0 0 1
    outer loop
      vertex 75.67 35.8 0.2999999999999998
      vertex 75.50303654819727 24.16821331977844 0.2999999999999998
      vertex 75.62807982116938 23.539578345417976 0.2999999999999998
    endloop
  endfacet
  facet normal 0 0 1
    outer loop
      vertex 74.88586287736352 35.761477813377574 0.2999999999999998
      vertex 75.01352447718382 25.349999998509883 0.2999999999999998
      vertex 75.29700971096754 24.775148820877074 0.2999999999999998
    endloop
  endfacet
  facet normal 0 0 1
    outer loop
      vertex 74.88586287736352 35.761477813377574 0.2999999999999998
      vertex 74.6574313685298 25.88293099850416 0.2999999999999998
      vertex 75.01352447718382 25.349999998509883 0.2999999999999998
    endloop
  endfacet
  facet normal 0 0 -1
    outer loop
      vertex 77.9922774180357 20.14447731414233 0
      vertex 78.73146745892072 35.19103626009029 0
      vertex 78.73146745892072 20.40896373990971 0
    endloop
  endfacet
  facet normal 0 0 1
    outer loop
      vertex 77.9922774180357 20.14447731414233 0.2999999999999998
      vertex 78.73146745892072 20.40896373990971 0.2999999999999998
      vertex 77.9922774180357 35.45552268585767 0.2999999999999998
    endloop
  endfacet
  facet normal 0 0 -1
    outer loop
      vertex 78.73146745892072 20.40896373990971 0
      vertex 79.44117389460799 34.855370114786844 0
      vertex 79.44117389460799 20.74462988521316 0
    endloop
  endfacet
  facet normal 0 0 1
    outer loop
      vertex 78.73146745892072 20.40896373990971 0.2999999999999998
      vertex 79.44117389460799 20.74462988521316 0.2999999999999998
      vertex 78.73146745892072 35.19103626009029 0.2999999999999998
    endloop
  endfacet
  facet normal 0 0 -1
    outer loop
      vertex 79.44117389460799 20.74462988521316 0
      vertex 80.11456186415683 34.45175689842036 0
      vertex 80.11456186415683 21.148243101579638 0
    endloop
  endfacet
  facet normal 0 0 1
    outer loop
      vertex 79.44117389460799 20.74462988521316 0.2999999999999998
      vertex 80.11456186415683 21.148243101579638 0.2999999999999998
      vertex 79.44117389460799 34.855370114786844 0.2999999999999998
    endloop
  endfacet
  facet normal 0 0 -1
    outer loop
      vertex 80.11456186415683 21.148243101579638 0
      vertex 80.74514627330916 33.9840836269019 0
      vertex 80.74514627330916 21.615916373098106 0
    endloop
  endfacet
  facet normal 0 0 1
    outer loop
      vertex 80.11456186415683 21.148243101579638 0.2999999999999998
      vertex 80.74514627330916 21.615916373098106 0.2999999999999998
      vertex 80.11456186415683 34.45175689842036 0.2999999999999998
    endloop
  endfacet
  facet normal 0.9039892931234457 -0.4275550934302773 0
    outer loop
      vertex 82.72537011478684 24.02882610539202 0
      vertex 83.06103626009029 24.738532541079284 0
      vertex 82.72537011478684 24.02882610539202 0.2999999999999998
    endloop
  endfacet
  facet normal 0.9039892931234457 -0.4275550934302773 0
    outer loop
      vertex 83.06103626009029 24.738532541079284 0
      vertex 83.06103626009029 24.738532541079284 0.2999999999999998
      vertex 82.72537011478684 24.02882610539202 0.2999999999999998
    endloop
  endfacet
  facet normal 0.9415440651830163 -0.3368898533922328 0
    outer loop
      vertex 83.06103626009029 24.738532541079284 0
      vertex 83.32552268585768 25.4777225819643 0
      vertex 83.06103626009029 24.738532541079284 0.2999999999999998
    endloop
  endfacet
  facet normal 0.9415440651830163 -0.3368898533922328 0
    outer loop
      vertex 83.32552268585768 25.4777225819643 0
      vertex 83.32552268585768 25.4777225819643 0.2999999999999998
      vertex 83.06103626009029 24.738532541079284 0.2999999999999998
    endloop
  endfacet
  facet normal 0 0 -1
    outer loop
      vertex 80.74514627330916 21.615916373098106 0
      vertex 81.32685424949238 33.45685424949238 0
      vertex 81.32685424949238 22.14314575050762 0
    endloop
  endfacet
  facet normal 0 0 1
    outer loop
      vertex 80.74514627330916 21.615916373098106 0.2999999999999998
      vertex 81.32685424949238 22.14314575050762 0.2999999999999998
      vertex 80.74514627330916 33.9840836269019 0.2999999999999998
    endloop
  endfacet
  facet normal 0 0 -1
    outer loop
      vertex 81.32685424949238 22.14314575050762 0
      vertex 81.8540836269019 32.87514627330916 0
      vertex 81.8540836269019 22.72485372669084 0
    endloop
  endfacet
  facet normal 0 0 -1
    outer loop
      vertex 81.8540836269019 22.72485372669084 0
      vertex 82.32175689842036 32.24456186415682 0
      vertex 82.32175689842036 23.355438135843183 0
    endloop
  endfacet
  facet normal 0 0 1
    outer loop
      vertex 81.32685424949238 22.14314575050762 0.2999999999999998
      vertex 81.8540836269019 22.72485372669084 0.2999999999999998
      vertex 81.32685424949238 33.45685424949238 0.2999999999999998
    endloop
  endfacet
  facet normal 0 0 1
    outer loop
      vertex 81.8540836269019 22.72485372669084 0.2999999999999998
      vertex 82.32175689842036 23.355438135843183 0.2999999999999998
      vertex 81.8540836269019 32.87514627330916 0.2999999999999998
    endloop
  endfacet
  facet normal 0 0 -1
    outer loop
      vertex 82.32175689842036 23.355438135843183 0
      vertex 82.72537011478684 31.57117389460798 0
      vertex 82.72537011478684 24.02882610539202 0
    endloop
  endfacet
  facet normal 0.9700312531945455 -0.24298017990325776 0
    outer loop
      vertex 83.32552268585768 25.4777225819643 0
      vertex 83.51628224322585 26.239277423870973 0
      vertex 83.32552268585768 25.4777225819643 0.2999999999999998
    endloop
  endfacet
  facet normal 0.9700312531945455 -0.24298017990325776 0
    outer loop
      vertex 83.51628224322585 26.239277423870973 0
      vertex 83.51628224322585 26.239277423870973 0.2999999999999998
      vertex 83.32552268585768 25.4777225819643 0.2999999999999998
    endloop
  endfacet
  facet normal 0 0 1
    outer loop
      vertex 82.32175689842036 23.355438135843183 0.2999999999999998
      vertex 82.72537011478684 24.02882610539202 0.2999999999999998
      vertex 82.32175689842036 32.24456186415682 0.2999999999999998
    endloop
  endfacet
  facet normal 0 0 1
    outer loop
      vertex 82.72537011478684 24.02882610539202 0.2999999999999998
      vertex 83.06103626009029 24.738532541079284 0.2999999999999998
      vertex 82.72537011478684 31.57117389460798 0.2999999999999998
    endloop
  endfacet
  facet normal 0 0 -1
    outer loop
      vertex 82.72537011478684 24.02882610539202 0
      vertex 83.06103626009029 30.861467458920718 0
      vertex 83.06103626009029 24.738532541079284 0
    endloop
  endfacet
  facet normal 0.9891765099647819 -0.14673047445535525 0
    outer loop
      vertex 83.51628224322585 26.239277423870973 0
      vertex 83.63147781337757 27.015862877363517 0
      vertex 83.51628224322585 26.239277423870973 0.2999999999999998
    endloop
  endfacet
  facet normal 0 0 -1
    outer loop
      vertex 83.06103626009029 24.738532541079284 0
      vertex 83.32552268585768 30.1222774180357 0
      vertex 83.32552268585768 25.4777225819643 0
    endloop
  endfacet
  facet normal 0 0 -1
    outer loop
      vertex 83.32552268585768 25.4777225819643 0
      vertex 83.51628224322585 29.360722576129028 0
      vertex 83.51628224322585 26.239277423870973 0
    endloop
  endfacet
  facet normal 0 0 1
    outer loop
      vertex 83.06103626009029 24.738532541079284 0.2999999999999998
      vertex 83.32552268585768 25.4777225819643 0.2999999999999998
      vertex 83.06103626009029 30.861467458920718 0.2999999999999998
    endloop
  endfacet
  facet normal 0.9891765099647819 -0.14673047445535525 0
    outer loop
      vertex 83.63147781337757 27.015862877363517 0
      vertex 83.63147781337757 27.015862877363517 0.2999999999999998
      vertex 83.51628224322585 26.239277423870973 0.2999999999999998
    endloop
  endfacet
  facet normal 0 0 -1
    outer loop
      vertex 80.11456186415683 21.148243101579638 0
      vertex 80.11456186415683 34.45175689842036 0
      vertex 80.74514627330916 33.9840836269019 0
    endloop
  endfacet
  facet normal 0 0 -1
    outer loop
      vertex 83.51628224322585 26.239277423870973 0
      vertex 83.63147781337757 28.584137122636484 0
      vertex 83.63147781337757 27.015862877363517 0
    endloop
  endfacet
  facet normal 0.9987954562051721 -0.04906767432742443 0
    outer loop
      vertex 83.63147781337757 27.015862877363517 0
      vertex 83.67 27.8 0
      vertex 83.63147781337757 27.015862877363517 0.2999999999999998
    endloop
  endfacet
  facet normal 0 0 1
    outer loop
      vertex 83.32552268585768 25.4777225819643 0.2999999999999998
      vertex 83.51628224322585 26.239277423870973 0.2999999999999998
      vertex 83.32552268585768 30.1222774180357 0.2999999999999998
    endloop
  endfacet
  facet normal 0.9987954562051721 -0.04906767432742443 0
    outer loop
      vertex 83.67 27.8 0
      vertex 83.67 27.8 0.2999999999999998
      vertex 83.63147781337757 27.015862877363517 0.2999999999999998
    endloop
  endfacet
  facet normal 0 0 1
    outer loop
      vertex 83.51628224322585 26.239277423870973 0.2999999999999998
      vertex 83.63147781337757 27.015862877363517 0.2999999999999998
      vertex 83.51628224322585 29.360722576129028 0.2999999999999998
    endloop
  endfacet
  facet normal 0 0 -1
    outer loop
      vertex 83.63147781337757 27.015862877363517 0
      vertex 83.63147781337757 28.584137122636484 0
      vertex 83.67 27.8 0
    endloop
  endfacet
  facet normal 0 0 -1
    outer loop
      vertex 83.51628224322585 26.239277423870973 0
      vertex 83.51628224322585 29.360722576129028 0
      vertex 83.63147781337757 28.584137122636484 0
    endloop
  endfacet
  facet normal 0.9987954562051721 0.04906767432742443 0
    outer loop
      vertex 83.67 27.8 0
      vertex 83.63147781337757 28.584137122636484 0
      vertex 83.67 27.8 0.2999999999999998
    endloop
  endfacet
  facet normal 0 0 1
    outer loop
      vertex 83.63147781337757 27.015862877363517 0.2999999999999998
      vertex 83.67 27.8 0.2999999999999998
      vertex 83.63147781337757 28.584137122636484 0.2999999999999998
    endloop
  endfacet
  facet normal 0 0 -1
    outer loop
      vertex 83.32552268585768 25.4777225819643 0
      vertex 83.32552268585768 30.1222774180357 0
      vertex 83.51628224322585 29.360722576129028 0
    endloop
  endfacet
  facet normal 0.9987954562051721 0.04906767432742443 0
    outer loop
      vertex 83.63147781337757 28.584137122636484 0
      vertex 83.63147781337757 28.584137122636484 0.2999999999999998
      vertex 83.67 27.8 0.2999999999999998
    endloop
  endfacet
  facet normal 0 0 1
    outer loop
      vertex 83.63147781337757 27.015862877363517 0.2999999999999998
      vertex 83.63147781337757 28.584137122636484 0.2999999999999998
      vertex 83.51628224322585 29.360722576129028 0.2999999999999998
    endloop
  endfacet
  facet normal 0 0 -1
    outer loop
      vertex 80.74514627330916 21.615916373098106 0
      vertex 80.74514627330916 33.9840836269019 0
      vertex 81.32685424949238 33.45685424949238 0
    endloop
  endfacet
  facet normal 0 0 1
    outer loop
      vertex 81.32685424949238 22.14314575050762 0.2999999999999998
      vertex 81.32685424949238 33.45685424949238 0.2999999999999998
      vertex 80.74514627330916 33.9840836269019 0.2999999999999998
    endloop
  endfacet
  facet normal 0 0 -1
    outer loop
      vertex 81.32685424949238 22.14314575050762 0
      vertex 81.32685424949238 33.45685424949238 0
      vertex 81.8540836269019 32.87514627330916 0
    endloop
  endfacet
  facet normal 0 0 -1
    outer loop
      vertex 81.8540836269019 22.72485372669084 0
      vertex 81.8540836269019 32.87514627330916 0
      vertex 82.32175689842036 32.24456186415682 0
    endloop
  endfacet
  facet normal 0 0 1
    outer loop
      vertex 82.32175689842036 23.355438135843183 0.2999999999999998
      vertex 82.32175689842036 32.24456186415682 0.2999999999999998
      vertex 81.8540836269019 32.87514627330916 0.2999999999999998
    endloop
  endfacet
  facet normal 0 0 1
    outer loop
      vertex 81.8540836269019 22.72485372669084 0.2999999999999998
      vertex 81.8540836269019 32.87514627330916 0.2999999999999998
      vertex 81.32685424949238 33.45685424949238 0.2999999999999998
    endloop
  endfacet
  facet normal 0 0 -1
    outer loop
      vertex 82.72537011478684 24.02882610539202 0
      vertex 82.72537011478684 31.57117389460798 0
      vertex 83.06103626009029 30.861467458920718 0
    endloop
  endfacet
  facet normal 0 0 -1
    outer loop
      vertex 82.32175689842036 23.355438135843183 0
      vertex 82.32175689842036 32.24456186415682 0
      vertex 82.72537011478684 31.57117389460798 0
    endloop
  endfacet
  facet normal 0 0 -1
    outer loop
      vertex 83.06103626009029 24.738532541079284 0
      vertex 83.06103626009029 30.861467458920718 0
      vertex 83.32552268585768 30.1222774180357 0
    endloop
  endfacet
  facet normal 0.9891765099647819 0.14673047445535525 0
    outer loop
      vertex 83.63147781337757 28.584137122636484 0
      vertex 83.51628224322585 29.360722576129028 0
      vertex 83.63147781337757 28.584137122636484 0.2999999999999998
    endloop
  endfacet
  facet normal 0 0 1
    outer loop
      vertex 83.32552268585768 25.4777225819643 0.2999999999999998
      vertex 83.32552268585768 30.1222774180357 0.2999999999999998
      vertex 83.06103626009029 30.861467458920718 0.2999999999999998
    endloop
  endfacet
  facet normal 0 0 1
    outer loop
      vertex 83.51628224322585 26.239277423870973 0.2999999999999998
      vertex 83.51628224322585 29.360722576129028 0.2999999999999998
      vertex 83.32552268585768 30.1222774180357 0.2999999999999998
    endloop
  endfacet
  facet normal 0 0 1
    outer loop
      vertex 83.06103626009029 24.738532541079284 0.2999999999999998
      vertex 83.06103626009029 30.861467458920718 0.2999999999999998
      vertex 82.72537011478684 31.57117389460798 0.2999999999999998
    endloop
  endfacet
  facet normal 0.9891765099647819 0.14673047445535525 0
    outer loop
      vertex 83.51628224322585 29.360722576129028 0
      vertex 83.51628224322585 29.360722576129028 0.2999999999999998
      vertex 83.63147781337757 28.584137122636484 0.2999999999999998
    endloop
  endfacet
  facet normal 0 0 1
    outer loop
      vertex 82.72537011478684 24.02882610539202 0.2999999999999998
      vertex 82.72537011478684 31.57117389460798 0.2999999999999998
      vertex 82.32175689842036 32.24456186415682 0.2999999999999998
    endloop
  endfacet
  facet normal 0.9700312531945455 0.24298017990325776 0
    outer loop
      vertex 83.51628224322585 29.360722576129028 0
      vertex 83.32552268585768 30.1222774180357 0
      vertex 83.51628224322585 29.360722576129028 0.2999999999999998
    endloop
  endfacet
  facet normal 0.9700312531945455 0.24298017990325776 0
    outer loop
      vertex 83.32552268585768 30.1222774180357 0
      vertex 83.32552268585768 30.1222774180357 0.2999999999999998
      vertex 83.51628224322585 29.360722576129028 0.2999999999999998
    endloop
  endfacet
  facet normal 0 0 1
    outer loop
      vertex 72.60853254107928 35.19103626009029 0.2999999999999998
      vertex 72.03821332454682 27.633036550879478 0.2999999999999998
      vertex 72.64514881819487 27.42700970619917 0.2999999999999998
    endloop
  endfacet
  facet normal 0 0 -1
    outer loop
      vertex 73.3477225819643 35.45552268585767 0
      vertex 74.10927742387098 35.64628224322584 0
      vertex 73.348933553895 20.144173981464533 0
    endloop
  endfacet
  facet normal 0 0 -1
    outer loop
      vertex 71.89882610539202 34.855370114786844 0
      vertex 72.60853254107928 35.19103626009029 0
      vertex 71.89882610539202 27.66076239273986 0
    endloop
  endfacet
  facet normal 0 0 1
    outer loop
      vertex 71.89882610539202 34.855370114786844 0.2999999999999998
      vertex 72.03821332454682 27.633036550879478 0.2999999999999998
      vertex 72.60853254107928 35.19103626009029 0.2999999999999998
    endloop
  endfacet
  facet normal 0 0 -1
    outer loop
      vertex 72.60853254107928 35.19103626009029 0
      vertex 73.3477225819643 35.45552268585767 0
      vertex 72.60853254107928 27.439439257802288 0
    endloop
  endfacet
  facet normal 0 0 1
    outer loop
      vertex 72.60853254107928 35.19103626009029 0.2999999999999998
      vertex 73.22000000327826 27.143524479866027 0.2999999999999998
      vertex 73.3477225819643 35.45552268585767 0.2999999999999998
    endloop
  endfacet
  facet normal 0 0 1
    outer loop
      vertex 73.3477225819643 35.45552268585767 0.2999999999999998
      vertex 73.75293100327254 26.787431363761424 0.2999999999999998
      vertex 74.10927742387098 35.64628224322584 0.2999999999999998
    endloop
  endfacet
  facet normal 0 0 -1
    outer loop
      vertex 74.10927742387098 35.64628224322584 0
      vertex 74.88586287736352 35.761477813377574 0
      vertex 74.10927742387098 26.4749239436526 0
    endloop
  endfacet
  facet normal 0 0 1
    outer loop
      vertex 74.10927742387098 35.64628224322584 0.2999999999999998
      vertex 74.23482323139906 26.364823226630687 0.2999999999999998
      vertex 74.88586287736352 35.761477813377574 0.2999999999999998
    endloop
  endfacet
  facet normal 0 0 -1
    outer loop
      vertex 75.67 19.8 0
      vertex 75.67 35.8 0
      vertex 76.45413712263648 35.761477813377574 0
    endloop
  endfacet
  facet normal 0 0 1
    outer loop
      vertex 76.45413712263648 19.838522186622427 0.2999999999999998
      vertex 76.45413712263648 35.761477813377574 0.2999999999999998
      vertex 75.67 35.8 0.2999999999999998
    endloop
  endfacet
  facet normal 0 0 -1
    outer loop
      vertex 76.45413712263648 19.838522186622427 0
      vertex 76.45413712263648 35.761477813377574 0
      vertex 77.23072257612903 35.64628224322584 0
    endloop
  endfacet
  facet normal 0 0 1
    outer loop
      vertex 77.23072257612903 19.953717756774157 0.2999999999999998
      vertex 77.23072257612903 35.64628224322584 0.2999999999999998
      vertex 76.45413712263648 35.761477813377574 0.2999999999999998
    endloop
  endfacet
  facet normal 0 0 -1
    outer loop
      vertex 77.23072257612903 19.953717756774157 0
      vertex 77.23072257612903 35.64628224322584 0
      vertex 77.9922774180357 35.45552268585767 0
    endloop
  endfacet
  facet normal 0 0 1
    outer loop
      vertex 77.9922774180357 20.14447731414233 0.2999999999999998
      vertex 77.9922774180357 35.45552268585767 0.2999999999999998
      vertex 77.23072257612903 35.64628224322584 0.2999999999999998
    endloop
  endfacet
  facet normal 0 0 1
    outer loop
      vertex 74.88586287736352 35.761477813377574 0.2999999999999998
      vertex 75.29700971096754 24.775148820877074 0.2999999999999998
      vertex 75.67 35.8 0.2999999999999998
    endloop
  endfacet
  facet normal 0 0 -1
    outer loop
      vertex 74.88586287736352 35.761477813377574 0
      vertex 75.67 35.8 0
      vertex 74.88586287736352 25.541059085023136 0
    endloop
  endfacet
  facet normal -0.42755509343027553 0.9039892931234466 0
    outer loop
      vertex 71.89882610539202 34.855370114786844 0
      vertex 71.89882610539202 34.855370114786844 0.2999999999999998
      vertex 72.60853254107928 35.19103626009029 0
    endloop
  endfacet
  facet normal -0.42755509343027553 0.9039892931234466 0
    outer loop
      vertex 72.60853254107928 35.19103626009029 0
      vertex 71.89882610539202 34.855370114786844 0.2999999999999998
      vertex 72.60853254107928 35.19103626009029 0.2999999999999998
    endloop
  endfacet
  facet normal -0.3368898533922234 0.9415440651830196 0
    outer loop
      vertex 72.60853254107928 35.19103626009029 0
      vertex 72.60853254107928 35.19103626009029 0.2999999999999998
      vertex 73.3477225819643 35.45552268585767 0
    endloop
  endfacet
  facet normal -0.3368898533922234 0.9415440651830196 0
    outer loop
      vertex 73.3477225819643 35.45552268585767 0
      vertex 72.60853254107928 35.19103626009029 0.2999999999999998
      vertex 73.3477225819643 35.45552268585767 0.2999999999999998
    endloop
  endfacet
  facet normal -0.24298017990325776 0.9700312531945455 0
    outer loop
      vertex 73.3477225819643 35.45552268585767 0
      vertex 73.3477225819643 35.45552268585767 0.2999999999999998
      vertex 74.10927742387098 35.64628224322584 0
    endloop
  endfacet
  facet normal -0.24298017990325776 0.9700312531945455 0
    outer loop
      vertex 74.10927742387098 35.64628224322584 0
      vertex 73.3477225819643 35.45552268585767 0.2999999999999998
      vertex 74.10927742387098 35.64628224322584 0.2999999999999998
    endloop
  endfacet
  facet normal -0.1467304744553641 0.9891765099647807 0
    outer loop
      vertex 74.10927742387098 35.64628224322584 0
      vertex 74.10927742387098 35.64628224322584 0.2999999999999998
      vertex 74.88586287736352 35.761477813377574 0
    endloop
  endfacet
  facet normal -0.1467304744553641 0.9891765099647807 0
    outer loop
      vertex 74.88586287736352 35.761477813377574 0
      vertex 74.10927742387098 35.64628224322584 0.2999999999999998
      vertex 74.88586287736352 35.761477813377574 0.2999999999999998
    endloop
  endfacet
  facet normal -0.04906767432741563 0.9987954562051725 0
    outer loop
      vertex 74.88586287736352 35.761477813377574 0
      vertex 74.88586287736352 35.761477813377574 0.2999999999999998
      vertex 75.67 35.8 0
    endloop
  endfacet
  facet normal -0.04906767432741563 0.9987954562051725 0
    outer loop
      vertex 75.67 35.8 0
      vertex 74.88586287736352 35.761477813377574 0.2999999999999998
      vertex 75.67 35.8 0.2999999999999998
    endloop
  endfacet
  facet normal 0.04906767432741563 0.9987954562051725 0
    outer loop
      vertex 75.67 35.8 0
      vertex 75.67 35.8 0.2999999999999998
      vertex 76.45413712263648 35.761477813377574 0
    endloop
  endfacet
  facet normal 0.04906767432741563 0.9987954562051725 0
    outer loop
      vertex 76.45413712263648 35.761477813377574 0
      vertex 75.67 35.8 0.2999999999999998
      vertex 76.45413712263648 35.761477813377574 0.2999999999999998
    endloop
  endfacet
  facet normal 0.1467304744553641 0.9891765099647807 0
    outer loop
      vertex 76.45413712263648 35.761477813377574 0
      vertex 76.45413712263648 35.761477813377574 0.2999999999999998
      vertex 77.23072257612903 35.64628224322584 0
    endloop
  endfacet
  facet normal 0.1467304744553641 0.9891765099647807 0
    outer loop
      vertex 77.23072257612903 35.64628224322584 0
      vertex 76.45413712263648 35.761477813377574 0.2999999999999998
      vertex 77.23072257612903 35.64628224322584 0.2999999999999998
    endloop
  endfacet
  facet normal 0.24298017990325776 0.9700312531945455 0
    outer loop
      vertex 77.23072257612903 35.64628224322584 0
      vertex 77.23072257612903 35.64628224322584 0.2999999999999998
      vertex 77.9922774180357 35.45552268585767 0
    endloop
  endfacet
  facet normal 0.24298017990325776 0.9700312531945455 0
    outer loop
      vertex 77.9922774180357 35.45552268585767 0
      vertex 77.23072257612903 35.64628224322584 0.2999999999999998
      vertex 77.9922774180357 35.45552268585767 0.2999999999999998
    endloop
  endfacet
  facet normal 0 0 -1
    outer loop
      vertex 77.9922774180357 20.14447731414233 0
      vertex 77.9922774180357 35.45552268585767 0
      vertex 78.73146745892072 35.19103626009029 0
    endloop
  endfacet
  facet normal 0 0 1
    outer loop
      vertex 78.73146745892072 20.40896373990971 0.2999999999999998
      vertex 78.73146745892072 35.19103626009029 0.2999999999999998
      vertex 77.9922774180357 35.45552268585767 0.2999999999999998
    endloop
  endfacet
  facet normal 0 0 -1
    outer loop
      vertex 78.73146745892072 20.40896373990971 0
      vertex 78.73146745892072 35.19103626009029 0
      vertex 79.44117389460799 34.855370114786844 0
    endloop
  endfacet
  facet normal 0 0 1
    outer loop
      vertex 79.44117389460799 20.74462988521316 0.2999999999999998
      vertex 79.44117389460799 34.855370114786844 0.2999999999999998
      vertex 78.73146745892072 35.19103626009029 0.2999999999999998
    endloop
  endfacet
  facet normal 0 0 -1
    outer loop
      vertex 79.44117389460799 20.74462988521316 0
      vertex 79.44117389460799 34.855370114786844 0
      vertex 80.11456186415683 34.45175689842036 0
    endloop
  endfacet
  facet normal 0 0 1
    outer loop
      vertex 80.11456186415683 21.148243101579638 0.2999999999999998
      vertex 80.11456186415683 34.45175689842036 0.2999999999999998
      vertex 79.44117389460799 34.855370114786844 0.2999999999999998
    endloop
  endfacet
  facet normal 0 0 1
    outer loop
      vertex 80.74514627330916 21.615916373098106 0.2999999999999998
      vertex 80.74514627330916 33.9840836269019 0.2999999999999998
      vertex 80.11456186415683 34.45175689842036 0.2999999999999998
    endloop
  endfacet
  facet normal 0.9415440651830163 0.3368898533922328 0
    outer loop
      vertex 83.32552268585768 30.1222774180357 0
      vertex 83.06103626009029 30.861467458920718 0
      vertex 83.32552268585768 30.1222774180357 0.2999999999999998
    endloop
  endfacet
  facet normal 0.9415440651830163 0.3368898533922328 0
    outer loop
      vertex 83.06103626009029 30.861467458920718 0
      vertex 83.06103626009029 30.861467458920718 0.2999999999999998
      vertex 83.32552268585768 30.1222774180357 0.2999999999999998
    endloop
  endfacet
  facet normal 0.9039892931234457 0.4275550934302773 0
    outer loop
      vertex 82.72537011478684 31.57117389460798 0
      vertex 82.72537011478684 31.57117389460798 0.2999999999999998
      vertex 83.06103626009029 30.861467458920718 0.2999999999999998
    endloop
  endfacet
  facet normal 0.9039892931234457 0.4275550934302773 0
    outer loop
      vertex 83.06103626009029 30.861467458920718 0
      vertex 82.72537011478684 31.57117389460798 0
      vertex 83.06103626009029 30.861467458920718 0.2999999999999998
    endloop
  endfacet
  facet normal 0.8032075314806439 0.5956993044924348 0
    outer loop
      vertex 81.8540836269019 32.87514627330916 0
      vertex 82.32175689842036 32.24456186415682 0.2999999999999998
      vertex 82.32175689842036 32.24456186415682 0
    endloop
  endfacet
  facet normal 0.8032075314806439 0.5956993044924348 0
    outer loop
      vertex 81.8540836269019 32.87514627330916 0
      vertex 81.8540836269019 32.87514627330916 0.2999999999999998
      vertex 82.32175689842036 32.24456186415682 0.2999999999999998
    endloop
  endfacet
  facet normal 0.8577286100002726 0.514102744193221 0
    outer loop
      vertex 82.72537011478684 31.57117389460798 0
      vertex 82.32175689842036 32.24456186415682 0
      vertex 82.72537011478684 31.57117389460798 0.2999999999999998
    endloop
  endfacet
  facet normal 0.8577286100002726 0.514102744193221 0
    outer loop
      vertex 82.32175689842036 32.24456186415682 0
      vertex 82.32175689842036 32.24456186415682 0.2999999999999998
      vertex 82.72537011478684 31.57117389460798 0.2999999999999998
    endloop
  endfacet
  facet normal 0.595699304492439 0.8032075314806407 0
    outer loop
      vertex 80.11456186415683 34.45175689842036 0
      vertex 80.11456186415683 34.45175689842036 0.2999999999999998
      vertex 80.74514627330916 33.9840836269019 0
    endloop
  endfacet
  facet normal 0.595699304492439 0.8032075314806407 0
    outer loop
      vertex 80.74514627330916 33.9840836269019 0
      vertex 80.11456186415683 34.45175689842036 0.2999999999999998
      vertex 80.74514627330916 33.9840836269019 0.2999999999999998
    endloop
  endfacet
  facet normal 0.42755509343027553 0.9039892931234466 0
    outer loop
      vertex 79.44117389460799 34.855370114786844 0
      vertex 78.73146745892072 35.19103626009029 0.2999999999999998
      vertex 79.44117389460799 34.855370114786844 0.2999999999999998
    endloop
  endfacet
  facet normal 0.3368898533922234 0.9415440651830196 0
    outer loop
      vertex 77.9922774180357 35.45552268585767 0
      vertex 77.9922774180357 35.45552268585767 0.2999999999999998
      vertex 78.73146745892072 35.19103626009029 0
    endloop
  endfacet
  facet normal 0.3368898533922234 0.9415440651830196 0
    outer loop
      vertex 78.73146745892072 35.19103626009029 0
      vertex 77.9922774180357 35.45552268585767 0.2999999999999998
      vertex 78.73146745892072 35.19103626009029 0.2999999999999998
    endloop
  endfacet
  facet normal 0.42755509343027553 0.9039892931234466 0
    outer loop
      vertex 78.73146745892072 35.19103626009029 0
      vertex 78.73146745892072 35.19103626009029 0.2999999999999998
      vertex 79.44117389460799 34.855370114786844 0
    endloop
  endfacet
  facet normal 0.514102744193221 0.8577286100002726 0
    outer loop
      vertex 80.11456186415683 34.45175689842036 0
      vertex 79.44117389460799 34.855370114786844 0.2999999999999998
      vertex 80.11456186415683 34.45175689842036 0.2999999999999998
    endloop
  endfacet
  facet normal 0.514102744193221 0.8577286100002726 0
    outer loop
      vertex 79.44117389460799 34.855370114786844 0
      vertex 79.44117389460799 34.855370114786844 0.2999999999999998
      vertex 80.11456186415683 34.45175689842036 0
    endloop
  endfacet
  facet normal 0.7409511253549622 0.6715589548470149 0
    outer loop
      vertex 81.8540836269019 32.87514627330916 0
      vertex 81.32685424949238 33.45685424949238 0
      vertex 81.8540836269019 32.87514627330916 0.2999999999999998
    endloop
  endfacet
  facet normal 0.7409511253549622 0.6715589548470149 0
    outer loop
      vertex 81.32685424949238 33.45685424949238 0
      vertex 81.32685424949238 33.45685424949238 0.2999999999999998
      vertex 81.8540836269019 32.87514627330916 0.2999999999999998
    endloop
  endfacet
  facet normal 0.6715589548470154 0.7409511253549618 0
    outer loop
      vertex 81.32685424949238 33.45685424949238 0
      vertex 80.74514627330916 33.9840836269019 0
      vertex 80.74514627330916 33.9840836269019 0.2999999999999998
    endloop
  endfacet
  facet normal 0.6715589548470154 0.7409511253549618 0
    outer loop
      vertex 81.32685424949238 33.45685424949238 0
      vertex 80.74514627330916 33.9840836269019 0.2999999999999998
      vertex 81.32685424949238 33.45685424949238 0.2999999999999998
    endloop
  endfacet
  facet normal 0 1 0
    outer loop
      vertex 70.77000000029803 27.800000001490115 25.1
      vertex 70.77000000029803 27.800000001490115 0.2999999999999998
      vertex 67.6700000000732 27.800000001490115 0.2999999999999998
    endloop
  endfacet
  facet normal 0.0654031266412686 0.9978589234082873 0
    outer loop
      vertex 71.40957834273577 27.758079823851585 25.1
      vertex 71.40957834273577 27.758079823851585 0.2999999999999998
      vertex 70.77000000029803 27.800000001490115 0.2999999999999998
    endloop
  endfacet
  facet normal 0.1950903228001521 0.9807852802472784 0
    outer loop
      vertex 72.03821332454682 27.633036550879478 25.1
      vertex 72.03821332454682 27.633036550879478 0.2999999999999998
      vertex 71.40957834273577 27.758079823851585 0.2999999999999998
    endloop
  endfacet
  facet normal 0.7518398110640473 0.6593458110120801 0
    outer loop
      vertex 74.6574313685298 25.88293099850416 25.1
      vertex 74.6574313685298 25.88293099850416 0.2999999999999998
      vertex 74.23482323139906 26.364823226630687 0.2999999999999998
    endloop
  endfacet
  facet normal 0.6593458110120801 0.7518398110640473 0
    outer loop
      vertex 74.23482323139906 26.364823226630687 25.1
      vertex 74.23482323139906 26.364823226630687 0.2999999999999998
      vertex 73.75293100327254 26.787431363761424 0.2999999999999998
    endloop
  endfacet
  facet normal 0.5555702399480656 0.831469607673094 0
    outer loop
      vertex 73.75293100327254 26.787431363761424 25.1
      vertex 73.75293100327254 26.787431363761424 0.2999999999999998
      vertex 73.22000000327826 27.143524479866027 0.2999999999999998
    endloop
  endfacet
  facet normal 0.9469301311446718 0.32143946044369626 0
    outer loop
      vertex 75.50303654819727 24.16821331977844 25.1
      vertex 75.50303654819727 24.16821331977844 0.2999999999999998
      vertex 75.29700971096754 24.775148820877074 0.2999999999999998
    endloop
  endfacet
  facet normal 0.8968727385091769 0.442288696350076 0
    outer loop
      vertex 75.29700971096754 24.775148820877074 25.1
      vertex 75.29700971096754 24.775148820877074 0.2999999999999998
      vertex 75.01352447718382 25.349999998509883 0.2999999999999998
    endloop
  endfacet
  facet normal 0.8314696130428043 0.5555702319117262 0
    outer loop
      vertex 75.01352447718382 25.349999998509883 25.1
      vertex 75.01352447718382 25.349999998509883 0.2999999999999998
      vertex 74.6574313685298 25.88293099850416 0.2999999999999998
    endloop
  endfacet
  facet normal 0.32143947440510595 0.9469301264054119 0
    outer loop
      vertex 72.64514881819487 27.42700970619917 25.1
      vertex 72.64514881819487 27.42700970619917 0.2999999999999998
      vertex 72.03821332454682 27.633036550879478 0.2999999999999998
    endloop
  endfacet
  facet normal 0.44228868238866625 0.8968727453941822 0
    outer loop
      vertex 73.22000000327826 27.143524479866027 25.1
      vertex 73.22000000327826 27.143524479866027 0.2999999999999998
      vertex 72.64514881819487 27.42700970619917 0.2999999999999998
    endloop
  endfacet
  facet normal 0 -1 0
    outer loop
      vertex -0.4 25.400000000000002 4.5
      vertex 62 25.400000000000002 21.3
      vertex 62 25.400000000000002 23.5
    endloop
  endfacet
  facet normal 0 -1 0
    outer loop
      vertex -0.4 25.400000000000002 4.5
      vertex 62 25.400000000000002 23.5
      vertex 50.67 25.400000000000002 24.1
    endloop
  endfacet
  facet normal 0 1 0
    outer loop
      vertex 50.67 27.800000001490115 24.1
      vertex 58.67 27.800000001490115 24.1
      vertex 2.099999998509884 27.800000001490115 0.2999999999999998
    endloop
  endfacet
  facet normal 0 1 0
    outer loop
      vertex 58.67 27.800000001490115 24.1
      vertex 70.77000000029803 27.800000001490115 25.1
      vertex 2.099999998509884 27.800000001490115 0.2999999999999998
    endloop
  endfacet
  facet normal 0 -1 0
    outer loop
      vertex 32.5 25.400000000000002 21.3
      vertex 45.09 25.400000000000002 24.1
      vertex 37.09 25.400000000000002 24.1
    endloop
  endfacet
  facet normal 1 0 0
    outer loop
      vertex 37.09 25.400000000000002 24.1
      vertex 37.09 27.800000001490115 25.1
      vertex 37.09 25.400000000000002 25.1
    endloop
  endfacet
  facet normal 1 0 0
    outer loop
      vertex 37.09 25.400000000000002 24.1
      vertex 37.09 27.800000001490115 24.1
      vertex 37.09 27.800000001490115 25.1
    endloop
  endfacet
  facet normal 0 0 1
    outer loop
      vertex 37.09 25.400000000000002 24.1
      vertex 45.09 27.800000001490115 24.1
      vertex 37.09 27.800000001490115 24.1
    endloop
  endfacet
  facet normal 0 0 1
    outer loop
      vertex 37.09 25.400000000000002 24.1
      vertex 45.09 25.400000000000002 24.1
      vertex 45.09 27.800000001490115 24.1
    endloop
  endfacet
  facet normal -1 0 0
    outer loop
      vertex 45.09 25.400000000000002 24.1
      vertex 45.09 25.400000000000002 25.1
      vertex 45.09 27.800000001490115 24.1
    endloop
  endfacet
  facet normal -1 0 0
    outer loop
      vertex 45.09 25.400000000000002 25.1
      vertex 45.09 27.800000001490115 25.1
      vertex 45.09 27.800000001490115 24.1
    endloop
  endfacet
  facet normal 0 -1 0
    outer loop
      vertex 45.09 25.400000000000002 24.1
      vertex 50.67 25.400000000000002 25.1
      vertex 45.09 25.400000000000002 25.1
    endloop
  endfacet
  facet normal 0 0 1
    outer loop
      vertex 45.09 25.400000000000002 25.1
      vertex 50.67 27.800000001490115 25.1
      vertex 45.09 27.800000001490115 25.1
    endloop
  endfacet
  facet normal 0 1 0
    outer loop
      vertex 45.09 27.800000001490115 24.1
      vertex 45.09 27.800000001490115 25.1
      vertex 50.67 27.800000001490115 24.1
    endloop
  endfacet
  facet normal 0 -1 0
    outer loop
      vertex 45.09 25.400000000000002 24.1
      vertex 50.67 25.400000000000002 24.1
      vertex 50.67 25.400000000000002 25.1
    endloop
  endfacet
  facet normal 0 0 1
    outer loop
      vertex 45.09 25.400000000000002 25.1
      vertex 50.67 25.400000000000002 25.1
      vertex 50.67 27.800000001490115 25.1
    endloop
  endfacet
  facet normal 1 0 0
    outer loop
      vertex 50.67 25.400000000000002 24.1
      vertex 50.67 27.800000001490115 25.1
      vertex 50.67 25.400000000000002 25.1
    endloop
  endfacet
  facet normal 1 0 0
    outer loop
      vertex 50.67 25.400000000000002 24.1
      vertex 50.67 27.800000001490115 24.1
      vertex 50.67 27.800000001490115 25.1
    endloop
  endfacet
  facet normal 0 0 1
    outer loop
      vertex 50.67 25.400000000000002 24.1
      vertex 58.67 27.800000001490115 24.1
      vertex 50.67 27.800000001490115 24.1
    endloop
  endfacet
  facet normal 0 1 0
    outer loop
      vertex 45.09 27.800000001490115 25.1
      vertex 50.67 27.800000001490115 25.1
      vertex 50.67 27.800000001490115 24.1
    endloop
  endfacet
  facet normal 0 0 1
    outer loop
      vertex 50.67 25.400000000000002 24.1
      vertex 58.67 25.400000000000002 24.1
      vertex 58.67 27.800000001490115 24.1
    endloop
  endfacet
  facet normal 0 -1 0
    outer loop
      vertex 50.67 25.400000000000002 24.1
      vertex 62 25.400000000000002 23.5
      vertex 58.67 25.400000000000002 24.1
    endloop
  endfacet
  facet normal -1 0 0
    outer loop
      vertex 58.67 25.400000000000002 24.1
      vertex 58.67 25.400000000000002 25.1
      vertex 58.67 27.800000001490115 24.1
    endloop
  endfacet
  facet normal -1 0 0
    outer loop
      vertex 58.67 25.400000000000002 25.1
      vertex 58.67 27.800000001490115 25.1
      vertex 58.67 27.800000001490115 24.1
    endloop
  endfacet
  facet normal 0 -1 0
    outer loop
      vertex 75.66999999880791 17.145 5.5
      vertex 75.66999999880791 17.145 17.7
      vertex 73.27 17.145 17.7
    endloop
  endfacet
  facet normal 0 0 -1
    outer loop
      vertex 73.27 7.355 17.7
      vertex 73.27 17.145 17.7
      vertex 75.66999999880791 17.145 17.7
    endloop
  endfacet
  facet normal 1 0 0
    outer loop
      vertex 75.66999999880791 17.145 5.5
      vertex 75.66999999880791 22.90000000298023 25.1
      vertex 75.66999999880791 17.145 17.7
    endloop
  endfacet
  facet normal -1 0 0
    outer loop
      vertex 73.27 25.400000000000002 4.5
      vertex 73.27 17.145 17.7
      vertex 73.27 25.400000000000002 25.1
    endloop
  endfacet
  facet normal 0.9978589234082873 0.0654031266412686 0
    outer loop
      vertex 75.66999999880791 22.90000000298023 25.1
      vertex 75.62807982116938 23.539578345417976 0.2999999999999998
      vertex 75.62807982116938 23.539578345417976 25.1
    endloop
  endfacet
  facet normal 0.9807852798048562 0.195090325024359 0
    outer loop
      vertex 75.62807982116938 23.539578345417976 25.1
      vertex 75.50303654819727 24.16821331977844 0.2999999999999998
      vertex 75.50303654819727 24.16821331977844 25.1
    endloop
  endfacet
  facet normal -1 0 0
    outer loop
      vertex 73.27 -0.4 25.1
      vertex 73.27 25.400000000000002 25.1
      vertex 73.27 17.145 17.7
    endloop
  endfacet
  facet normal 1 0 0
    outer loop
      vertex 75.66999999880791 2.099999998509884 25.1
      vertex 75.66999999880791 17.145 17.7
      vertex 75.66999999880791 22.90000000298023 25.1
    endloop
  endfacet
  facet normal 0 0 1
    outer loop
      vertex 73.75293100327254 -1.7874313697218893 25.1
      vertex 73.75293100327254 26.787431363761424 25.1
      vertex 73.27 25.400000000000002 25.1
    endloop
  endfacet
  facet normal 0 0 1
    outer loop
      vertex 74.23482323139906 -1.3648232251405714 25.1
      vertex 74.23482323139906 26.364823226630687 25.1
      vertex 73.75293100327254 26.787431363761424 25.1
    endloop
  endfacet
  facet normal 0 0 1
    outer loop
      vertex 74.6574313685298 -0.8829310044646261 25.1
      vertex 74.6574313685298 25.88293099850416 25.1
      vertex 74.23482323139906 26.364823226630687 25.1
    endloop
  endfacet
  facet normal 0 0 1
    outer loop
      vertex 75.50303654819727 0.8317866817116739 25.1
      vertex 75.50303654819727 24.16821331977844 25.1
      vertex 75.29700971096754 24.775148820877074 25.1
    endloop
  endfacet
  facet normal 0 0 1
    outer loop
      vertex 75.29700971096754 0.2248511806130411 25.1
      vertex 75.29700971096754 24.775148820877074 25.1
      vertex 75.01352447718382 25.349999998509883 25.1
    endloop
  endfacet
  facet normal 0 0 1
    outer loop
      vertex 75.66999999880791 2.099999998509884 25.1
      vertex 75.66999999880791 22.90000000298023 25.1
      vertex 75.62807982116938 23.539578345417976 25.1
    endloop
  endfacet
  facet normal 0 0 1
    outer loop
      vertex 75.62807982116938 1.46042165607214 25.1
      vertex 75.62807982116938 23.539578345417976 25.1
      vertex 75.50303654819727 24.16821331977844 25.1
    endloop
  endfacet
  facet normal 0 0 1
    outer loop
      vertex 75.01352447718382 -0.3499999970197676 25.1
      vertex 75.01352447718382 25.349999998509883 25.1
      vertex 74.6574313685298 25.88293099850416 25.1
    endloop
  endfacet
  facet normal 0 -1 0
    outer loop
      vertex 73.27 25.400000000000002 4.5
      vertex 72 25.400000000000002 21.3
      vertex 62 25.400000000000002 21.3
    endloop
  endfacet
  facet normal 0.0654031266412686 0.9978589234082873 0
    outer loop
      vertex 70.77000000029803 27.800000001490115 25.1
      vertex 71.40957834273577 27.758079823851585 25.1
      vertex 70.77000000029803 27.800000001490115 0.2999999999999998
    endloop
  endfacet
  facet normal 0.1950903228001521 0.9807852802472784 0
    outer loop
      vertex 71.40957834273577 27.758079823851585 25.1
      vertex 72.03821332454682 27.633036550879478 25.1
      vertex 71.40957834273577 27.758079823851585 0.2999999999999998
    endloop
  endfacet
  facet normal 0 -1 0
    outer loop
      vertex 73.27 25.400000000000002 4.5
      vertex 72 25.400000000000002 23.5
      vertex 72 25.400000000000002 21.3
    endloop
  endfacet
  facet normal 0.8314696130428043 0.5555702319117262 0
    outer loop
      vertex 75.01352447718382 25.349999998509883 25.1
      vertex 74.6574313685298 25.88293099850416 0.2999999999999998
      vertex 74.6574313685298 25.88293099850416 25.1
    endloop
  endfacet
  facet normal 0.7518398110640473 0.6593458110120801 0
    outer loop
      vertex 74.6574313685298 25.88293099850416 25.1
      vertex 74.23482323139906 26.364823226630687 0.2999999999999998
      vertex 74.23482323139906 26.364823226630687 25.1
    endloop
  endfacet
  facet normal 0.6593458110120801 0.7518398110640473 0
    outer loop
      vertex 74.23482323139906 26.364823226630687 25.1
      vertex 73.75293100327254 26.787431363761424 0.2999999999999998
      vertex 73.75293100327254 26.787431363761424 25.1
    endloop
  endfacet
  facet normal 0.5555702399480656 0.831469607673094 0
    outer loop
      vertex 73.75293100327254 26.787431363761424 25.1
      vertex 73.22000000327826 27.143524479866027 0.2999999999999998
      vertex 73.22000000327826 27.143524479866027 25.1
    endloop
  endfacet
  facet normal 0.9469301311446718 0.32143946044369626 0
    outer loop
      vertex 75.50303654819727 24.16821331977844 25.1
      vertex 75.29700971096754 24.775148820877074 0.2999999999999998
      vertex 75.29700971096754 24.775148820877074 25.1
    endloop
  endfacet
  facet normal 0.8968727385091769 0.442288696350076 0
    outer loop
      vertex 75.29700971096754 24.775148820877074 25.1
      vertex 75.01352447718382 25.349999998509883 0.2999999999999998
      vertex 75.01352447718382 25.349999998509883 25.1
    endloop
  endfacet
  facet normal 0 -1 0
    outer loop
      vertex 73.27 25.400000000000002 4.5
      vertex 73.27 25.400000000000002 25.1
      vertex 72 25.400000000000002 23.5
    endloop
  endfacet
  facet normal 0.32143947440510595 0.9469301264054119 0
    outer loop
      vertex 72.03821332454682 27.633036550879478 25.1
      vertex 72.64514881819487 27.42700970619917 25.1
      vertex 72.03821332454682 27.633036550879478 0.2999999999999998
    endloop
  endfacet
  facet normal 0.44228868238866625 0.8968727453941822 0
    outer loop
      vertex 72.64514881819487 27.42700970619917 25.1
      vertex 73.22000000327826 27.143524479866027 25.1
      vertex 72.64514881819487 27.42700970619917 0.2999999999999998
    endloop
  endfacet
  facet normal 0 0 1
    outer loop
      vertex 62 25.400000000000002 21.3
      vertex 72 26.299999999999997 21.3
      vertex 62 26.299999999999997 21.3
    endloop
  endfacet
  facet normal 0 0 1
    outer loop
      vertex 62 25.400000000000002 21.3
      vertex 72 25.400000000000002 21.3
      vertex 72 26.299999999999997 21.3
    endloop
  endfacet
  facet normal 1 0 0
    outer loop
      vertex 62 25.400000000000002 21.3
      vertex 62 26.299999999999997 21.3
      vertex 62 25.400000000000002 23.5
    endloop
  endfacet
  facet normal 1 0 0
    outer loop
      vertex 62 26.299999999999997 21.3
      vertex 62 26.299999999999997 23.5
      vertex 62 25.400000000000002 23.5
    endloop
  endfacet
  facet normal 0 -1 0
    outer loop
      vertex 62 26.299999999999997 21.3
      vertex 72 26.299999999999997 21.3
      vertex 62 26.299999999999997 23.5
    endloop
  endfacet
  facet normal 0 0 -1
    outer loop
      vertex 62 25.400000000000002 23.5
      vertex 62 26.299999999999997 23.5
      vertex 72 25.400000000000002 23.5
    endloop
  endfacet
  facet normal 0 -1 0
    outer loop
      vertex 58.67 25.400000000000002 24.1
      vertex 62 25.400000000000002 23.5
      vertex 73.27 25.400000000000002 25.1
    endloop
  endfacet
  facet normal 0 -1 0
    outer loop
      vertex 58.67 25.400000000000002 24.1
      vertex 73.27 25.400000000000002 25.1
      vertex 58.67 25.400000000000002 25.1
    endloop
  endfacet
  facet normal 0 0 1
    outer loop
      vertex 58.67 25.400000000000002 25.1
      vertex 73.27 25.400000000000002 25.1
      vertex 58.67 27.800000001490115 25.1
    endloop
  endfacet
  facet normal 0 1 0
    outer loop
      vertex 58.67 27.800000001490115 24.1
      vertex 58.67 27.800000001490115 25.1
      vertex 70.77000000029803 27.800000001490115 25.1
    endloop
  endfacet
  facet normal 0 -1 0
    outer loop
      vertex 62 26.299999999999997 23.5
      vertex 72 26.299999999999997 21.3
      vertex 72 26.299999999999997 23.5
    endloop
  endfacet
  facet normal 0 0 -1
    outer loop
      vertex 62 26.299999999999997 23.5
      vertex 72 26.299999999999997 23.5
      vertex 72 25.400000000000002 23.5
    endloop
  endfacet
  facet normal 0 0 1
    outer loop
      vertex 58.67 27.800000001490115 25.1
      vertex 73.27 25.400000000000002 25.1
      vertex 70.77000000029803 27.800000001490115 25.1
    endloop
  endfacet
  facet normal 0 -1 0
    outer loop
      vertex 62 25.400000000000002 23.5
      vertex 72 25.400000000000002 23.5
      vertex 73.27 25.400000000000002 25.1
    endloop
  endfacet
  facet normal 0 0 1
    outer loop
      vertex 73.27 25.400000000000002 25.1
      vertex 71.40957834273577 27.758079823851585 25.1
      vertex 70.77000000029803 27.800000001490115 25.1
    endloop
  endfacet
  facet normal -1 0 0
    outer loop
      vertex 72 25.400000000000002 21.3
      vertex 72 26.299999999999997 23.5
      vertex 72 26.299999999999997 21.3
    endloop
  endfacet
  facet normal -1 0 0
    outer loop
      vertex 72 25.400000000000002 21.3
      vertex 72 25.400000000000002 23.5
      vertex 72 26.299999999999997 23.5
    endloop
  endfacet
  facet normal 0 0 1
    outer loop
      vertex 73.27 25.400000000000002 25.1
      vertex 72.03821332454682 27.633036550879478 25.1
      vertex 71.40957834273577 27.758079823851585 25.1
    endloop
  endfacet
  facet normal 0 0 1
    outer loop
      vertex 73.27 25.400000000000002 25.1
      vertex 73.22000000327826 27.143524479866027 25.1
      vertex 72.64514881819487 27.42700970619917 25.1
    endloop
  endfacet
  facet normal 0 0 1
    outer loop
      vertex 73.27 25.400000000000002 25.1
      vertex 72.64514881819487 27.42700970619917 25.1
      vertex 72.03821332454682 27.633036550879478 25.1
    endloop
  endfacet
  facet normal 0 0 1
    outer loop
      vertex 73.27 25.400000000000002 25.1
      vertex 73.75293100327254 26.787431363761424 25.1
      vertex 73.22000000327826 27.143524479866027 25.1
    endloop
  endfacet
endsolid OpenSCAD_Model
