solid OpenSCAD_Model
  facet normal -0.4422886775853134 0.8968727477629337 0
    outer loop
      vertex 5.0200000029802325 -4.342564432621002 4.100000000000001
      vertex 5.184243194460869 -4.261568656861781 4.100000000000001
      vertex 5.0200000029802325 -4.342564432621002 3.1000000000000014
    endloop
  endfacet
  facet normal -0.659345805249671 0.7518398161175442 0
    outer loop
      vertex 4.867733999788761 -4.444305321872234 4.100000000000001
      vertex 4.730050503909588 -4.565050503909587 3.1000000000000014
      vertex 4.730050503909588 -4.565050503909587 4.100000000000001
    endloop
  endfacet
  facet normal -0.5555702278753304 0.8314696157398377 0
    outer loop
      vertex 5.0200000029802325 -4.342564432621002 4.100000000000001
      vertex 4.867733999788761 -4.444305321872234 3.1000000000000014
      vertex 4.867733999788761 -4.444305321872234 4.100000000000001
    endloop
  endfacet
  facet normal -0.7518398161175442 0.659345805249671 0
    outer loop
      vertex 4.730050503909588 -4.565050503909587 4.100000000000001
      vertex 4.609305321872235 -4.7027339997887605 3.1000000000000014
      vertex 4.609305321872235 -4.7027339997887605 4.100000000000001
    endloop
  endfacet
  facet normal -0.8968727477629337 0.4422886775853134 0
    outer loop
      vertex 4.5075644326210025 -4.855000002980232 4.100000000000001
      vertex 4.426568656861782 -5.019243194460868 3.1000000000000014
      vertex 4.426568656861782 -5.019243194460868 4.100000000000001
    endloop
  endfacet
  facet normal -0.8314696157398377 0.5555702278753304 0
    outer loop
      vertex 4.609305321872235 -4.7027339997887605 4.100000000000001
      vertex 4.5075644326210025 -4.855000002980232 3.1000000000000014
      vertex 4.5075644326210025 -4.855000002980232 4.100000000000001
    endloop
  endfacet
  facet normal -0.3214394970206219 0.946930118728478 0
    outer loop
      vertex 5.184243194460869 -4.261568656861781 4.100000000000001
      vertex 5.357653334438801 -4.202703839838504 4.100000000000001
      vertex 5.184243194460869 -4.261568656861781 3.1000000000000014
    endloop
  endfacet
  facet normal -0.1950902903971313 0.9807852866926394 0
    outer loop
      vertex 5.357653334438801 -4.202703839838504 4.100000000000001
      vertex 5.537263333499432 -4.1669771957397455 4.100000000000001
      vertex 5.357653334438801 -4.202703839838504 3.1000000000000014
    endloop
  endfacet
  facet normal -0.06540313973308162 0.9978589225502045 0
    outer loop
      vertex 5.537263333499432 -4.1669771957397455 4.100000000000001
      vertex 5.719999998509884 -4.154999999999999 4.100000000000001
      vertex 5.537263333499432 -4.1669771957397455 3.1000000000000014
    endloop
  endfacet
  facet normal -0.659345805249671 0.7518398161175442 0
    outer loop
      vertex 4.867733999788761 -4.444305321872234 4.100000000000001
      vertex 4.867733999788761 -4.444305321872234 3.1000000000000014
      vertex 4.730050503909588 -4.565050503909587 3.1000000000000014
    endloop
  endfacet
  facet normal -0.5555702278753304 0.8314696157398377 0
    outer loop
      vertex 5.0200000029802325 -4.342564432621002 4.100000000000001
      vertex 5.0200000029802325 -4.342564432621002 3.1000000000000014
      vertex 4.867733999788761 -4.444305321872234 3.1000000000000014
    endloop
  endfacet
  facet normal 0 0 -1
    outer loop
      vertex 5.0200000029802325 -4.342564432621002 3.1000000000000014
      vertex 5.021471863687038 -4.856471863687038 3.1000000000000014
      vertex 4.867733999788761 -4.444305321872234 3.1000000000000014
    endloop
  endfacet
  facet normal -0.7518398161175442 0.659345805249671 0
    outer loop
      vertex 4.730050503909588 -4.565050503909587 4.100000000000001
      vertex 4.730050503909588 -4.565050503909587 3.1000000000000014
      vertex 4.609305321872235 -4.7027339997887605 3.1000000000000014
    endloop
  endfacet
  facet normal -0.8314696157398377 0.5555702278753304 0
    outer loop
      vertex 4.609305321872235 -4.7027339997887605 4.100000000000001
      vertex 4.609305321872235 -4.7027339997887605 3.1000000000000014
      vertex 4.5075644326210025 -4.855000002980232 3.1000000000000014
    endloop
  endfacet
  facet normal -0.8968727477629337 0.4422886775853134 0
    outer loop
      vertex 4.5075644326210025 -4.855000002980232 4.100000000000001
      vertex 4.5075644326210025 -4.855000002980232 3.1000000000000014
      vertex 4.426568656861782 -5.019243194460868 3.1000000000000014
    endloop
  endfacet
  facet normal 0 0 -1
    outer loop
      vertex 4.730050503909588 -4.565050503909587 3.1000000000000014
      vertex 4.761344557702541 -5.245779884159565 3.1000000000000014
      vertex 4.609305321872235 -4.7027339997887605 3.1000000000000014
    endloop
  endfacet
  facet normal 0 0 -1
    outer loop
      vertex 4.867733999788761 -4.444305321872234 3.1000000000000014
      vertex 4.917975990176201 -4.97448628872633 3.1000000000000014
      vertex 4.730050503909588 -4.565050503909587 3.1000000000000014
    endloop
  endfacet
  facet normal 0 0 -1
    outer loop
      vertex 5.0200000029802325 -4.342564432621002 3.1000000000000014
      vertex 5.13948628872633 -4.752975990176201 3.1000000000000014
      vertex 5.021471863687038 -4.856471863687038 3.1000000000000014
    endloop
  endfacet
  facet normal 0 0 -1
    outer loop
      vertex 4.867733999788761 -4.444305321872234 3.1000000000000014
      vertex 5.021471863687038 -4.856471863687038 3.1000000000000014
      vertex 4.917975990176201 -4.97448628872633 3.1000000000000014
    endloop
  endfacet
  facet normal 0 0 -1
    outer loop
      vertex 4.730050503909588 -4.565050503909587 3.1000000000000014
      vertex 4.917975990176201 -4.97448628872633 3.1000000000000014
      vertex 4.830769514739513 -5.105000001490116 3.1000000000000014
    endloop
  endfacet
  facet normal 0 0 -1
    outer loop
      vertex 4.730050503909588 -4.565050503909587 3.1000000000000014
      vertex 4.830769514739513 -5.105000001490116 3.1000000000000014
      vertex 4.761344557702541 -5.245779884159565 3.1000000000000014
    endloop
  endfacet
  facet normal -0.3214394970206219 0.946930118728478 0
    outer loop
      vertex 5.357653334438801 -4.202703839838504 4.100000000000001
      vertex 5.357653334438801 -4.202703839838504 3.1000000000000014
      vertex 5.184243194460869 -4.261568656861781 3.1000000000000014
    endloop
  endfacet
  facet normal -0.4422886775853134 0.8968727477629337 0
    outer loop
      vertex 5.184243194460869 -4.261568656861781 4.100000000000001
      vertex 5.184243194460869 -4.261568656861781 3.1000000000000014
      vertex 5.0200000029802325 -4.342564432621002 3.1000000000000014
    endloop
  endfacet
  facet normal -0.1950902903971313 0.9807852866926394 0
    outer loop
      vertex 5.537263333499432 -4.1669771957397455 4.100000000000001
      vertex 5.537263333499432 -4.1669771957397455 3.1000000000000014
      vertex 5.357653334438801 -4.202703839838504 3.1000000000000014
    endloop
  endfacet
  facet normal -0.06540313973308162 0.9978589225502045 0
    outer loop
      vertex 5.719999998509884 -4.154999999999999 4.100000000000001
      vertex 5.719999998509884 -4.154999999999999 3.1000000000000014
      vertex 5.537263333499432 -4.1669771957397455 3.1000000000000014
    endloop
  endfacet
  facet normal 0 0 -1
    outer loop
      vertex 5.184243194460869 -4.261568656861781 3.1000000000000014
      vertex 5.357653334438801 -4.202703839838504 3.1000000000000014
      vertex 5.410779884159565 -4.596344557702541 3.1000000000000014
    endloop
  endfacet
  facet normal 0 0 -1
    outer loop
      vertex 5.357653334438801 -4.202703839838504 3.1000000000000014
      vertex 5.537263333499432 -4.1669771957397455 3.1000000000000014
      vertex 5.55941714912653 -4.545889009833336 3.1000000000000014
    endloop
  endfacet
  facet normal 0 0 -1
    outer loop
      vertex 5.0200000029802325 -4.342564432621002 3.1000000000000014
      vertex 5.184243194460869 -4.261568656861781 3.1000000000000014
      vertex 5.270000001490116 -4.665769514739513 3.1000000000000014
    endloop
  endfacet
  facet normal 0 0 -1
    outer loop
      vertex 5.184243194460869 -4.261568656861781 3.1000000000000014
      vertex 5.410779884159565 -4.596344557702541 3.1000000000000014
      vertex 5.270000001490116 -4.665769514739513 3.1000000000000014
    endloop
  endfacet
  facet normal 0 0 -1
    outer loop
      vertex 5.357653334438801 -4.202703839838504 3.1000000000000014
      vertex 5.55941714912653 -4.545889009833336 3.1000000000000014
      vertex 5.410779884159565 -4.596344557702541 3.1000000000000014
    endloop
  endfacet
  facet normal 0 0 -1
    outer loop
      vertex 5.537263333499432 -4.1669771957397455 3.1000000000000014
      vertex 5.719999998509884 -4.154999999999999 3.1000000000000014
      vertex 5.713368570506573 -4.515266169905662 3.1000000000000014
    endloop
  endfacet
  facet normal 0 0 -1
    outer loop
      vertex 5.537263333499432 -4.1669771957397455 3.1000000000000014
      vertex 5.713368570506573 -4.515266169905662 3.1000000000000014
      vertex 5.55941714912653 -4.545889009833336 3.1000000000000014
    endloop
  endfacet
  facet normal 0 0 -1
    outer loop
      vertex 5.719999998509884 -4.154999999999999 3.1000000000000014
      vertex 5.870000002980232 -4.505 3.1000000000000014
      vertex 5.713368570506573 -4.515266169905662 3.1000000000000014
    endloop
  endfacet
  facet normal 0 0 -1
    outer loop
      vertex 5.0200000029802325 -4.342564432621002 3.1000000000000014
      vertex 5.270000001490116 -4.665769514739513 3.1000000000000014
      vertex 5.13948628872633 -4.752975990176201 3.1000000000000014
    endloop
  endfacet
  facet normal -0.946930118728478 0.3214394970206219 0
    outer loop
      vertex 4.426568656861782 -5.019243194460868 4.100000000000001
      vertex 4.367703839838505 -5.1926533344388 3.1000000000000014
      vertex 4.367703839838505 -5.1926533344388 4.100000000000001
    endloop
  endfacet
  facet normal -0.9807852866926394 0.1950902903971313 0
    outer loop
      vertex 4.367703839838505 -5.1926533344388 4.100000000000001
      vertex 4.331977195739746 -5.372263333499431 3.1000000000000014
      vertex 4.331977195739746 -5.372263333499431 4.100000000000001
    endloop
  endfacet
  facet normal -0.9978589225502045 0.06540313973308162 0
    outer loop
      vertex 4.331977195739746 -5.372263333499431 4.100000000000001
      vertex 4.32 -5.554999998509883 3.1000000000000014
      vertex 4.32 -5.554999998509883 4.100000000000001
    endloop
  endfacet
  facet normal -0.946930118728478 0.3214394970206219 0
    outer loop
      vertex 4.426568656861782 -5.019243194460868 4.100000000000001
      vertex 4.426568656861782 -5.019243194460868 3.1000000000000014
      vertex 4.367703839838505 -5.1926533344388 3.1000000000000014
    endloop
  endfacet
  facet normal -0.9807852866926394 0.1950902903971313 0
    outer loop
      vertex 4.367703839838505 -5.1926533344388 4.100000000000001
      vertex 4.367703839838505 -5.1926533344388 3.1000000000000014
      vertex 4.331977195739746 -5.372263333499431 3.1000000000000014
    endloop
  endfacet
  facet normal 0 0 -1
    outer loop
      vertex 4.609305321872235 -4.7027339997887605 3.1000000000000014
      vertex 4.761344557702541 -5.245779884159565 3.1000000000000014
      vertex 4.710889009833336 -5.39441714912653 3.1000000000000014
    endloop
  endfacet
  facet normal 0 0 -1
    outer loop
      vertex 4.609305321872235 -4.7027339997887605 3.1000000000000014
      vertex 4.710889009833336 -5.39441714912653 3.1000000000000014
      vertex 4.6802661699056625 -5.548368570506573 3.1000000000000014
    endloop
  endfacet
  facet normal 0 0 -1
    outer loop
      vertex 4.609305321872235 -4.7027339997887605 3.1000000000000014
      vertex 4.6802661699056625 -5.548368570506573 3.1000000000000014
      vertex 4.67 -5.705000002980232 3.1000000000000014
    endloop
  endfacet
  facet normal -0.9978589225502045 0.06540313973308162 0
    outer loop
      vertex 4.331977195739746 -5.372263333499431 4.100000000000001
      vertex 4.331977195739746 -5.372263333499431 3.1000000000000014
      vertex 4.32 -5.554999998509883 3.1000000000000014
    endloop
  endfacet
  facet normal -0.6593458167485154 0.7518398060333287 0
    outer loop
      vertex 5.021471863687038 -4.856471863687038 0
      vertex 5.021471863687038 -4.856471863687038 3.1000000000000014
      vertex 5.13948628872633 -4.752975990176201 3.1000000000000014
    endloop
  endfacet
  facet normal -0.7518398060333287 0.6593458167485154 0
    outer loop
      vertex 4.917975990176201 -4.97448628872633 0
      vertex 4.917975990176201 -4.97448628872633 3.1000000000000014
      vertex 5.021471863687038 -4.856471863687038 3.1000000000000014
    endloop
  endfacet
  facet normal -0.19509031122733816 0.9807852825492541 0
    outer loop
      vertex 5.55941714912653 -4.545889009833336 0
      vertex 5.55941714912653 -4.545889009833336 3.1000000000000014
      vertex 5.713368570506573 -4.515266169905662 3.1000000000000014
    endloop
  endfacet
  facet normal -0.0654031510240261 0.9978589218101567 0
    outer loop
      vertex 5.713368570506573 -4.515266169905662 0
      vertex 5.713368570506573 -4.515266169905662 3.1000000000000014
      vertex 5.870000002980232 -4.505 3.1000000000000014
    endloop
  endfacet
  facet normal -0.5555702357167899 0.8314696105003421 0
    outer loop
      vertex 5.13948628872633 -4.752975990176201 0
      vertex 5.13948628872633 -4.752975990176201 3.1000000000000014
      vertex 5.270000001490116 -4.665769514739513 3.1000000000000014
    endloop
  endfacet
  facet normal -0.4422886995523108 0.8968727369300092 0
    outer loop
      vertex 5.270000001490116 -4.665769514739513 0
      vertex 5.270000001490116 -4.665769514739513 3.1000000000000014
      vertex 5.410779884159565 -4.596344557702541 3.1000000000000014
    endloop
  endfacet
  facet normal -0.3214394381708797 0.9469301387052739 0
    outer loop
      vertex 5.410779884159565 -4.596344557702541 0
      vertex 5.410779884159565 -4.596344557702541 3.1000000000000014
      vertex 5.55941714912653 -4.545889009833336 3.1000000000000014
    endloop
  endfacet
  facet normal -0.8314696105003421 0.5555702357167899 0
    outer loop
      vertex 4.830769514739513 -5.105000001490116 0
      vertex 4.830769514739513 -5.105000001490116 3.1000000000000014
      vertex 4.917975990176201 -4.97448628872633 3.1000000000000014
    endloop
  endfacet
  facet normal -0.8968727369300092 0.4422886995523108 0
    outer loop
      vertex 4.761344557702541 -5.245779884159565 0
      vertex 4.761344557702541 -5.245779884159565 3.1000000000000014
      vertex 4.830769514739513 -5.105000001490116 3.1000000000000014
    endloop
  endfacet
  facet normal -0.9469301387052739 0.3214394381708797 0
    outer loop
      vertex 4.710889009833336 -5.39441714912653 0
      vertex 4.710889009833336 -5.39441714912653 3.1000000000000014
      vertex 4.761344557702541 -5.245779884159565 3.1000000000000014
    endloop
  endfacet
  facet normal -0.9807852825492541 0.19509031122733816 0
    outer loop
      vertex 4.6802661699056625 -5.548368570506573 0
      vertex 4.6802661699056625 -5.548368570506573 3.1000000000000014
      vertex 4.710889009833336 -5.39441714912653 3.1000000000000014
    endloop
  endfacet
  facet normal -0.9978589218101567 0.0654031510240261 0
    outer loop
      vertex 4.67 -5.705000002980232 0
      vertex 4.67 -5.705000002980232 3.1000000000000014
      vertex 4.6802661699056625 -5.548368570506573 3.1000000000000014
    endloop
  endfacet
  facet normal 0 0 1
    outer loop
      vertex 4.5075644326210025 -4.855000002980232 4.100000000000001
      vertex 4.426568656861782 -5.019243194460868 4.100000000000001
      vertex 4.426568656861782 -9.990756808519363 4.100000000000001
    endloop
  endfacet
  facet normal 0 0 1
    outer loop
      vertex 4.730050503909588 -4.565050503909587 4.100000000000001
      vertex 4.609305321872235 -4.7027339997887605 4.100000000000001
      vertex 4.609305321872235 -10.30726600319147 4.100000000000001
    endloop
  endfacet
  facet normal 0 0 1
    outer loop
      vertex 4.609305321872235 -4.7027339997887605 4.100000000000001
      vertex 4.5075644326210025 -4.855000002980232 4.100000000000001
      vertex 4.5075644326210025 -10.155 4.100000000000001
    endloop
  endfacet
  facet normal 0 0 1
    outer loop
      vertex 5.0200000029802325 -4.342564432621002 4.100000000000001
      vertex 4.867733999788761 -4.444305321872234 4.100000000000001
      vertex 4.867733999788761 -10.565694673657417 4.100000000000001
    endloop
  endfacet
  facet normal 0 0 1
    outer loop
      vertex 5.0200000029802325 -4.342564432621002 4.100000000000001
      vertex 5.0200000029802325 -10.667435562908649 4.100000000000001
      vertex 5.184243194460869 -4.261568656861781 4.100000000000001
    endloop
  endfacet
  facet normal 0 0 1
    outer loop
      vertex 4.867733999788761 -4.444305321872234 4.100000000000001
      vertex 4.730050503909588 -4.565050503909587 4.100000000000001
      vertex 4.730050503909588 -10.444949491620063 4.100000000000001
    endloop
  endfacet
  facet normal 0 0 1
    outer loop
      vertex 5.184243194460869 -4.261568656861781 4.100000000000001
      vertex 5.184243194460869 -10.74843134611845 4.100000000000001
      vertex 5.357653334438801 -4.202703839838504 4.100000000000001
    endloop
  endfacet
  facet normal 0 0 1
    outer loop
      vertex 5.357653334438801 -4.202703839838504 4.100000000000001
      vertex 5.357653334438801 -10.807296155691146 4.100000000000001
      vertex 5.537263333499432 -4.1669771957397455 4.100000000000001
    endloop
  endfacet
  facet normal 0 0 1
    outer loop
      vertex 5.537263333499432 -4.1669771957397455 4.100000000000001
      vertex 5.537263333499432 -10.843022807240486 4.100000000000001
      vertex 5.719999998509884 -4.154999999999999 4.100000000000001
    endloop
  endfacet
  facet normal 0 0 -1
    outer loop
      vertex 4.5075644326210025 -4.855000002980232 3.1000000000000014
      vertex 4.426568656861782 -9.990756808519363 3.1000000000000014
      vertex 4.426568656861782 -5.019243194460868 3.1000000000000014
    endloop
  endfacet
  facet normal 0 0 -1
    outer loop
      vertex 4.609305321872235 -4.7027339997887605 3.1000000000000014
      vertex 4.5075644326210025 -10.155 3.1000000000000014
      vertex 4.5075644326210025 -4.855000002980232 3.1000000000000014
    endloop
  endfacet
  facet normal 0 0 1
    outer loop
      vertex 4.426568656861782 -5.019243194460868 4.100000000000001
      vertex 4.367703839838505 -5.1926533344388 4.100000000000001
      vertex 4.367703839838505 -9.81734666109085 4.100000000000001
    endloop
  endfacet
  facet normal 0 0 1
    outer loop
      vertex 4.367703839838505 -5.1926533344388 4.100000000000001
      vertex 4.331977195739746 -5.372263333499431 4.100000000000001
      vertex 4.331977195739746 -9.6377366694808 4.100000000000001
    endloop
  endfacet
  facet normal 0 0 1
    outer loop
      vertex 4.331977195739746 -5.372263333499431 4.100000000000001
      vertex 4.32 -5.554999998509883 4.100000000000001
      vertex 4.32 -9.454999997019767 4.100000000000001
    endloop
  endfacet
  facet normal -1 0 0
    outer loop
      vertex 4.32 -5.554999998509883 4.100000000000001
      vertex 4.32 -5.554999998509883 3.1000000000000014
      vertex 4.32 -9.454999997019767 3.1000000000000014
    endloop
  endfacet
  facet normal 0 0 -1
    outer loop
      vertex 4.426568656861782 -5.019243194460868 3.1000000000000014
      vertex 4.367703839838505 -9.81734666109085 3.1000000000000014
      vertex 4.367703839838505 -5.1926533344388 3.1000000000000014
    endloop
  endfacet
  facet normal 0 0 -1
    outer loop
      vertex 4.367703839838505 -5.1926533344388 3.1000000000000014
      vertex 4.331977195739746 -9.6377366694808 3.1000000000000014
      vertex 4.331977195739746 -5.372263333499431 3.1000000000000014
    endloop
  endfacet
  facet normal 0 0 -1
    outer loop
      vertex 4.331977195739746 -5.372263333499431 3.1000000000000014
      vertex 4.32 -9.454999997019767 3.1000000000000014
      vertex 4.32 -5.554999998509883 3.1000000000000014
    endloop
  endfacet
  facet normal 0 0 -1
    outer loop
      vertex 4.609305321872235 -4.7027339997887605 3.1000000000000014
      vertex 4.67 -5.705000002980232 3.1000000000000014
      vertex 4.609305321872235 -10.30726600319147 3.1000000000000014
    endloop
  endfacet
  facet normal 0 1 0
    outer loop
      vertex 5.719999998509884 -4.154999999999999 4.100000000000001
      vertex 15.619999997019768 -4.154999999999999 4.100000000000001
      vertex 5.719999998509884 -4.154999999999999 3.1000000000000014
    endloop
  endfacet
  facet normal 0 0 -1
    outer loop
      vertex 5.719999998509884 -4.154999999999999 3.1000000000000014
      vertex 15.469999997019768 -4.505 3.1000000000000014
      vertex 5.870000002980232 -4.505 3.1000000000000014
    endloop
  endfacet
  facet normal 0 1 0
    outer loop
      vertex 5.870000002980232 -4.505 0
      vertex 5.870000002980232 -4.505 3.1000000000000014
      vertex 15.469999997019768 -4.505 3.1000000000000014
    endloop
  endfacet
  facet normal 0 0 1
    outer loop
      vertex 5.719999998509884 -4.154999999999999 4.100000000000001
      vertex 5.719999998509884 -10.855000002980232 4.100000000000001
      vertex 15.619999997019768 -4.154999999999999 4.100000000000001
    endloop
  endfacet
  facet normal -0.6593458167485154 0.7518398060333287 0
    outer loop
      vertex 5.021471863687038 -4.856471863687038 0
      vertex 5.13948628872633 -4.752975990176201 3.1000000000000014
      vertex 5.13948628872633 -4.752975990176201 0
    endloop
  endfacet
  facet normal -0.7518398060333287 0.6593458167485154 0
    outer loop
      vertex 5.021471863687038 -4.856471863687038 0
      vertex 4.917975990176201 -4.97448628872633 0
      vertex 5.021471863687038 -4.856471863687038 3.1000000000000014
    endloop
  endfacet
  facet normal -0.3214394381708797 0.9469301387052739 0
    outer loop
      vertex 5.410779884159565 -4.596344557702541 0
      vertex 5.55941714912653 -4.545889009833336 3.1000000000000014
      vertex 5.55941714912653 -4.545889009833336 0
    endloop
  endfacet
  facet normal -0.19509031122733816 0.9807852825492541 0
    outer loop
      vertex 5.55941714912653 -4.545889009833336 0
      vertex 5.713368570506573 -4.515266169905662 3.1000000000000014
      vertex 5.713368570506573 -4.515266169905662 0
    endloop
  endfacet
  facet normal -0.0654031510240261 0.9978589218101567 0
    outer loop
      vertex 5.713368570506573 -4.515266169905662 0
      vertex 5.870000002980232 -4.505 3.1000000000000014
      vertex 5.870000002980232 -4.505 0
    endloop
  endfacet
  facet normal -0.5555702357167899 0.8314696105003421 0
    outer loop
      vertex 5.270000001490116 -4.665769514739513 0
      vertex 5.13948628872633 -4.752975990176201 0
      vertex 5.270000001490116 -4.665769514739513 3.1000000000000014
    endloop
  endfacet
  facet normal -0.4422886995523108 0.8968727369300092 0
    outer loop
      vertex 5.410779884159565 -4.596344557702541 0
      vertex 5.270000001490116 -4.665769514739513 0
      vertex 5.410779884159565 -4.596344557702541 3.1000000000000014
    endloop
  endfacet
  facet normal -0.8314696105003421 0.5555702357167899 0
    outer loop
      vertex 4.917975990176201 -4.97448628872633 0
      vertex 4.830769514739513 -5.105000001490116 0
      vertex 4.917975990176201 -4.97448628872633 3.1000000000000014
    endloop
  endfacet
  facet normal -0.8968727369300092 0.4422886995523108 0
    outer loop
      vertex 4.830769514739513 -5.105000001490116 0
      vertex 4.761344557702541 -5.245779884159565 0
      vertex 4.830769514739513 -5.105000001490116 3.1000000000000014
    endloop
  endfacet
  facet normal -0.9469301387052739 0.3214394381708797 0
    outer loop
      vertex 4.761344557702541 -5.245779884159565 0
      vertex 4.710889009833336 -5.39441714912653 0
      vertex 4.761344557702541 -5.245779884159565 3.1000000000000014
    endloop
  endfacet
  facet normal -0.9807852825492541 0.19509031122733816 0
    outer loop
      vertex 4.710889009833336 -5.39441714912653 0
      vertex 4.6802661699056625 -5.548368570506573 0
      vertex 4.710889009833336 -5.39441714912653 3.1000000000000014
    endloop
  endfacet
  facet normal -0.9978589218101567 0.0654031510240261 0
    outer loop
      vertex 4.6802661699056625 -5.548368570506573 0
      vertex 4.67 -5.705000002980232 0
      vertex 4.6802661699056625 -5.548368570506573 3.1000000000000014
    endloop
  endfacet
  facet normal -1 0 0
    outer loop
      vertex 4.67 -5.705000002980232 0
      vertex 4.67 -9.304999997019767 0
      vertex 4.67 -5.705000002980232 3.1000000000000014
    endloop
  endfacet
  facet normal 0 0 -1
    outer loop
      vertex 4.917975990176201 -4.97448628872633 0
      vertex 4.830769514739513 -9.904999998509883 0
      vertex 4.830769514739513 -5.105000001490116 0
    endloop
  endfacet
  facet normal 0 0 -1
    outer loop
      vertex 5.021471863687038 -4.856471863687038 0
      vertex 4.917975990176201 -10.03551371127367 0
      vertex 4.917975990176201 -4.97448628872633 0
    endloop
  endfacet
  facet normal 0 0 -1
    outer loop
      vertex 5.021471863687038 -4.856471863687038 0
      vertex 5.13948628872633 -4.752975990176201 0
      vertex 5.021471863687038 -10.15352813631296 0
    endloop
  endfacet
  facet normal 0 0 -1
    outer loop
      vertex 5.270000001490116 -4.665769514739513 0
      vertex 5.13948628872633 -10.257024009823798 0
      vertex 5.13948628872633 -4.752975990176201 0
    endloop
  endfacet
  facet normal 0 0 -1
    outer loop
      vertex 5.410779884159565 -4.596344557702541 0
      vertex 5.270000001490116 -10.344230485260486 0
      vertex 5.270000001490116 -4.665769514739513 0
    endloop
  endfacet
  facet normal 0 0 -1
    outer loop
      vertex 5.410779884159565 -4.596344557702541 0
      vertex 5.55941714912653 -4.545889009833336 0
      vertex 5.410779884159565 -10.413655442297458 0
    endloop
  endfacet
  facet normal 0 0 -1
    outer loop
      vertex 5.55941714912653 -4.545889009833336 0
      vertex 5.713368570506573 -4.515266169905662 0
      vertex 5.55941714912653 -10.464110990166663 0
    endloop
  endfacet
  facet normal 0 0 -1
    outer loop
      vertex 5.713368570506573 -4.515266169905662 0
      vertex 5.870000002980232 -4.505 0
      vertex 5.713368570506573 -10.494733830094336 0
    endloop
  endfacet
  facet normal 0 0 -1
    outer loop
      vertex 4.710889009833336 -5.39441714912653 0
      vertex 4.6802661699056625 -9.461631429493426 0
      vertex 4.6802661699056625 -5.548368570506573 0
    endloop
  endfacet
  facet normal 0 0 -1
    outer loop
      vertex 4.6802661699056625 -5.548368570506573 0
      vertex 4.67 -9.304999997019767 0
      vertex 4.67 -5.705000002980232 0
    endloop
  endfacet
  facet normal 0 0 -1
    outer loop
      vertex 4.830769514739513 -5.105000001490116 0
      vertex 4.761344557702541 -9.764220115840434 0
      vertex 4.761344557702541 -5.245779884159565 0
    endloop
  endfacet
  facet normal 0 0 -1
    outer loop
      vertex 4.761344557702541 -5.245779884159565 0
      vertex 4.710889009833336 -9.61558285087347 0
      vertex 4.710889009833336 -5.39441714912653 0
    endloop
  endfacet
  facet normal 0 0 -1
    outer loop
      vertex 5.870000002980232 -4.505 0
      vertex 15.469999997019768 -4.505 0
      vertex 5.870000002980232 -10.504999999999999 0
    endloop
  endfacet
  facet normal 0 0 1
    outer loop
      vertex 4.331977195739746 -5.372263333499431 4.100000000000001
      vertex 4.32 -9.454999997019767 4.100000000000001
      vertex 4.331977195739746 -9.6377366694808 4.100000000000001
    endloop
  endfacet
  facet normal 0 0 1
    outer loop
      vertex 4.367703839838505 -5.1926533344388 4.100000000000001
      vertex 4.331977195739746 -9.6377366694808 4.100000000000001
      vertex 4.367703839838505 -9.81734666109085 4.100000000000001
    endloop
  endfacet
  facet normal 0 0 1
    outer loop
      vertex 4.426568656861782 -5.019243194460868 4.100000000000001
      vertex 4.367703839838505 -9.81734666109085 4.100000000000001
      vertex 4.426568656861782 -9.990756808519363 4.100000000000001
    endloop
  endfacet
  facet normal 0 0 1
    outer loop
      vertex 4.5075644326210025 -4.855000002980232 4.100000000000001
      vertex 4.426568656861782 -9.990756808519363 4.100000000000001
      vertex 4.5075644326210025 -10.155 4.100000000000001
    endloop
  endfacet
  facet normal -1 0 0
    outer loop
      vertex 4.32 -5.554999998509883 4.100000000000001
      vertex 4.32 -9.454999997019767 3.1000000000000014
      vertex 4.32 -9.454999997019767 4.100000000000001
    endloop
  endfacet
  facet normal 0 0 -1
    outer loop
      vertex 4.331977195739746 -5.372263333499431 3.1000000000000014
      vertex 4.331977195739746 -9.6377366694808 3.1000000000000014
      vertex 4.32 -9.454999997019767 3.1000000000000014
    endloop
  endfacet
  facet normal 0 0 -1
    outer loop
      vertex 4.367703839838505 -5.1926533344388 3.1000000000000014
      vertex 4.367703839838505 -9.81734666109085 3.1000000000000014
      vertex 4.331977195739746 -9.6377366694808 3.1000000000000014
    endloop
  endfacet
  facet normal 0 0 -1
    outer loop
      vertex 4.426568656861782 -5.019243194460868 3.1000000000000014
      vertex 4.426568656861782 -9.990756808519363 3.1000000000000014
      vertex 4.367703839838505 -9.81734666109085 3.1000000000000014
    endloop
  endfacet
  facet normal 0 0 -1
    outer loop
      vertex 4.5075644326210025 -4.855000002980232 3.1000000000000014
      vertex 4.5075644326210025 -10.155 3.1000000000000014
      vertex 4.426568656861782 -9.990756808519363 3.1000000000000014
    endloop
  endfacet
  facet normal 0 0 1
    outer loop
      vertex 4.609305321872235 -4.7027339997887605 4.100000000000001
      vertex 4.5075644326210025 -10.155 4.100000000000001
      vertex 4.609305321872235 -10.30726600319147 4.100000000000001
    endloop
  endfacet
  facet normal 0 0 1
    outer loop
      vertex 4.730050503909588 -4.565050503909587 4.100000000000001
      vertex 4.609305321872235 -10.30726600319147 4.100000000000001
      vertex 4.730050503909588 -10.444949491620063 4.100000000000001
    endloop
  endfacet
  facet normal 0 0 1
    outer loop
      vertex 4.867733999788761 -4.444305321872234 4.100000000000001
      vertex 4.730050503909588 -10.444949491620063 4.100000000000001
      vertex 4.867733999788761 -10.565694673657417 4.100000000000001
    endloop
  endfacet
  facet normal 0 0 1
    outer loop
      vertex 5.0200000029802325 -4.342564432621002 4.100000000000001
      vertex 4.867733999788761 -10.565694673657417 4.100000000000001
      vertex 5.0200000029802325 -10.667435562908649 4.100000000000001
    endloop
  endfacet
  facet normal 0 0 1
    outer loop
      vertex 5.184243194460869 -4.261568656861781 4.100000000000001
      vertex 5.0200000029802325 -10.667435562908649 4.100000000000001
      vertex 5.184243194460869 -10.74843134611845 4.100000000000001
    endloop
  endfacet
  facet normal 0 0 1
    outer loop
      vertex 5.357653334438801 -4.202703839838504 4.100000000000001
      vertex 5.184243194460869 -10.74843134611845 4.100000000000001
      vertex 5.357653334438801 -10.807296155691146 4.100000000000001
    endloop
  endfacet
  facet normal 0 0 1
    outer loop
      vertex 5.537263333499432 -4.1669771957397455 4.100000000000001
      vertex 5.357653334438801 -10.807296155691146 4.100000000000001
      vertex 5.537263333499432 -10.843022807240486 4.100000000000001
    endloop
  endfacet
  facet normal 0 0 1
    outer loop
      vertex 5.719999998509884 -4.154999999999999 4.100000000000001
      vertex 5.537263333499432 -10.843022807240486 4.100000000000001
      vertex 5.719999998509884 -10.855000002980232 4.100000000000001
    endloop
  endfacet
  facet normal 0 0 -1
    outer loop
      vertex 4.609305321872235 -4.7027339997887605 3.1000000000000014
      vertex 4.609305321872235 -10.30726600319147 3.1000000000000014
      vertex 4.5075644326210025 -10.155 3.1000000000000014
    endloop
  endfacet
  facet normal 0 0 -1
    outer loop
      vertex 4.609305321872235 -10.30726600319147 3.1000000000000014
      vertex 4.67 -5.705000002980232 3.1000000000000014
      vertex 4.67 -9.304999997019767 3.1000000000000014
    endloop
  endfacet
  facet normal -1 0 0
    outer loop
      vertex 4.67 -9.304999997019767 0
      vertex 4.67 -9.304999997019767 3.1000000000000014
      vertex 4.67 -5.705000002980232 3.1000000000000014
    endloop
  endfacet
  facet normal -0.9978589227242372 -0.06540313707785683 0
    outer loop
      vertex 4.32 -9.454999997019767 4.100000000000001
      vertex 4.331977195739746 -9.6377366694808 3.1000000000000014
      vertex 4.331977195739746 -9.6377366694808 4.100000000000001
    endloop
  endfacet
  facet normal -0.9807852851441621 -0.1950902981818543 0
    outer loop
      vertex 4.331977195739746 -9.6377366694808 4.100000000000001
      vertex 4.367703839838505 -9.81734666109085 3.1000000000000014
      vertex 4.367703839838505 -9.81734666109085 4.100000000000001
    endloop
  endfacet
  facet normal -0.946930122932181 -0.3214394846369137 0
    outer loop
      vertex 4.367703839838505 -9.81734666109085 4.100000000000001
      vertex 4.426568656861782 -9.990756808519363 3.1000000000000014
      vertex 4.426568656861782 -9.990756808519363 4.100000000000001
    endloop
  endfacet
  facet normal -0.9978589227242372 -0.06540313707785683 0
    outer loop
      vertex 4.32 -9.454999997019767 4.100000000000001
      vertex 4.32 -9.454999997019767 3.1000000000000014
      vertex 4.331977195739746 -9.6377366694808 3.1000000000000014
    endloop
  endfacet
  facet normal -0.9807852851441621 -0.1950902981818543 0
    outer loop
      vertex 4.331977195739746 -9.6377366694808 4.100000000000001
      vertex 4.331977195739746 -9.6377366694808 3.1000000000000014
      vertex 4.367703839838505 -9.81734666109085 3.1000000000000014
    endloop
  endfacet
  facet normal -0.946930122932181 -0.3214394846369137 0
    outer loop
      vertex 4.367703839838505 -9.81734666109085 4.100000000000001
      vertex 4.367703839838505 -9.81734666109085 3.1000000000000014
      vertex 4.426568656861782 -9.990756808519363 3.1000000000000014
    endloop
  endfacet
  facet normal 0 0 -1
    outer loop
      vertex 4.609305321872235 -10.30726600319147 3.1000000000000014
      vertex 4.67 -9.304999997019767 3.1000000000000014
      vertex 4.6802661699056625 -9.461631429493426 3.1000000000000014
    endloop
  endfacet
  facet normal 0 0 -1
    outer loop
      vertex 4.609305321872235 -10.30726600319147 3.1000000000000014
      vertex 4.6802661699056625 -9.461631429493426 3.1000000000000014
      vertex 4.710889009833336 -9.61558285087347 3.1000000000000014
    endloop
  endfacet
  facet normal 0 0 -1
    outer loop
      vertex 4.730050503909588 -10.444949491620063 3.1000000000000014
      vertex 4.710889009833336 -9.61558285087347 3.1000000000000014
      vertex 4.761344557702541 -9.764220115840434 3.1000000000000014
    endloop
  endfacet
  facet normal -0.8968727477629337 -0.4422886775853134 0
    outer loop
      vertex 4.426568656861782 -9.990756808519363 4.100000000000001
      vertex 4.5075644326210025 -10.155 3.1000000000000014
      vertex 4.5075644326210025 -10.155 4.100000000000001
    endloop
  endfacet
  facet normal -0.8314696157398377 -0.5555702278753304 0
    outer loop
      vertex 4.5075644326210025 -10.155 4.100000000000001
      vertex 4.609305321872235 -10.30726600319147 3.1000000000000014
      vertex 4.609305321872235 -10.30726600319147 4.100000000000001
    endloop
  endfacet
  facet normal -0.7518397984303042 -0.6593458254181029 0
    outer loop
      vertex 4.609305321872235 -10.30726600319147 4.100000000000001
      vertex 4.730050503909588 -10.444949491620063 3.1000000000000014
      vertex 4.730050503909588 -10.444949491620063 4.100000000000001
    endloop
  endfacet
  facet normal -0.659345805249671 -0.7518398161175442 0
    outer loop
      vertex 4.730050503909588 -10.444949491620063 4.100000000000001
      vertex 4.867733999788761 -10.565694673657417 3.1000000000000014
      vertex 4.867733999788761 -10.565694673657417 4.100000000000001
    endloop
  endfacet
  facet normal -0.5555702278753304 -0.8314696157398377 0
    outer loop
      vertex 4.867733999788761 -10.565694673657417 4.100000000000001
      vertex 5.0200000029802325 -10.667435562908649 3.1000000000000014
      vertex 5.0200000029802325 -10.667435562908649 4.100000000000001
    endloop
  endfacet
  facet normal -0.4422887103114857 -0.8968727316241711 0
    outer loop
      vertex 5.0200000029802325 -10.667435562908649 4.100000000000001
      vertex 5.184243194460869 -10.74843134611845 3.1000000000000014
      vertex 5.184243194460869 -10.74843134611845 4.100000000000001
    endloop
  endfacet
  facet normal -0.3214394605393957 -0.9469301311121862 0
    outer loop
      vertex 5.184243194460869 -10.74843134611845 4.100000000000001
      vertex 5.357653334438801 -10.807296155691146 3.1000000000000014
      vertex 5.357653334438801 -10.807296155691146 4.100000000000001
    endloop
  endfacet
  facet normal -0.19509032953358119 -0.9807852789079161 0
    outer loop
      vertex 5.357653334438801 -10.807296155691146 4.100000000000001
      vertex 5.537263333499432 -10.843022807240486 3.1000000000000014
      vertex 5.537263333499432 -10.843022807240486 4.100000000000001
    endloop
  endfacet
  facet normal -0.06540313973308162 -0.9978589225502045 0
    outer loop
      vertex 5.537263333499432 -10.843022807240486 4.100000000000001
      vertex 5.719999998509884 -10.855000002980232 3.1000000000000014
      vertex 5.719999998509884 -10.855000002980232 4.100000000000001
    endloop
  endfacet
  facet normal -0.8968727477629337 -0.4422886775853134 0
    outer loop
      vertex 4.426568656861782 -9.990756808519363 4.100000000000001
      vertex 4.426568656861782 -9.990756808519363 3.1000000000000014
      vertex 4.5075644326210025 -10.155 3.1000000000000014
    endloop
  endfacet
  facet normal -0.8314696157398377 -0.5555702278753304 0
    outer loop
      vertex 4.5075644326210025 -10.155 4.100000000000001
      vertex 4.5075644326210025 -10.155 3.1000000000000014
      vertex 4.609305321872235 -10.30726600319147 3.1000000000000014
    endloop
  endfacet
  facet normal -0.7518397984303042 -0.6593458254181029 0
    outer loop
      vertex 4.609305321872235 -10.30726600319147 4.100000000000001
      vertex 4.609305321872235 -10.30726600319147 3.1000000000000014
      vertex 4.730050503909588 -10.444949491620063 3.1000000000000014
    endloop
  endfacet
  facet normal 0 0 -1
    outer loop
      vertex 4.609305321872235 -10.30726600319147 3.1000000000000014
      vertex 4.710889009833336 -9.61558285087347 3.1000000000000014
      vertex 4.730050503909588 -10.444949491620063 3.1000000000000014
    endloop
  endfacet
  facet normal 0 0 -1
    outer loop
      vertex 4.730050503909588 -10.444949491620063 3.1000000000000014
      vertex 4.761344557702541 -9.764220115840434 3.1000000000000014
      vertex 4.830769514739513 -9.904999998509883 3.1000000000000014
    endloop
  endfacet
  facet normal 0 0 -1
    outer loop
      vertex 4.867733999788761 -10.565694673657417 3.1000000000000014
      vertex 4.830769514739513 -9.904999998509883 3.1000000000000014
      vertex 4.917975990176201 -10.03551371127367 3.1000000000000014
    endloop
  endfacet
  facet normal 0 0 -1
    outer loop
      vertex 4.730050503909588 -10.444949491620063 3.1000000000000014
      vertex 4.830769514739513 -9.904999998509883 3.1000000000000014
      vertex 4.867733999788761 -10.565694673657417 3.1000000000000014
    endloop
  endfacet
  facet normal 0 0 -1
    outer loop
      vertex 5.0200000029802325 -10.667435562908649 3.1000000000000014
      vertex 4.917975990176201 -10.03551371127367 3.1000000000000014
      vertex 5.021471863687038 -10.15352813631296 3.1000000000000014
    endloop
  endfacet
  facet normal 0 0 -1
    outer loop
      vertex 4.867733999788761 -10.565694673657417 3.1000000000000014
      vertex 4.917975990176201 -10.03551371127367 3.1000000000000014
      vertex 5.0200000029802325 -10.667435562908649 3.1000000000000014
    endloop
  endfacet
  facet normal 0 0 -1
    outer loop
      vertex 5.0200000029802325 -10.667435562908649 3.1000000000000014
      vertex 5.021471863687038 -10.15352813631296 3.1000000000000014
      vertex 5.13948628872633 -10.257024009823798 3.1000000000000014
    endloop
  endfacet
  facet normal -0.659345805249671 -0.7518398161175442 0
    outer loop
      vertex 4.730050503909588 -10.444949491620063 4.100000000000001
      vertex 4.730050503909588 -10.444949491620063 3.1000000000000014
      vertex 4.867733999788761 -10.565694673657417 3.1000000000000014
    endloop
  endfacet
  facet normal -0.5555702278753304 -0.8314696157398377 0
    outer loop
      vertex 4.867733999788761 -10.565694673657417 4.100000000000001
      vertex 4.867733999788761 -10.565694673657417 3.1000000000000014
      vertex 5.0200000029802325 -10.667435562908649 3.1000000000000014
    endloop
  endfacet
  facet normal -0.4422887103114857 -0.8968727316241711 0
    outer loop
      vertex 5.0200000029802325 -10.667435562908649 4.100000000000001
      vertex 5.0200000029802325 -10.667435562908649 3.1000000000000014
      vertex 5.184243194460869 -10.74843134611845 3.1000000000000014
    endloop
  endfacet
  facet normal -0.3214394605393957 -0.9469301311121862 0
    outer loop
      vertex 5.184243194460869 -10.74843134611845 4.100000000000001
      vertex 5.184243194460869 -10.74843134611845 3.1000000000000014
      vertex 5.357653334438801 -10.807296155691146 3.1000000000000014
    endloop
  endfacet
  facet normal -0.19509032953358119 -0.9807852789079161 0
    outer loop
      vertex 5.357653334438801 -10.807296155691146 4.100000000000001
      vertex 5.357653334438801 -10.807296155691146 3.1000000000000014
      vertex 5.537263333499432 -10.843022807240486 3.1000000000000014
    endloop
  endfacet
  facet normal -0.06540313973308162 -0.9978589225502045 0
    outer loop
      vertex 5.537263333499432 -10.843022807240486 4.100000000000001
      vertex 5.537263333499432 -10.843022807240486 3.1000000000000014
      vertex 5.719999998509884 -10.855000002980232 3.1000000000000014
    endloop
  endfacet
  facet normal 0 0 -1
    outer loop
      vertex 5.184243194460869 -10.74843134611845 3.1000000000000014
      vertex 5.13948628872633 -10.257024009823798 3.1000000000000014
      vertex 5.270000001490116 -10.344230485260486 3.1000000000000014
    endloop
  endfacet
  facet normal 0 0 -1
    outer loop
      vertex 5.0200000029802325 -10.667435562908649 3.1000000000000014
      vertex 5.13948628872633 -10.257024009823798 3.1000000000000014
      vertex 5.184243194460869 -10.74843134611845 3.1000000000000014
    endloop
  endfacet
  facet normal 0 0 -1
    outer loop
      vertex 5.184243194460869 -10.74843134611845 3.1000000000000014
      vertex 5.270000001490116 -10.344230485260486 3.1000000000000014
      vertex 5.357653334438801 -10.807296155691146 3.1000000000000014
    endloop
  endfacet
  facet normal 0 0 -1
    outer loop
      vertex 5.357653334438801 -10.807296155691146 3.1000000000000014
      vertex 5.270000001490116 -10.344230485260486 3.1000000000000014
      vertex 5.410779884159565 -10.413655442297458 3.1000000000000014
    endloop
  endfacet
  facet normal 0 0 -1
    outer loop
      vertex 5.537263333499432 -10.843022807240486 3.1000000000000014
      vertex 5.410779884159565 -10.413655442297458 3.1000000000000014
      vertex 5.55941714912653 -10.464110990166663 3.1000000000000014
    endloop
  endfacet
  facet normal 0 0 -1
    outer loop
      vertex 5.357653334438801 -10.807296155691146 3.1000000000000014
      vertex 5.410779884159565 -10.413655442297458 3.1000000000000014
      vertex 5.537263333499432 -10.843022807240486 3.1000000000000014
    endloop
  endfacet
  facet normal 0 0 -1
    outer loop
      vertex 5.537263333499432 -10.843022807240486 3.1000000000000014
      vertex 5.55941714912653 -10.464110990166663 3.1000000000000014
      vertex 5.713368570506573 -10.494733830094336 3.1000000000000014
    endloop
  endfacet
  facet normal 0 0 -1
    outer loop
      vertex 5.719999998509884 -10.855000002980232 3.1000000000000014
      vertex 5.713368570506573 -10.494733830094336 3.1000000000000014
      vertex 5.870000002980232 -10.504999999999999 3.1000000000000014
    endloop
  endfacet
  facet normal 0 0 -1
    outer loop
      vertex 5.537263333499432 -10.843022807240486 3.1000000000000014
      vertex 5.713368570506573 -10.494733830094336 3.1000000000000014
      vertex 5.719999998509884 -10.855000002980232 3.1000000000000014
    endloop
  endfacet
  facet normal -0.9978589218101567 -0.0654031510240261 0
    outer loop
      vertex 4.6802661699056625 -9.461631429493426 0
      vertex 4.6802661699056625 -9.461631429493426 3.1000000000000014
      vertex 4.67 -9.304999997019767 3.1000000000000014
    endloop
  endfacet
  facet normal -0.9807852825492541 -0.19509031122733816 0
    outer loop
      vertex 4.710889009833336 -9.61558285087347 0
      vertex 4.710889009833336 -9.61558285087347 3.1000000000000014
      vertex 4.6802661699056625 -9.461631429493426 3.1000000000000014
    endloop
  endfacet
  facet normal -0.9469301387052739 -0.3214394381708797 0
    outer loop
      vertex 4.761344557702541 -9.764220115840434 0
      vertex 4.761344557702541 -9.764220115840434 3.1000000000000014
      vertex 4.710889009833336 -9.61558285087347 3.1000000000000014
    endloop
  endfacet
  facet normal -0.8968727369300092 -0.4422886995523108 0
    outer loop
      vertex 4.830769514739513 -9.904999998509883 0
      vertex 4.830769514739513 -9.904999998509883 3.1000000000000014
      vertex 4.761344557702541 -9.764220115840434 3.1000000000000014
    endloop
  endfacet
  facet normal -0.8314696105003421 -0.5555702357167899 0
    outer loop
      vertex 4.917975990176201 -10.03551371127367 0
      vertex 4.917975990176201 -10.03551371127367 3.1000000000000014
      vertex 4.830769514739513 -9.904999998509883 3.1000000000000014
    endloop
  endfacet
  facet normal -0.7518398060333287 -0.6593458167485154 0
    outer loop
      vertex 5.021471863687038 -10.15352813631296 0
      vertex 5.021471863687038 -10.15352813631296 3.1000000000000014
      vertex 4.917975990176201 -10.03551371127367 3.1000000000000014
    endloop
  endfacet
  facet normal -0.6593458167485154 -0.7518398060333287 0
    outer loop
      vertex 5.13948628872633 -10.257024009823798 0
      vertex 5.13948628872633 -10.257024009823798 3.1000000000000014
      vertex 5.021471863687038 -10.15352813631296 3.1000000000000014
    endloop
  endfacet
  facet normal -0.5555702357167899 -0.8314696105003421 0
    outer loop
      vertex 5.270000001490116 -10.344230485260486 0
      vertex 5.270000001490116 -10.344230485260486 3.1000000000000014
      vertex 5.13948628872633 -10.257024009823798 3.1000000000000014
    endloop
  endfacet
  facet normal -0.4422886995523108 -0.8968727369300092 0
    outer loop
      vertex 5.410779884159565 -10.413655442297458 0
      vertex 5.410779884159565 -10.413655442297458 3.1000000000000014
      vertex 5.270000001490116 -10.344230485260486 3.1000000000000014
    endloop
  endfacet
  facet normal -0.3214394381708797 -0.9469301387052739 0
    outer loop
      vertex 5.55941714912653 -10.464110990166663 0
      vertex 5.55941714912653 -10.464110990166663 3.1000000000000014
      vertex 5.410779884159565 -10.413655442297458 3.1000000000000014
    endloop
  endfacet
  facet normal -0.19509031122733816 -0.9807852825492541 0
    outer loop
      vertex 5.713368570506573 -10.494733830094336 0
      vertex 5.713368570506573 -10.494733830094336 3.1000000000000014
      vertex 5.55941714912653 -10.464110990166663 3.1000000000000014
    endloop
  endfacet
  facet normal -0.0654031510240261 -0.9978589218101567 0
    outer loop
      vertex 5.870000002980232 -10.504999999999999 0
      vertex 5.870000002980232 -10.504999999999999 3.1000000000000014
      vertex 5.713368570506573 -10.494733830094336 3.1000000000000014
    endloop
  endfacet
  facet normal 0 -1 0
    outer loop
      vertex 5.719999998509884 -10.855000002980232 4.100000000000001
      vertex 5.719999998509884 -10.855000002980232 3.1000000000000014
      vertex 15.619999997019768 -10.855000002980232 3.1000000000000014
    endloop
  endfacet
  facet normal 0 0 -1
    outer loop
      vertex 5.719999998509884 -10.855000002980232 3.1000000000000014
      vertex 5.870000002980232 -10.504999999999999 3.1000000000000014
      vertex 15.619999997019768 -10.855000002980232 3.1000000000000014
    endloop
  endfacet
  facet normal 0 0 -1
    outer loop
      vertex 4.6802661699056625 -5.548368570506573 0
      vertex 4.6802661699056625 -9.461631429493426 0
      vertex 4.67 -9.304999997019767 0
    endloop
  endfacet
  facet normal 0 0 -1
    outer loop
      vertex 4.710889009833336 -5.39441714912653 0
      vertex 4.710889009833336 -9.61558285087347 0
      vertex 4.6802661699056625 -9.461631429493426 0
    endloop
  endfacet
  facet normal 0 0 -1
    outer loop
      vertex 4.761344557702541 -5.245779884159565 0
      vertex 4.761344557702541 -9.764220115840434 0
      vertex 4.710889009833336 -9.61558285087347 0
    endloop
  endfacet
  facet normal 0 0 -1
    outer loop
      vertex 4.830769514739513 -5.105000001490116 0
      vertex 4.830769514739513 -9.904999998509883 0
      vertex 4.761344557702541 -9.764220115840434 0
    endloop
  endfacet
  facet normal 0 0 -1
    outer loop
      vertex 4.917975990176201 -4.97448628872633 0
      vertex 4.917975990176201 -10.03551371127367 0
      vertex 4.830769514739513 -9.904999998509883 0
    endloop
  endfacet
  facet normal 0 0 -1
    outer loop
      vertex 5.021471863687038 -4.856471863687038 0
      vertex 5.021471863687038 -10.15352813631296 0
      vertex 4.917975990176201 -10.03551371127367 0
    endloop
  endfacet
  facet normal 0 0 -1
    outer loop
      vertex 5.13948628872633 -4.752975990176201 0
      vertex 5.13948628872633 -10.257024009823798 0
      vertex 5.021471863687038 -10.15352813631296 0
    endloop
  endfacet
  facet normal 0 0 -1
    outer loop
      vertex 5.270000001490116 -4.665769514739513 0
      vertex 5.270000001490116 -10.344230485260486 0
      vertex 5.13948628872633 -10.257024009823798 0
    endloop
  endfacet
  facet normal 0 0 -1
    outer loop
      vertex 5.410779884159565 -4.596344557702541 0
      vertex 5.410779884159565 -10.413655442297458 0
      vertex 5.270000001490116 -10.344230485260486 0
    endloop
  endfacet
  facet normal 0 0 -1
    outer loop
      vertex 5.55941714912653 -4.545889009833336 0
      vertex 5.55941714912653 -10.464110990166663 0
      vertex 5.410779884159565 -10.413655442297458 0
    endloop
  endfacet
  facet normal 0 0 -1
    outer loop
      vertex 5.713368570506573 -4.515266169905662 0
      vertex 5.713368570506573 -10.494733830094336 0
      vertex 5.55941714912653 -10.464110990166663 0
    endloop
  endfacet
  facet normal 0 0 -1
    outer loop
      vertex 5.870000002980232 -4.505 0
      vertex 5.870000002980232 -10.504999999999999 0
      vertex 5.713368570506573 -10.494733830094336 0
    endloop
  endfacet
  facet normal -0.9978589218101567 -0.0654031510240261 0
    outer loop
      vertex 4.67 -9.304999997019767 0
      vertex 4.6802661699056625 -9.461631429493426 0
      vertex 4.67 -9.304999997019767 3.1000000000000014
    endloop
  endfacet
  facet normal -0.9807852825492541 -0.19509031122733816 0
    outer loop
      vertex 4.6802661699056625 -9.461631429493426 0
      vertex 4.710889009833336 -9.61558285087347 0
      vertex 4.6802661699056625 -9.461631429493426 3.1000000000000014
    endloop
  endfacet
  facet normal -0.9469301387052739 -0.3214394381708797 0
    outer loop
      vertex 4.710889009833336 -9.61558285087347 0
      vertex 4.761344557702541 -9.764220115840434 0
      vertex 4.710889009833336 -9.61558285087347 3.1000000000000014
    endloop
  endfacet
  facet normal -0.8968727369300092 -0.4422886995523108 0
    outer loop
      vertex 4.761344557702541 -9.764220115840434 0
      vertex 4.830769514739513 -9.904999998509883 0
      vertex 4.761344557702541 -9.764220115840434 3.1000000000000014
    endloop
  endfacet
  facet normal -0.8314696105003421 -0.5555702357167899 0
    outer loop
      vertex 4.830769514739513 -9.904999998509883 0
      vertex 4.917975990176201 -10.03551371127367 0
      vertex 4.830769514739513 -9.904999998509883 3.1000000000000014
    endloop
  endfacet
  facet normal -0.7518398060333287 -0.6593458167485154 0
    outer loop
      vertex 4.917975990176201 -10.03551371127367 0
      vertex 5.021471863687038 -10.15352813631296 0
      vertex 4.917975990176201 -10.03551371127367 3.1000000000000014
    endloop
  endfacet
  facet normal -0.6593458167485154 -0.7518398060333287 0
    outer loop
      vertex 5.021471863687038 -10.15352813631296 0
      vertex 5.13948628872633 -10.257024009823798 0
      vertex 5.021471863687038 -10.15352813631296 3.1000000000000014
    endloop
  endfacet
  facet normal -0.5555702357167899 -0.8314696105003421 0
    outer loop
      vertex 5.13948628872633 -10.257024009823798 0
      vertex 5.270000001490116 -10.344230485260486 0
      vertex 5.13948628872633 -10.257024009823798 3.1000000000000014
    endloop
  endfacet
  facet normal -0.4422886995523108 -0.8968727369300092 0
    outer loop
      vertex 5.270000001490116 -10.344230485260486 0
      vertex 5.410779884159565 -10.413655442297458 0
      vertex 5.270000001490116 -10.344230485260486 3.1000000000000014
    endloop
  endfacet
  facet normal -0.3214394381708797 -0.9469301387052739 0
    outer loop
      vertex 5.410779884159565 -10.413655442297458 0
      vertex 5.55941714912653 -10.464110990166663 0
      vertex 5.410779884159565 -10.413655442297458 3.1000000000000014
    endloop
  endfacet
  facet normal -0.19509031122733816 -0.9807852825492541 0
    outer loop
      vertex 5.55941714912653 -10.464110990166663 0
      vertex 5.713368570506573 -10.494733830094336 0
      vertex 5.55941714912653 -10.464110990166663 3.1000000000000014
    endloop
  endfacet
  facet normal -0.0654031510240261 -0.9978589218101567 0
    outer loop
      vertex 5.713368570506573 -10.494733830094336 0
      vertex 5.870000002980232 -10.504999999999999 0
      vertex 5.713368570506573 -10.494733830094336 3.1000000000000014
    endloop
  endfacet
  facet normal 0 -1 0
    outer loop
      vertex 5.870000002980232 -10.504999999999999 0
      vertex 15.469999997019768 -10.504999999999999 0
      vertex 5.870000002980232 -10.504999999999999 3.1000000000000014
    endloop
  endfacet
  facet normal 0 1 0
    outer loop
      vertex 5.719999998509884 -4.154999999999999 3.1000000000000014
      vertex 15.619999997019768 -4.154999999999999 4.100000000000001
      vertex 15.619999997019768 -4.154999999999999 3.1000000000000014
    endloop
  endfacet
  facet normal 0 0 -1
    outer loop
      vertex 5.719999998509884 -4.154999999999999 3.1000000000000014
      vertex 15.619999997019768 -4.154999999999999 3.1000000000000014
      vertex 15.469999997019768 -4.505 3.1000000000000014
    endloop
  endfacet
  facet normal 0.06540313707785683 0.9978589227242372 0
    outer loop
      vertex 15.619999997019768 -4.154999999999999 4.100000000000001
      vertex 15.802736669480801 -4.1669771957397455 4.100000000000001
      vertex 15.619999997019768 -4.154999999999999 3.1000000000000014
    endloop
  endfacet
  facet normal 0.1950902981818543 0.9807852851441621 0
    outer loop
      vertex 15.802736669480801 -4.1669771957397455 4.100000000000001
      vertex 15.982346661090851 -4.202703839838504 4.100000000000001
      vertex 15.802736669480801 -4.1669771957397455 3.1000000000000014
    endloop
  endfacet
  facet normal 0.3214394846369137 0.946930122932181 0
    outer loop
      vertex 15.982346661090851 -4.202703839838504 4.100000000000001
      vertex 16.155756808519364 -4.261568656861781 4.100000000000001
      vertex 15.982346661090851 -4.202703839838504 3.1000000000000014
    endloop
  endfacet
  facet normal 0.4422886775853134 0.8968727477629337 0
    outer loop
      vertex 16.155756808519364 -4.261568656861781 4.100000000000001
      vertex 16.32 -4.342564432621002 4.100000000000001
      vertex 16.155756808519364 -4.261568656861781 3.1000000000000014
    endloop
  endfacet
  facet normal 0.5555702278753304 0.8314696157398377 0
    outer loop
      vertex 16.32 -4.342564432621002 4.100000000000001
      vertex 16.47226600319147 -4.444305321872234 4.100000000000001
      vertex 16.32 -4.342564432621002 3.1000000000000014
    endloop
  endfacet
  facet normal 0.6593458254181029 0.7518397984303042 0
    outer loop
      vertex 16.47226600319147 -4.444305321872234 4.100000000000001
      vertex 16.609949491620064 -4.565050503909587 4.100000000000001
      vertex 16.47226600319147 -4.444305321872234 3.1000000000000014
    endloop
  endfacet
  facet normal 0.7518398161175442 0.659345805249671 0
    outer loop
      vertex 16.609949491620064 -4.565050503909587 4.100000000000001
      vertex 16.730694673657418 -4.7027339997887605 4.100000000000001
      vertex 16.609949491620064 -4.565050503909587 3.1000000000000014
    endloop
  endfacet
  facet normal 0.8314696157398377 0.5555702278753304 0
    outer loop
      vertex 16.730694673657418 -4.7027339997887605 4.100000000000001
      vertex 16.83243556290865 -4.855000002980232 4.100000000000001
      vertex 16.730694673657418 -4.7027339997887605 3.1000000000000014
    endloop
  endfacet
  facet normal 0.8968727316241711 0.4422887103114857 0
    outer loop
      vertex 16.83243556290865 -4.855000002980232 4.100000000000001
      vertex 16.91343134611845 -5.019243194460868 4.100000000000001
      vertex 16.83243556290865 -4.855000002980232 3.1000000000000014
    endloop
  endfacet
  facet normal 0.06540313707785683 0.9978589227242372 0
    outer loop
      vertex 15.802736669480801 -4.1669771957397455 4.100000000000001
      vertex 15.802736669480801 -4.1669771957397455 3.1000000000000014
      vertex 15.619999997019768 -4.154999999999999 3.1000000000000014
    endloop
  endfacet
  facet normal 0.1950902981818543 0.9807852851441621 0
    outer loop
      vertex 15.982346661090851 -4.202703839838504 4.100000000000001
      vertex 15.982346661090851 -4.202703839838504 3.1000000000000014
      vertex 15.802736669480801 -4.1669771957397455 3.1000000000000014
    endloop
  endfacet
  facet normal 0.3214394846369137 0.946930122932181 0
    outer loop
      vertex 16.155756808519364 -4.261568656861781 4.100000000000001
      vertex 16.155756808519364 -4.261568656861781 3.1000000000000014
      vertex 15.982346661090851 -4.202703839838504 3.1000000000000014
    endloop
  endfacet
  facet normal 0 0 -1
    outer loop
      vertex 15.619999997019768 -4.154999999999999 3.1000000000000014
      vertex 15.802736669480801 -4.1669771957397455 3.1000000000000014
      vertex 15.626631429493427 -4.515266169905662 3.1000000000000014
    endloop
  endfacet
  facet normal 0 0 -1
    outer loop
      vertex 15.619999997019768 -4.154999999999999 3.1000000000000014
      vertex 15.626631429493427 -4.515266169905662 3.1000000000000014
      vertex 15.469999997019768 -4.505 3.1000000000000014
    endloop
  endfacet
  facet normal 0 0 -1
    outer loop
      vertex 15.802736669480801 -4.1669771957397455 3.1000000000000014
      vertex 15.78058285087347 -4.545889009833336 3.1000000000000014
      vertex 15.626631429493427 -4.515266169905662 3.1000000000000014
    endloop
  endfacet
  facet normal 0 0 -1
    outer loop
      vertex 15.802736669480801 -4.1669771957397455 3.1000000000000014
      vertex 15.982346661090851 -4.202703839838504 3.1000000000000014
      vertex 15.929220115840435 -4.596344557702541 3.1000000000000014
    endloop
  endfacet
  facet normal 0 0 -1
    outer loop
      vertex 15.802736669480801 -4.1669771957397455 3.1000000000000014
      vertex 15.929220115840435 -4.596344557702541 3.1000000000000014
      vertex 15.78058285087347 -4.545889009833336 3.1000000000000014
    endloop
  endfacet
  facet normal 0 0 -1
    outer loop
      vertex 15.982346661090851 -4.202703839838504 3.1000000000000014
      vertex 16.069999998509886 -4.665769514739513 3.1000000000000014
      vertex 15.929220115840435 -4.596344557702541 3.1000000000000014
    endloop
  endfacet
  facet normal 0 0 -1
    outer loop
      vertex 15.982346661090851 -4.202703839838504 3.1000000000000014
      vertex 16.155756808519364 -4.261568656861781 3.1000000000000014
      vertex 16.069999998509886 -4.665769514739513 3.1000000000000014
    endloop
  endfacet
  facet normal 0 0 -1
    outer loop
      vertex 16.155756808519364 -4.261568656861781 3.1000000000000014
      vertex 16.32 -4.342564432621002 3.1000000000000014
      vertex 16.200513711273672 -4.752975990176201 3.1000000000000014
    endloop
  endfacet
  facet normal 0 0 -1
    outer loop
      vertex 16.155756808519364 -4.261568656861781 3.1000000000000014
      vertex 16.200513711273672 -4.752975990176201 3.1000000000000014
      vertex 16.069999998509886 -4.665769514739513 3.1000000000000014
    endloop
  endfacet
  facet normal 0.4422886775853134 0.8968727477629337 0
    outer loop
      vertex 16.32 -4.342564432621002 4.100000000000001
      vertex 16.32 -4.342564432621002 3.1000000000000014
      vertex 16.155756808519364 -4.261568656861781 3.1000000000000014
    endloop
  endfacet
  facet normal 0.5555702278753304 0.8314696157398377 0
    outer loop
      vertex 16.47226600319147 -4.444305321872234 4.100000000000001
      vertex 16.47226600319147 -4.444305321872234 3.1000000000000014
      vertex 16.32 -4.342564432621002 3.1000000000000014
    endloop
  endfacet
  facet normal 0.6593458254181029 0.7518397984303042 0
    outer loop
      vertex 16.609949491620064 -4.565050503909587 4.100000000000001
      vertex 16.609949491620064 -4.565050503909587 3.1000000000000014
      vertex 16.47226600319147 -4.444305321872234 3.1000000000000014
    endloop
  endfacet
  facet normal 0.7518398161175442 0.659345805249671 0
    outer loop
      vertex 16.730694673657418 -4.7027339997887605 4.100000000000001
      vertex 16.730694673657418 -4.7027339997887605 3.1000000000000014
      vertex 16.609949491620064 -4.565050503909587 3.1000000000000014
    endloop
  endfacet
  facet normal 0.8314696157398377 0.5555702278753304 0
    outer loop
      vertex 16.83243556290865 -4.855000002980232 4.100000000000001
      vertex 16.83243556290865 -4.855000002980232 3.1000000000000014
      vertex 16.730694673657418 -4.7027339997887605 3.1000000000000014
    endloop
  endfacet
  facet normal 0.8968727316241711 0.4422887103114857 0
    outer loop
      vertex 16.91343134611845 -5.019243194460868 4.100000000000001
      vertex 16.91343134611845 -5.019243194460868 3.1000000000000014
      vertex 16.83243556290865 -4.855000002980232 3.1000000000000014
    endloop
  endfacet
  facet normal 0 0 -1
    outer loop
      vertex 16.32 -4.342564432621002 3.1000000000000014
      vertex 16.318528136312963 -4.856471863687038 3.1000000000000014
      vertex 16.200513711273672 -4.752975990176201 3.1000000000000014
    endloop
  endfacet
  facet normal 0 0 -1
    outer loop
      vertex 16.32 -4.342564432621002 3.1000000000000014
      vertex 16.47226600319147 -4.444305321872234 3.1000000000000014
      vertex 16.4220240098238 -4.97448628872633 3.1000000000000014
    endloop
  endfacet
  facet normal 0 0 -1
    outer loop
      vertex 16.32 -4.342564432621002 3.1000000000000014
      vertex 16.4220240098238 -4.97448628872633 3.1000000000000014
      vertex 16.318528136312963 -4.856471863687038 3.1000000000000014
    endloop
  endfacet
  facet normal 0 0 -1
    outer loop
      vertex 16.47226600319147 -4.444305321872234 3.1000000000000014
      vertex 16.609949491620064 -4.565050503909587 3.1000000000000014
      vertex 16.50923048526049 -5.105000001490116 3.1000000000000014
    endloop
  endfacet
  facet normal 0 0 -1
    outer loop
      vertex 16.47226600319147 -4.444305321872234 3.1000000000000014
      vertex 16.50923048526049 -5.105000001490116 3.1000000000000014
      vertex 16.4220240098238 -4.97448628872633 3.1000000000000014
    endloop
  endfacet
  facet normal 0 0 -1
    outer loop
      vertex 16.609949491620064 -4.565050503909587 3.1000000000000014
      vertex 16.57865544229746 -5.245779884159565 3.1000000000000014
      vertex 16.50923048526049 -5.105000001490116 3.1000000000000014
    endloop
  endfacet
  facet normal 0 0 -1
    outer loop
      vertex 16.609949491620064 -4.565050503909587 3.1000000000000014
      vertex 16.730694673657418 -4.7027339997887605 3.1000000000000014
      vertex 16.629110990166666 -5.39441714912653 3.1000000000000014
    endloop
  endfacet
  facet normal 0.9469301311121862 0.3214394605393957 0
    outer loop
      vertex 16.91343134611845 -5.019243194460868 4.100000000000001
      vertex 16.972296155691147 -5.1926533344388 4.100000000000001
      vertex 16.91343134611845 -5.019243194460868 3.1000000000000014
    endloop
  endfacet
  facet normal 0.9807852789079161 0.19509032953358119 0
    outer loop
      vertex 16.972296155691147 -5.1926533344388 4.100000000000001
      vertex 17.008022807240486 -5.372263333499431 4.100000000000001
      vertex 16.972296155691147 -5.1926533344388 3.1000000000000014
    endloop
  endfacet
  facet normal 0.9978589225502045 0.06540313973308162 0
    outer loop
      vertex 17.008022807240486 -5.372263333499431 4.100000000000001
      vertex 17.020000002980233 -5.554999998509883 4.100000000000001
      vertex 17.008022807240486 -5.372263333499431 3.1000000000000014
    endloop
  endfacet
  facet normal 0.9469301311121862 0.3214394605393957 0
    outer loop
      vertex 16.972296155691147 -5.1926533344388 4.100000000000001
      vertex 16.972296155691147 -5.1926533344388 3.1000000000000014
      vertex 16.91343134611845 -5.019243194460868 3.1000000000000014
    endloop
  endfacet
  facet normal 0.9807852789079161 0.19509032953358119 0
    outer loop
      vertex 17.008022807240486 -5.372263333499431 4.100000000000001
      vertex 17.008022807240486 -5.372263333499431 3.1000000000000014
      vertex 16.972296155691147 -5.1926533344388 3.1000000000000014
    endloop
  endfacet
  facet normal 0 0 -1
    outer loop
      vertex 16.609949491620064 -4.565050503909587 3.1000000000000014
      vertex 16.629110990166666 -5.39441714912653 3.1000000000000014
      vertex 16.57865544229746 -5.245779884159565 3.1000000000000014
    endloop
  endfacet
  facet normal 0 0 -1
    outer loop
      vertex 16.730694673657418 -4.7027339997887605 3.1000000000000014
      vertex 16.65973383009434 -5.548368570506573 3.1000000000000014
      vertex 16.629110990166666 -5.39441714912653 3.1000000000000014
    endloop
  endfacet
  facet normal 0 0 -1
    outer loop
      vertex 16.730694673657418 -4.7027339997887605 3.1000000000000014
      vertex 16.67 -5.705000002980232 3.1000000000000014
      vertex 16.65973383009434 -5.548368570506573 3.1000000000000014
    endloop
  endfacet
  facet normal 0.9978589225502045 0.06540313973308162 0
    outer loop
      vertex 17.020000002980233 -5.554999998509883 4.100000000000001
      vertex 17.020000002980233 -5.554999998509883 3.1000000000000014
      vertex 17.008022807240486 -5.372263333499431 3.1000000000000014
    endloop
  endfacet
  facet normal 0.0654031510240261 0.9978589218101567 0
    outer loop
      vertex 15.469999997019768 -4.505 0
      vertex 15.469999997019768 -4.505 3.1000000000000014
      vertex 15.626631429493427 -4.515266169905662 3.1000000000000014
    endloop
  endfacet
  facet normal 0.19509031122733816 0.9807852825492541 0
    outer loop
      vertex 15.626631429493427 -4.515266169905662 0
      vertex 15.626631429493427 -4.515266169905662 3.1000000000000014
      vertex 15.78058285087347 -4.545889009833336 3.1000000000000014
    endloop
  endfacet
  facet normal 0.3214394381708797 0.9469301387052739 0
    outer loop
      vertex 15.78058285087347 -4.545889009833336 0
      vertex 15.78058285087347 -4.545889009833336 3.1000000000000014
      vertex 15.929220115840435 -4.596344557702541 3.1000000000000014
    endloop
  endfacet
  facet normal 0.4422886995523063 0.8968727369300116 0
    outer loop
      vertex 15.929220115840435 -4.596344557702541 0
      vertex 15.929220115840435 -4.596344557702541 3.1000000000000014
      vertex 16.069999998509886 -4.665769514739513 3.1000000000000014
    endloop
  endfacet
  facet normal 0.5555702357167899 0.8314696105003421 0
    outer loop
      vertex 16.069999998509886 -4.665769514739513 0
      vertex 16.069999998509886 -4.665769514739513 3.1000000000000014
      vertex 16.200513711273672 -4.752975990176201 3.1000000000000014
    endloop
  endfacet
  facet normal 0.6593458167485154 0.7518398060333287 0
    outer loop
      vertex 16.200513711273672 -4.752975990176201 0
      vertex 16.200513711273672 -4.752975990176201 3.1000000000000014
      vertex 16.318528136312963 -4.856471863687038 3.1000000000000014
    endloop
  endfacet
  facet normal 0.7518398060333287 0.6593458167485154 0
    outer loop
      vertex 16.318528136312963 -4.856471863687038 0
      vertex 16.318528136312963 -4.856471863687038 3.1000000000000014
      vertex 16.4220240098238 -4.97448628872633 3.1000000000000014
    endloop
  endfacet
  facet normal 0.8314696105003421 0.5555702357167899 0
    outer loop
      vertex 16.4220240098238 -4.97448628872633 0
      vertex 16.4220240098238 -4.97448628872633 3.1000000000000014
      vertex 16.50923048526049 -5.105000001490116 3.1000000000000014
    endloop
  endfacet
  facet normal 0.8968727369300092 0.4422886995523108 0
    outer loop
      vertex 16.50923048526049 -5.105000001490116 0
      vertex 16.50923048526049 -5.105000001490116 3.1000000000000014
      vertex 16.57865544229746 -5.245779884159565 3.1000000000000014
    endloop
  endfacet
  facet normal 0.9469301387052739 0.3214394381708797 0
    outer loop
      vertex 16.57865544229746 -5.245779884159565 0
      vertex 16.57865544229746 -5.245779884159565 3.1000000000000014
      vertex 16.629110990166666 -5.39441714912653 3.1000000000000014
    endloop
  endfacet
  facet normal 0.9807852825492541 0.19509031122733816 0
    outer loop
      vertex 16.629110990166666 -5.39441714912653 0
      vertex 16.629110990166666 -5.39441714912653 3.1000000000000014
      vertex 16.65973383009434 -5.548368570506573 3.1000000000000014
    endloop
  endfacet
  facet normal 0.9978589218101567 0.0654031510240261 0
    outer loop
      vertex 16.65973383009434 -5.548368570506573 0
      vertex 16.65973383009434 -5.548368570506573 3.1000000000000014
      vertex 16.67 -5.705000002980232 3.1000000000000014
    endloop
  endfacet
  facet normal 0 0 1
    outer loop
      vertex 15.619999997019768 -4.154999999999999 4.100000000000001
      vertex 15.619999997019768 -10.855000002980232 4.100000000000001
      vertex 15.802736669480801 -4.1669771957397455 4.100000000000001
    endloop
  endfacet
  facet normal 0 0 1
    outer loop
      vertex 15.802736669480801 -4.1669771957397455 4.100000000000001
      vertex 15.802736669480801 -10.843022807240486 4.100000000000001
      vertex 15.982346661090851 -4.202703839838504 4.100000000000001
    endloop
  endfacet
  facet normal 0 0 1
    outer loop
      vertex 15.982346661090851 -4.202703839838504 4.100000000000001
      vertex 15.982346661090851 -10.807296155691146 4.100000000000001
      vertex 16.155756808519364 -4.261568656861781 4.100000000000001
    endloop
  endfacet
  facet normal 0 0 1
    outer loop
      vertex 16.155756808519364 -4.261568656861781 4.100000000000001
      vertex 16.155756808519364 -10.74843134611845 4.100000000000001
      vertex 16.32 -4.342564432621002 4.100000000000001
    endloop
  endfacet
  facet normal 0 0 1
    outer loop
      vertex 16.32 -4.342564432621002 4.100000000000001
      vertex 16.32 -10.667435562908649 4.100000000000001
      vertex 16.47226600319147 -4.444305321872234 4.100000000000001
    endloop
  endfacet
  facet normal 0 0 1
    outer loop
      vertex 16.47226600319147 -4.444305321872234 4.100000000000001
      vertex 16.47226600319147 -10.565694673657417 4.100000000000001
      vertex 16.609949491620064 -4.565050503909587 4.100000000000001
    endloop
  endfacet
  facet normal 0 0 1
    outer loop
      vertex 16.609949491620064 -4.565050503909587 4.100000000000001
      vertex 16.609949491620064 -10.444949491620063 4.100000000000001
      vertex 16.730694673657418 -4.7027339997887605 4.100000000000001
    endloop
  endfacet
  facet normal 0 0 1
    outer loop
      vertex 16.730694673657418 -4.7027339997887605 4.100000000000001
      vertex 16.730694673657418 -10.30726600319147 4.100000000000001
      vertex 16.83243556290865 -4.855000002980232 4.100000000000001
    endloop
  endfacet
  facet normal 0 0 -1
    outer loop
      vertex 16.730694673657418 -4.7027339997887605 3.1000000000000014
      vertex 16.67 -9.304999997019767 3.1000000000000014
      vertex 16.67 -5.705000002980232 3.1000000000000014
    endloop
  endfacet
  facet normal 0 0 -1
    outer loop
      vertex 16.730694673657418 -4.7027339997887605 3.1000000000000014
      vertex 16.83243556290865 -4.855000002980232 3.1000000000000014
      vertex 16.730694673657418 -10.30726600319147 3.1000000000000014
    endloop
  endfacet
  facet normal 0 0 1
    outer loop
      vertex 16.83243556290865 -4.855000002980232 4.100000000000001
      vertex 16.83243556290865 -10.155 4.100000000000001
      vertex 16.91343134611845 -5.019243194460868 4.100000000000001
    endloop
  endfacet
  facet normal 0 0 1
    outer loop
      vertex 16.91343134611845 -5.019243194460868 4.100000000000001
      vertex 16.91343134611845 -9.990756808519363 4.100000000000001
      vertex 16.972296155691147 -5.1926533344388 4.100000000000001
    endloop
  endfacet
  facet normal 0 0 1
    outer loop
      vertex 16.972296155691147 -5.1926533344388 4.100000000000001
      vertex 16.972296155691147 -9.81734666109085 4.100000000000001
      vertex 17.008022807240486 -5.372263333499431 4.100000000000001
    endloop
  endfacet
  facet normal 0 0 1
    outer loop
      vertex 17.008022807240486 -5.372263333499431 4.100000000000001
      vertex 17.008022807240486 -9.6377366694808 4.100000000000001
      vertex 17.020000002980233 -5.554999998509883 4.100000000000001
    endloop
  endfacet
  facet normal 1 0 0
    outer loop
      vertex 17.020000002980233 -5.554999998509883 4.100000000000001
      vertex 17.020000002980233 -9.454999997019767 4.100000000000001
      vertex 17.020000002980233 -5.554999998509883 3.1000000000000014
    endloop
  endfacet
  facet normal 0 0 -1
    outer loop
      vertex 16.83243556290865 -4.855000002980232 3.1000000000000014
      vertex 16.91343134611845 -5.019243194460868 3.1000000000000014
      vertex 16.83243556290865 -10.155 3.1000000000000014
    endloop
  endfacet
  facet normal 0 0 -1
    outer loop
      vertex 16.91343134611845 -5.019243194460868 3.1000000000000014
      vertex 16.972296155691147 -5.1926533344388 3.1000000000000014
      vertex 16.91343134611845 -9.990756808519363 3.1000000000000014
    endloop
  endfacet
  facet normal 0 0 -1
    outer loop
      vertex 16.972296155691147 -5.1926533344388 3.1000000000000014
      vertex 17.008022807240486 -5.372263333499431 3.1000000000000014
      vertex 16.972296155691147 -9.81734666109085 3.1000000000000014
    endloop
  endfacet
  facet normal 0 0 -1
    outer loop
      vertex 17.008022807240486 -5.372263333499431 3.1000000000000014
      vertex 17.020000002980233 -5.554999998509883 3.1000000000000014
      vertex 17.008022807240486 -9.6377366694808 3.1000000000000014
    endloop
  endfacet
  facet normal 1 0 0
    outer loop
      vertex 16.67 -5.705000002980232 0
      vertex 16.67 -5.705000002980232 3.1000000000000014
      vertex 16.67 -9.304999997019767 3.1000000000000014
    endloop
  endfacet
  facet normal 0 1 0
    outer loop
      vertex 5.870000002980232 -4.505 0
      vertex 15.469999997019768 -4.505 3.1000000000000014
      vertex 15.469999997019768 -4.505 0
    endloop
  endfacet
  facet normal 0.0654031510240261 0.9978589218101567 0
    outer loop
      vertex 15.469999997019768 -4.505 0
      vertex 15.626631429493427 -4.515266169905662 3.1000000000000014
      vertex 15.626631429493427 -4.515266169905662 0
    endloop
  endfacet
  facet normal 0.19509031122733816 0.9807852825492541 0
    outer loop
      vertex 15.626631429493427 -4.515266169905662 0
      vertex 15.78058285087347 -4.545889009833336 3.1000000000000014
      vertex 15.78058285087347 -4.545889009833336 0
    endloop
  endfacet
  facet normal 0.3214394381708797 0.9469301387052739 0
    outer loop
      vertex 15.78058285087347 -4.545889009833336 0
      vertex 15.929220115840435 -4.596344557702541 3.1000000000000014
      vertex 15.929220115840435 -4.596344557702541 0
    endloop
  endfacet
  facet normal 0.4422886995523063 0.8968727369300116 0
    outer loop
      vertex 15.929220115840435 -4.596344557702541 0
      vertex 16.069999998509886 -4.665769514739513 3.1000000000000014
      vertex 16.069999998509886 -4.665769514739513 0
    endloop
  endfacet
  facet normal 0.5555702357167899 0.8314696105003421 0
    outer loop
      vertex 16.069999998509886 -4.665769514739513 0
      vertex 16.200513711273672 -4.752975990176201 3.1000000000000014
      vertex 16.200513711273672 -4.752975990176201 0
    endloop
  endfacet
  facet normal 0.6593458167485154 0.7518398060333287 0
    outer loop
      vertex 16.200513711273672 -4.752975990176201 0
      vertex 16.318528136312963 -4.856471863687038 3.1000000000000014
      vertex 16.318528136312963 -4.856471863687038 0
    endloop
  endfacet
  facet normal 0.7518398060333287 0.6593458167485154 0
    outer loop
      vertex 16.318528136312963 -4.856471863687038 0
      vertex 16.4220240098238 -4.97448628872633 3.1000000000000014
      vertex 16.4220240098238 -4.97448628872633 0
    endloop
  endfacet
  facet normal 0.8314696105003421 0.5555702357167899 0
    outer loop
      vertex 16.4220240098238 -4.97448628872633 0
      vertex 16.50923048526049 -5.105000001490116 3.1000000000000014
      vertex 16.50923048526049 -5.105000001490116 0
    endloop
  endfacet
  facet normal 0.8968727369300092 0.4422886995523108 0
    outer loop
      vertex 16.50923048526049 -5.105000001490116 0
      vertex 16.57865544229746 -5.245779884159565 3.1000000000000014
      vertex 16.57865544229746 -5.245779884159565 0
    endloop
  endfacet
  facet normal 0.9469301387052739 0.3214394381708797 0
    outer loop
      vertex 16.57865544229746 -5.245779884159565 0
      vertex 16.629110990166666 -5.39441714912653 3.1000000000000014
      vertex 16.629110990166666 -5.39441714912653 0
    endloop
  endfacet
  facet normal 0.9807852825492541 0.19509031122733816 0
    outer loop
      vertex 16.629110990166666 -5.39441714912653 0
      vertex 16.65973383009434 -5.548368570506573 3.1000000000000014
      vertex 16.65973383009434 -5.548368570506573 0
    endloop
  endfacet
  facet normal 0.9978589218101567 0.0654031510240261 0
    outer loop
      vertex 16.65973383009434 -5.548368570506573 0
      vertex 16.67 -5.705000002980232 3.1000000000000014
      vertex 16.67 -5.705000002980232 0
    endloop
  endfacet
  facet normal 0 0 -1
    outer loop
      vertex 15.469999997019768 -4.505 0
      vertex 15.626631429493427 -4.515266169905662 0
      vertex 15.469999997019768 -10.504999999999999 0
    endloop
  endfacet
  facet normal 0 0 -1
    outer loop
      vertex 15.626631429493427 -4.515266169905662 0
      vertex 15.78058285087347 -4.545889009833336 0
      vertex 15.626631429493427 -10.494733830094336 0
    endloop
  endfacet
  facet normal 0 0 -1
    outer loop
      vertex 15.78058285087347 -4.545889009833336 0
      vertex 15.929220115840435 -4.596344557702541 0
      vertex 15.78058285087347 -10.464110990166663 0
    endloop
  endfacet
  facet normal 0 0 -1
    outer loop
      vertex 15.929220115840435 -4.596344557702541 0
      vertex 16.069999998509886 -4.665769514739513 0
      vertex 15.929220115840435 -10.413655442297458 0
    endloop
  endfacet
  facet normal 0 0 -1
    outer loop
      vertex 16.069999998509886 -4.665769514739513 0
      vertex 16.200513711273672 -4.752975990176201 0
      vertex 16.069999998509886 -10.344230485260486 0
    endloop
  endfacet
  facet normal 0 0 -1
    outer loop
      vertex 16.200513711273672 -4.752975990176201 0
      vertex 16.318528136312963 -4.856471863687038 0
      vertex 16.200513711273672 -10.257024009823798 0
    endloop
  endfacet
  facet normal 0 0 -1
    outer loop
      vertex 16.318528136312963 -4.856471863687038 0
      vertex 16.4220240098238 -4.97448628872633 0
      vertex 16.318528136312963 -10.15352813631296 0
    endloop
  endfacet
  facet normal 0 0 -1
    outer loop
      vertex 16.4220240098238 -4.97448628872633 0
      vertex 16.50923048526049 -5.105000001490116 0
      vertex 16.4220240098238 -10.03551371127367 0
    endloop
  endfacet
  facet normal 0 0 -1
    outer loop
      vertex 16.50923048526049 -5.105000001490116 0
      vertex 16.57865544229746 -5.245779884159565 0
      vertex 16.50923048526049 -9.904999998509883 0
    endloop
  endfacet
  facet normal 0 0 -1
    outer loop
      vertex 16.57865544229746 -5.245779884159565 0
      vertex 16.629110990166666 -5.39441714912653 0
      vertex 16.57865544229746 -9.764220115840434 0
    endloop
  endfacet
  facet normal 0 0 -1
    outer loop
      vertex 16.629110990166666 -5.39441714912653 0
      vertex 16.65973383009434 -5.548368570506573 0
      vertex 16.629110990166666 -9.61558285087347 0
    endloop
  endfacet
  facet normal 0 0 -1
    outer loop
      vertex 16.65973383009434 -5.548368570506573 0
      vertex 16.67 -5.705000002980232 0
      vertex 16.65973383009434 -9.461631429493426 0
    endloop
  endfacet
  facet normal 0 0 1
    outer loop
      vertex 5.719999998509884 -10.855000002980232 4.100000000000001
      vertex 15.619999997019768 -10.855000002980232 4.100000000000001
      vertex 15.619999997019768 -4.154999999999999 4.100000000000001
    endloop
  endfacet
  facet normal 0 -1 0
    outer loop
      vertex 5.719999998509884 -10.855000002980232 4.100000000000001
      vertex 15.619999997019768 -10.855000002980232 3.1000000000000014
      vertex 15.619999997019768 -10.855000002980232 4.100000000000001
    endloop
  endfacet
  facet normal 0 0 -1
    outer loop
      vertex 15.619999997019768 -10.855000002980232 3.1000000000000014
      vertex 5.870000002980232 -10.504999999999999 3.1000000000000014
      vertex 15.469999997019768 -10.504999999999999 3.1000000000000014
    endloop
  endfacet
  facet normal 0 -1 0
    outer loop
      vertex 15.469999997019768 -10.504999999999999 0
      vertex 15.469999997019768 -10.504999999999999 3.1000000000000014
      vertex 5.870000002980232 -10.504999999999999 3.1000000000000014
    endloop
  endfacet
  facet normal 0 0 1
    outer loop
      vertex 17.020000002980233 -5.554999998509883 4.100000000000001
      vertex 17.008022807240486 -9.6377366694808 4.100000000000001
      vertex 17.020000002980233 -9.454999997019767 4.100000000000001
    endloop
  endfacet
  facet normal 0 0 1
    outer loop
      vertex 17.008022807240486 -5.372263333499431 4.100000000000001
      vertex 16.972296155691147 -9.81734666109085 4.100000000000001
      vertex 17.008022807240486 -9.6377366694808 4.100000000000001
    endloop
  endfacet
  facet normal 0 0 1
    outer loop
      vertex 16.972296155691147 -5.1926533344388 4.100000000000001
      vertex 16.91343134611845 -9.990756808519363 4.100000000000001
      vertex 16.972296155691147 -9.81734666109085 4.100000000000001
    endloop
  endfacet
  facet normal 1 0 0
    outer loop
      vertex 17.020000002980233 -5.554999998509883 3.1000000000000014
      vertex 17.020000002980233 -9.454999997019767 4.100000000000001
      vertex 17.020000002980233 -9.454999997019767 3.1000000000000014
    endloop
  endfacet
  facet normal 0 0 -1
    outer loop
      vertex 16.730694673657418 -4.7027339997887605 3.1000000000000014
      vertex 16.730694673657418 -10.30726600319147 3.1000000000000014
      vertex 16.67 -9.304999997019767 3.1000000000000014
    endloop
  endfacet
  facet normal 0 0 -1
    outer loop
      vertex 17.020000002980233 -5.554999998509883 3.1000000000000014
      vertex 17.020000002980233 -9.454999997019767 3.1000000000000014
      vertex 17.008022807240486 -9.6377366694808 3.1000000000000014
    endloop
  endfacet
  facet normal 0 0 -1
    outer loop
      vertex 17.008022807240486 -5.372263333499431 3.1000000000000014
      vertex 17.008022807240486 -9.6377366694808 3.1000000000000014
      vertex 16.972296155691147 -9.81734666109085 3.1000000000000014
    endloop
  endfacet
  facet normal 0 0 -1
    outer loop
      vertex 16.972296155691147 -5.1926533344388 3.1000000000000014
      vertex 16.972296155691147 -9.81734666109085 3.1000000000000014
      vertex 16.91343134611845 -9.990756808519363 3.1000000000000014
    endloop
  endfacet
  facet normal 0 0 1
    outer loop
      vertex 15.802736669480801 -4.1669771957397455 4.100000000000001
      vertex 15.619999997019768 -10.855000002980232 4.100000000000001
      vertex 15.802736669480801 -10.843022807240486 4.100000000000001
    endloop
  endfacet
  facet normal 0 0 1
    outer loop
      vertex 15.982346661090851 -4.202703839838504 4.100000000000001
      vertex 15.802736669480801 -10.843022807240486 4.100000000000001
      vertex 15.982346661090851 -10.807296155691146 4.100000000000001
    endloop
  endfacet
  facet normal 0 0 1
    outer loop
      vertex 16.155756808519364 -4.261568656861781 4.100000000000001
      vertex 15.982346661090851 -10.807296155691146 4.100000000000001
      vertex 16.155756808519364 -10.74843134611845 4.100000000000001
    endloop
  endfacet
  facet normal 0 0 1
    outer loop
      vertex 16.609949491620064 -4.565050503909587 4.100000000000001
      vertex 16.47226600319147 -10.565694673657417 4.100000000000001
      vertex 16.609949491620064 -10.444949491620063 4.100000000000001
    endloop
  endfacet
  facet normal 0 0 1
    outer loop
      vertex 16.32 -4.342564432621002 4.100000000000001
      vertex 16.155756808519364 -10.74843134611845 4.100000000000001
      vertex 16.32 -10.667435562908649 4.100000000000001
    endloop
  endfacet
  facet normal 0 0 1
    outer loop
      vertex 16.47226600319147 -4.444305321872234 4.100000000000001
      vertex 16.32 -10.667435562908649 4.100000000000001
      vertex 16.47226600319147 -10.565694673657417 4.100000000000001
    endloop
  endfacet
  facet normal 0 0 1
    outer loop
      vertex 16.83243556290865 -4.855000002980232 4.100000000000001
      vertex 16.730694673657418 -10.30726600319147 4.100000000000001
      vertex 16.83243556290865 -10.155 4.100000000000001
    endloop
  endfacet
  facet normal 0 0 1
    outer loop
      vertex 16.730694673657418 -4.7027339997887605 4.100000000000001
      vertex 16.609949491620064 -10.444949491620063 4.100000000000001
      vertex 16.730694673657418 -10.30726600319147 4.100000000000001
    endloop
  endfacet
  facet normal 0 0 1
    outer loop
      vertex 16.91343134611845 -5.019243194460868 4.100000000000001
      vertex 16.83243556290865 -10.155 4.100000000000001
      vertex 16.91343134611845 -9.990756808519363 4.100000000000001
    endloop
  endfacet
  facet normal 0 0 -1
    outer loop
      vertex 16.83243556290865 -4.855000002980232 3.1000000000000014
      vertex 16.83243556290865 -10.155 3.1000000000000014
      vertex 16.730694673657418 -10.30726600319147 3.1000000000000014
    endloop
  endfacet
  facet normal 0 0 -1
    outer loop
      vertex 16.91343134611845 -5.019243194460868 3.1000000000000014
      vertex 16.91343134611845 -9.990756808519363 3.1000000000000014
      vertex 16.83243556290865 -10.155 3.1000000000000014
    endloop
  endfacet
  facet normal 0.9978589227242372 -0.06540313707785683 0
    outer loop
      vertex 17.020000002980233 -9.454999997019767 4.100000000000001
      vertex 17.008022807240486 -9.6377366694808 4.100000000000001
      vertex 17.020000002980233 -9.454999997019767 3.1000000000000014
    endloop
  endfacet
  facet normal 0.980785277359438 -0.1950903373183056 0
    outer loop
      vertex 17.008022807240486 -9.6377366694808 4.100000000000001
      vertex 16.972296155691147 -9.81734666109085 4.100000000000001
      vertex 17.008022807240486 -9.6377366694808 3.1000000000000014
    endloop
  endfacet
  facet normal 0.9469301353158882 -0.3214394481556885 0
    outer loop
      vertex 16.972296155691147 -9.81734666109085 4.100000000000001
      vertex 16.91343134611845 -9.990756808519363 4.100000000000001
      vertex 16.972296155691147 -9.81734666109085 3.1000000000000014
    endloop
  endfacet
  facet normal 0.9978589227242372 -0.06540313707785683 0
    outer loop
      vertex 17.008022807240486 -9.6377366694808 4.100000000000001
      vertex 17.008022807240486 -9.6377366694808 3.1000000000000014
      vertex 17.020000002980233 -9.454999997019767 3.1000000000000014
    endloop
  endfacet
  facet normal 0.980785277359438 -0.1950903373183056 0
    outer loop
      vertex 16.972296155691147 -9.81734666109085 4.100000000000001
      vertex 16.972296155691147 -9.81734666109085 3.1000000000000014
      vertex 17.008022807240486 -9.6377366694808 3.1000000000000014
    endloop
  endfacet
  facet normal 0.9469301353158882 -0.3214394481556885 0
    outer loop
      vertex 16.91343134611845 -9.990756808519363 4.100000000000001
      vertex 16.91343134611845 -9.990756808519363 3.1000000000000014
      vertex 16.972296155691147 -9.81734666109085 3.1000000000000014
    endloop
  endfacet
  facet normal 0 0 -1
    outer loop
      vertex 16.730694673657418 -10.30726600319147 3.1000000000000014
      vertex 16.65973383009434 -9.461631429493426 3.1000000000000014
      vertex 16.67 -9.304999997019767 3.1000000000000014
    endloop
  endfacet
  facet normal 0 0 -1
    outer loop
      vertex 16.730694673657418 -10.30726600319147 3.1000000000000014
      vertex 16.629110990166666 -9.61558285087347 3.1000000000000014
      vertex 16.65973383009434 -9.461631429493426 3.1000000000000014
    endloop
  endfacet
  facet normal 0 0 -1
    outer loop
      vertex 16.730694673657418 -10.30726600319147 3.1000000000000014
      vertex 16.57865544229746 -9.764220115840434 3.1000000000000014
      vertex 16.629110990166666 -9.61558285087347 3.1000000000000014
    endloop
  endfacet
  facet normal 0.06540313707785683 -0.9978589227242372 0
    outer loop
      vertex 15.619999997019768 -10.855000002980232 4.100000000000001
      vertex 15.802736669480801 -10.843022807240486 3.1000000000000014
      vertex 15.802736669480801 -10.843022807240486 4.100000000000001
    endloop
  endfacet
  facet normal 0.1950903373183056 -0.980785277359438 0
    outer loop
      vertex 15.802736669480801 -10.843022807240486 4.100000000000001
      vertex 15.982346661090851 -10.807296155691146 3.1000000000000014
      vertex 15.982346661090851 -10.807296155691146 4.100000000000001
    endloop
  endfacet
  facet normal 0.3214394481556885 -0.9469301353158882 0
    outer loop
      vertex 15.982346661090851 -10.807296155691146 4.100000000000001
      vertex 16.155756808519364 -10.74843134611845 3.1000000000000014
      vertex 16.155756808519364 -10.74843134611845 4.100000000000001
    endloop
  endfacet
  facet normal 0.8314696157398377 -0.5555702278753304 0
    outer loop
      vertex 16.83243556290865 -10.155 4.100000000000001
      vertex 16.730694673657418 -10.30726600319147 4.100000000000001
      vertex 16.83243556290865 -10.155 3.1000000000000014
    endloop
  endfacet
  facet normal 0.8968727316241711 -0.4422887103114857 0
    outer loop
      vertex 16.91343134611845 -9.990756808519363 4.100000000000001
      vertex 16.83243556290865 -10.155 4.100000000000001
      vertex 16.91343134611845 -9.990756808519363 3.1000000000000014
    endloop
  endfacet
  facet normal 0.7518397984303042 -0.6593458254181029 0
    outer loop
      vertex 16.730694673657418 -10.30726600319147 4.100000000000001
      vertex 16.609949491620064 -10.444949491620063 4.100000000000001
      vertex 16.730694673657418 -10.30726600319147 3.1000000000000014
    endloop
  endfacet
  facet normal 0.5555702278753304 -0.8314696157398377 0
    outer loop
      vertex 16.47226600319147 -10.565694673657417 4.100000000000001
      vertex 16.32 -10.667435562908649 4.100000000000001
      vertex 16.47226600319147 -10.565694673657417 3.1000000000000014
    endloop
  endfacet
  facet normal 0.6593458254181029 -0.7518397984303042 0
    outer loop
      vertex 16.609949491620064 -10.444949491620063 4.100000000000001
      vertex 16.47226600319147 -10.565694673657417 4.100000000000001
      vertex 16.609949491620064 -10.444949491620063 3.1000000000000014
    endloop
  endfacet
  facet normal 0.4422887103114857 -0.8968727316241711 0
    outer loop
      vertex 16.155756808519364 -10.74843134611845 4.100000000000001
      vertex 16.32 -10.667435562908649 3.1000000000000014
      vertex 16.32 -10.667435562908649 4.100000000000001
    endloop
  endfacet
  facet normal 0 0 -1
    outer loop
      vertex 16.32 -10.667435562908649 3.1000000000000014
      vertex 16.069999998509886 -10.344230485260486 3.1000000000000014
      vertex 16.200513711273672 -10.257024009823798 3.1000000000000014
    endloop
  endfacet
  facet normal 0.06540313707785683 -0.9978589227242372 0
    outer loop
      vertex 15.619999997019768 -10.855000002980232 4.100000000000001
      vertex 15.619999997019768 -10.855000002980232 3.1000000000000014
      vertex 15.802736669480801 -10.843022807240486 3.1000000000000014
    endloop
  endfacet
  facet normal 0.1950903373183056 -0.980785277359438 0
    outer loop
      vertex 15.802736669480801 -10.843022807240486 4.100000000000001
      vertex 15.802736669480801 -10.843022807240486 3.1000000000000014
      vertex 15.982346661090851 -10.807296155691146 3.1000000000000014
    endloop
  endfacet
  facet normal 0.4422887103114857 -0.8968727316241711 0
    outer loop
      vertex 16.155756808519364 -10.74843134611845 4.100000000000001
      vertex 16.155756808519364 -10.74843134611845 3.1000000000000014
      vertex 16.32 -10.667435562908649 3.1000000000000014
    endloop
  endfacet
  facet normal 0.3214394481556885 -0.9469301353158882 0
    outer loop
      vertex 15.982346661090851 -10.807296155691146 4.100000000000001
      vertex 15.982346661090851 -10.807296155691146 3.1000000000000014
      vertex 16.155756808519364 -10.74843134611845 3.1000000000000014
    endloop
  endfacet
  facet normal 0 0 -1
    outer loop
      vertex 15.619999997019768 -10.855000002980232 3.1000000000000014
      vertex 15.469999997019768 -10.504999999999999 3.1000000000000014
      vertex 15.626631429493427 -10.494733830094336 3.1000000000000014
    endloop
  endfacet
  facet normal 0 0 -1
    outer loop
      vertex 15.802736669480801 -10.843022807240486 3.1000000000000014
      vertex 15.626631429493427 -10.494733830094336 3.1000000000000014
      vertex 15.78058285087347 -10.464110990166663 3.1000000000000014
    endloop
  endfacet
  facet normal 0 0 -1
    outer loop
      vertex 15.619999997019768 -10.855000002980232 3.1000000000000014
      vertex 15.626631429493427 -10.494733830094336 3.1000000000000014
      vertex 15.802736669480801 -10.843022807240486 3.1000000000000014
    endloop
  endfacet
  facet normal 0 0 -1
    outer loop
      vertex 15.982346661090851 -10.807296155691146 3.1000000000000014
      vertex 15.78058285087347 -10.464110990166663 3.1000000000000014
      vertex 15.929220115840435 -10.413655442297458 3.1000000000000014
    endloop
  endfacet
  facet normal 0 0 -1
    outer loop
      vertex 16.155756808519364 -10.74843134611845 3.1000000000000014
      vertex 15.929220115840435 -10.413655442297458 3.1000000000000014
      vertex 16.069999998509886 -10.344230485260486 3.1000000000000014
    endloop
  endfacet
  facet normal 0 0 -1
    outer loop
      vertex 16.155756808519364 -10.74843134611845 3.1000000000000014
      vertex 16.069999998509886 -10.344230485260486 3.1000000000000014
      vertex 16.32 -10.667435562908649 3.1000000000000014
    endloop
  endfacet
  facet normal 0 0 -1
    outer loop
      vertex 15.802736669480801 -10.843022807240486 3.1000000000000014
      vertex 15.78058285087347 -10.464110990166663 3.1000000000000014
      vertex 15.982346661090851 -10.807296155691146 3.1000000000000014
    endloop
  endfacet
  facet normal 0 0 -1
    outer loop
      vertex 15.982346661090851 -10.807296155691146 3.1000000000000014
      vertex 15.929220115840435 -10.413655442297458 3.1000000000000014
      vertex 16.155756808519364 -10.74843134611845 3.1000000000000014
    endloop
  endfacet
  facet normal 0.8968727316241711 -0.4422887103114857 0
    outer loop
      vertex 16.83243556290865 -10.155 4.100000000000001
      vertex 16.83243556290865 -10.155 3.1000000000000014
      vertex 16.91343134611845 -9.990756808519363 3.1000000000000014
    endloop
  endfacet
  facet normal 0.8314696157398377 -0.5555702278753304 0
    outer loop
      vertex 16.730694673657418 -10.30726600319147 4.100000000000001
      vertex 16.730694673657418 -10.30726600319147 3.1000000000000014
      vertex 16.83243556290865 -10.155 3.1000000000000014
    endloop
  endfacet
  facet normal 0.7518397984303042 -0.6593458254181029 0
    outer loop
      vertex 16.609949491620064 -10.444949491620063 4.100000000000001
      vertex 16.609949491620064 -10.444949491620063 3.1000000000000014
      vertex 16.730694673657418 -10.30726600319147 3.1000000000000014
    endloop
  endfacet
  facet normal 0 0 -1
    outer loop
      vertex 16.609949491620064 -10.444949491620063 3.1000000000000014
      vertex 16.50923048526049 -9.904999998509883 3.1000000000000014
      vertex 16.57865544229746 -9.764220115840434 3.1000000000000014
    endloop
  endfacet
  facet normal 0 0 -1
    outer loop
      vertex 16.609949491620064 -10.444949491620063 3.1000000000000014
      vertex 16.4220240098238 -10.03551371127367 3.1000000000000014
      vertex 16.50923048526049 -9.904999998509883 3.1000000000000014
    endloop
  endfacet
  facet normal 0 0 -1
    outer loop
      vertex 16.47226600319147 -10.565694673657417 3.1000000000000014
      vertex 16.318528136312963 -10.15352813631296 3.1000000000000014
      vertex 16.4220240098238 -10.03551371127367 3.1000000000000014
    endloop
  endfacet
  facet normal 0 0 -1
    outer loop
      vertex 16.32 -10.667435562908649 3.1000000000000014
      vertex 16.200513711273672 -10.257024009823798 3.1000000000000014
      vertex 16.318528136312963 -10.15352813631296 3.1000000000000014
    endloop
  endfacet
  facet normal 0 0 -1
    outer loop
      vertex 16.609949491620064 -10.444949491620063 3.1000000000000014
      vertex 16.47226600319147 -10.565694673657417 3.1000000000000014
      vertex 16.4220240098238 -10.03551371127367 3.1000000000000014
    endloop
  endfacet
  facet normal 0 0 -1
    outer loop
      vertex 16.730694673657418 -10.30726600319147 3.1000000000000014
      vertex 16.609949491620064 -10.444949491620063 3.1000000000000014
      vertex 16.57865544229746 -9.764220115840434 3.1000000000000014
    endloop
  endfacet
  facet normal 0.5555702278753304 -0.8314696157398377 0
    outer loop
      vertex 16.32 -10.667435562908649 4.100000000000001
      vertex 16.32 -10.667435562908649 3.1000000000000014
      vertex 16.47226600319147 -10.565694673657417 3.1000000000000014
    endloop
  endfacet
  facet normal 0.6593458254181029 -0.7518397984303042 0
    outer loop
      vertex 16.47226600319147 -10.565694673657417 4.100000000000001
      vertex 16.47226600319147 -10.565694673657417 3.1000000000000014
      vertex 16.609949491620064 -10.444949491620063 3.1000000000000014
    endloop
  endfacet
  facet normal 0 0 -1
    outer loop
      vertex 16.47226600319147 -10.565694673657417 3.1000000000000014
      vertex 16.32 -10.667435562908649 3.1000000000000014
      vertex 16.318528136312963 -10.15352813631296 3.1000000000000014
    endloop
  endfacet
  facet normal 0.9978589218101567 -0.0654031510240261 0
    outer loop
      vertex 16.67 -9.304999997019767 0
      vertex 16.67 -9.304999997019767 3.1000000000000014
      vertex 16.65973383009434 -9.461631429493426 3.1000000000000014
    endloop
  endfacet
  facet normal 0.9807852825492541 -0.19509031122733816 0
    outer loop
      vertex 16.65973383009434 -9.461631429493426 0
      vertex 16.65973383009434 -9.461631429493426 3.1000000000000014
      vertex 16.629110990166666 -9.61558285087347 3.1000000000000014
    endloop
  endfacet
  facet normal 0.9469301387052739 -0.3214394381708797 0
    outer loop
      vertex 16.629110990166666 -9.61558285087347 0
      vertex 16.629110990166666 -9.61558285087347 3.1000000000000014
      vertex 16.57865544229746 -9.764220115840434 3.1000000000000014
    endloop
  endfacet
  facet normal 0.8968727369300092 -0.4422886995523108 0
    outer loop
      vertex 16.57865544229746 -9.764220115840434 0
      vertex 16.57865544229746 -9.764220115840434 3.1000000000000014
      vertex 16.50923048526049 -9.904999998509883 3.1000000000000014
    endloop
  endfacet
  facet normal 0.8314696105003421 -0.5555702357167899 0
    outer loop
      vertex 16.50923048526049 -9.904999998509883 0
      vertex 16.50923048526049 -9.904999998509883 3.1000000000000014
      vertex 16.4220240098238 -10.03551371127367 3.1000000000000014
    endloop
  endfacet
  facet normal 0.3214394381708797 -0.9469301387052739 0
    outer loop
      vertex 15.929220115840435 -10.413655442297458 0
      vertex 15.929220115840435 -10.413655442297458 3.1000000000000014
      vertex 15.78058285087347 -10.464110990166663 3.1000000000000014
    endloop
  endfacet
  facet normal 0.4422886995523063 -0.8968727369300116 0
    outer loop
      vertex 16.069999998509886 -10.344230485260486 0
      vertex 16.069999998509886 -10.344230485260486 3.1000000000000014
      vertex 15.929220115840435 -10.413655442297458 3.1000000000000014
    endloop
  endfacet
  facet normal 0.5555702357167899 -0.8314696105003421 0
    outer loop
      vertex 16.200513711273672 -10.257024009823798 0
      vertex 16.200513711273672 -10.257024009823798 3.1000000000000014
      vertex 16.069999998509886 -10.344230485260486 3.1000000000000014
    endloop
  endfacet
  facet normal 0.0654031510240261 -0.9978589218101567 0
    outer loop
      vertex 15.626631429493427 -10.494733830094336 0
      vertex 15.626631429493427 -10.494733830094336 3.1000000000000014
      vertex 15.469999997019768 -10.504999999999999 3.1000000000000014
    endloop
  endfacet
  facet normal 0.19509031122733816 -0.9807852825492541 0
    outer loop
      vertex 15.78058285087347 -10.464110990166663 0
      vertex 15.78058285087347 -10.464110990166663 3.1000000000000014
      vertex 15.626631429493427 -10.494733830094336 3.1000000000000014
    endloop
  endfacet
  facet normal 0.7518398060333287 -0.6593458167485154 0
    outer loop
      vertex 16.4220240098238 -10.03551371127367 0
      vertex 16.4220240098238 -10.03551371127367 3.1000000000000014
      vertex 16.318528136312963 -10.15352813631296 3.1000000000000014
    endloop
  endfacet
  facet normal 0.6593458167485154 -0.7518398060333287 0
    outer loop
      vertex 16.318528136312963 -10.15352813631296 0
      vertex 16.318528136312963 -10.15352813631296 3.1000000000000014
      vertex 16.200513711273672 -10.257024009823798 3.1000000000000014
    endloop
  endfacet
  facet normal 0 0 -1
    outer loop
      vertex 5.870000002980232 -10.504999999999999 0
      vertex 15.469999997019768 -4.505 0
      vertex 15.469999997019768 -10.504999999999999 0
    endloop
  endfacet
  facet normal 1 0 0
    outer loop
      vertex 16.67 -5.705000002980232 0
      vertex 16.67 -9.304999997019767 3.1000000000000014
      vertex 16.67 -9.304999997019767 0
    endloop
  endfacet
  facet normal 0 0 -1
    outer loop
      vertex 16.629110990166666 -5.39441714912653 0
      vertex 16.629110990166666 -9.61558285087347 0
      vertex 16.57865544229746 -9.764220115840434 0
    endloop
  endfacet
  facet normal 0 0 -1
    outer loop
      vertex 16.57865544229746 -5.245779884159565 0
      vertex 16.57865544229746 -9.764220115840434 0
      vertex 16.50923048526049 -9.904999998509883 0
    endloop
  endfacet
  facet normal 0 0 -1
    outer loop
      vertex 16.67 -5.705000002980232 0
      vertex 16.67 -9.304999997019767 0
      vertex 16.65973383009434 -9.461631429493426 0
    endloop
  endfacet
  facet normal 0 0 -1
    outer loop
      vertex 16.65973383009434 -5.548368570506573 0
      vertex 16.65973383009434 -9.461631429493426 0
      vertex 16.629110990166666 -9.61558285087347 0
    endloop
  endfacet
  facet normal 0 0 -1
    outer loop
      vertex 15.626631429493427 -4.515266169905662 0
      vertex 15.626631429493427 -10.494733830094336 0
      vertex 15.469999997019768 -10.504999999999999 0
    endloop
  endfacet
  facet normal 0 0 -1
    outer loop
      vertex 15.78058285087347 -4.545889009833336 0
      vertex 15.78058285087347 -10.464110990166663 0
      vertex 15.626631429493427 -10.494733830094336 0
    endloop
  endfacet
  facet normal 0 0 -1
    outer loop
      vertex 15.929220115840435 -4.596344557702541 0
      vertex 15.929220115840435 -10.413655442297458 0
      vertex 15.78058285087347 -10.464110990166663 0
    endloop
  endfacet
  facet normal 0 0 -1
    outer loop
      vertex 16.069999998509886 -4.665769514739513 0
      vertex 16.069999998509886 -10.344230485260486 0
      vertex 15.929220115840435 -10.413655442297458 0
    endloop
  endfacet
  facet normal 0 0 -1
    outer loop
      vertex 16.200513711273672 -4.752975990176201 0
      vertex 16.200513711273672 -10.257024009823798 0
      vertex 16.069999998509886 -10.344230485260486 0
    endloop
  endfacet
  facet normal 0 0 -1
    outer loop
      vertex 16.318528136312963 -4.856471863687038 0
      vertex 16.318528136312963 -10.15352813631296 0
      vertex 16.200513711273672 -10.257024009823798 0
    endloop
  endfacet
  facet normal 0 0 -1
    outer loop
      vertex 16.4220240098238 -4.97448628872633 0
      vertex 16.4220240098238 -10.03551371127367 0
      vertex 16.318528136312963 -10.15352813631296 0
    endloop
  endfacet
  facet normal 0 0 -1
    outer loop
      vertex 16.50923048526049 -5.105000001490116 0
      vertex 16.50923048526049 -9.904999998509883 0
      vertex 16.4220240098238 -10.03551371127367 0
    endloop
  endfacet
  facet normal 0.9978589218101567 -0.0654031510240261 0
    outer loop
      vertex 16.67 -9.304999997019767 0
      vertex 16.65973383009434 -9.461631429493426 3.1000000000000014
      vertex 16.65973383009434 -9.461631429493426 0
    endloop
  endfacet
  facet normal 0.9807852825492541 -0.19509031122733816 0
    outer loop
      vertex 16.65973383009434 -9.461631429493426 0
      vertex 16.629110990166666 -9.61558285087347 3.1000000000000014
      vertex 16.629110990166666 -9.61558285087347 0
    endloop
  endfacet
  facet normal 0.9469301387052739 -0.3214394381708797 0
    outer loop
      vertex 16.629110990166666 -9.61558285087347 0
      vertex 16.57865544229746 -9.764220115840434 3.1000000000000014
      vertex 16.57865544229746 -9.764220115840434 0
    endloop
  endfacet
  facet normal 0.8968727369300092 -0.4422886995523108 0
    outer loop
      vertex 16.57865544229746 -9.764220115840434 0
      vertex 16.50923048526049 -9.904999998509883 3.1000000000000014
      vertex 16.50923048526049 -9.904999998509883 0
    endloop
  endfacet
  facet normal 0.8314696105003421 -0.5555702357167899 0
    outer loop
      vertex 16.50923048526049 -9.904999998509883 0
      vertex 16.4220240098238 -10.03551371127367 3.1000000000000014
      vertex 16.4220240098238 -10.03551371127367 0
    endloop
  endfacet
  facet normal 0.4422886995523063 -0.8968727369300116 0
    outer loop
      vertex 16.069999998509886 -10.344230485260486 0
      vertex 15.929220115840435 -10.413655442297458 3.1000000000000014
      vertex 15.929220115840435 -10.413655442297458 0
    endloop
  endfacet
  facet normal 0.5555702357167899 -0.8314696105003421 0
    outer loop
      vertex 16.200513711273672 -10.257024009823798 0
      vertex 16.069999998509886 -10.344230485260486 3.1000000000000014
      vertex 16.069999998509886 -10.344230485260486 0
    endloop
  endfacet
  facet normal 0.0654031510240261 -0.9978589218101567 0
    outer loop
      vertex 15.469999997019768 -10.504999999999999 0
      vertex 15.626631429493427 -10.494733830094336 0
      vertex 15.469999997019768 -10.504999999999999 3.1000000000000014
    endloop
  endfacet
  facet normal 0.19509031122733816 -0.9807852825492541 0
    outer loop
      vertex 15.626631429493427 -10.494733830094336 0
      vertex 15.78058285087347 -10.464110990166663 0
      vertex 15.626631429493427 -10.494733830094336 3.1000000000000014
    endloop
  endfacet
  facet normal 0.3214394381708797 -0.9469301387052739 0
    outer loop
      vertex 15.78058285087347 -10.464110990166663 0
      vertex 15.929220115840435 -10.413655442297458 0
      vertex 15.78058285087347 -10.464110990166663 3.1000000000000014
    endloop
  endfacet
  facet normal 0.7518398060333287 -0.6593458167485154 0
    outer loop
      vertex 16.4220240098238 -10.03551371127367 0
      vertex 16.318528136312963 -10.15352813631296 3.1000000000000014
      vertex 16.318528136312963 -10.15352813631296 0
    endloop
  endfacet
  facet normal 0.6593458167485154 -0.7518398060333287 0
    outer loop
      vertex 16.200513711273672 -10.257024009823798 0
      vertex 16.318528136312963 -10.15352813631296 0
      vertex 16.200513711273672 -10.257024009823798 3.1000000000000014
    endloop
  endfacet
endsolid OpenSCAD_Model
