solid OpenSCAD_Model
  facet normal 1 -0 0
    outer loop
      vertex 37.44 -2.7 21.1
      vertex 37.44 -0.299999 15.1
      vertex 37.44 -0.299999 21.1
    endloop
  endfacet
  facet normal 1 0 0
    outer loop
      vertex 37.44 -0.299999 15.1
      vertex 37.44 -2.7 21.1
      vertex 37.44 -2.7 15.1
    endloop
  endfacet
  facet normal -1 0 0
    outer loop
      vertex 45.44 -2.7 15.1
      vertex 45.44 -0.299999 21.1
      vertex 45.44 -0.299999 15.1
    endloop
  endfacet
  facet normal -1 -0 0
    outer loop
      vertex 45.44 -0.299999 21.1
      vertex 45.44 -2.7 15.1
      vertex 45.44 -2.7 21.1
    endloop
  endfacet
  facet normal -0 0 1
    outer loop
      vertex 37.44 -0.299999 15.1
      vertex 45.44 -2.7 15.1
      vertex 45.44 -0.299999 15.1
    endloop
  endfacet
  facet normal 0 0 1
    outer loop
      vertex 45.44 -2.7 15.1
      vertex 37.44 -0.299999 15.1
      vertex 37.44 -2.7 15.1
    endloop
  endfacet
  facet normal 1 -0 0
    outer loop
      vertex 50.86 -2.7 21.1
      vertex 50.86 -0.299999 15.1
      vertex 50.86 -0.299999 21.1
    endloop
  endfacet
  facet normal 1 0 0
    outer loop
      vertex 50.86 -0.299999 15.1
      vertex 50.86 -2.7 21.1
      vertex 50.86 -2.7 15.1
    endloop
  endfacet
  facet normal -1 0 0
    outer loop
      vertex 58.86 -2.7 15.1
      vertex 58.86 -0.299999 21.1
      vertex 58.86 -0.299999 15.1
    endloop
  endfacet
  facet normal -1 -0 0
    outer loop
      vertex 58.86 -0.299999 21.1
      vertex 58.86 -2.7 15.1
      vertex 58.86 -2.7 21.1
    endloop
  endfacet
  facet normal -0 0 1
    outer loop
      vertex 50.86 -0.299999 15.1
      vertex 58.86 -2.7 15.1
      vertex 58.86 -0.299999 15.1
    endloop
  endfacet
  facet normal 0 0 1
    outer loop
      vertex 58.86 -2.7 15.1
      vertex 50.86 -0.299999 15.1
      vertex 50.86 -2.7 15.1
    endloop
  endfacet
  facet normal 1 -0 0
    outer loop
      vertex 37.09 25.3 21.1
      vertex 37.09 27.7 15.1
      vertex 37.09 27.7 21.1
    endloop
  endfacet
  facet normal 1 0 0
    outer loop
      vertex 37.09 27.7 15.1
      vertex 37.09 25.3 21.1
      vertex 37.09 25.3 15.1
    endloop
  endfacet
  facet normal -1 0 0
    outer loop
      vertex 45.09 25.3 15.1
      vertex 45.09 27.7 21.1
      vertex 45.09 27.7 15.1
    endloop
  endfacet
  facet normal -1 -0 0
    outer loop
      vertex 45.09 27.7 21.1
      vertex 45.09 25.3 15.1
      vertex 45.09 25.3 21.1
    endloop
  endfacet
  facet normal -0 0 1
    outer loop
      vertex 37.09 27.7 15.1
      vertex 45.09 25.3 15.1
      vertex 45.09 27.7 15.1
    endloop
  endfacet
  facet normal 0 0 1
    outer loop
      vertex 45.09 25.3 15.1
      vertex 37.09 27.7 15.1
      vertex 37.09 25.3 15.1
    endloop
  endfacet
  facet normal 1 -0 0
    outer loop
      vertex 50.67 25.3 21.1
      vertex 50.67 27.7 15.1
      vertex 50.67 27.7 21.1
    endloop
  endfacet
  facet normal 1 0 0
    outer loop
      vertex 50.67 27.7 15.1
      vertex 50.67 25.3 21.1
      vertex 50.67 25.3 15.1
    endloop
  endfacet
  facet normal -1 0 0
    outer loop
      vertex 58.67 25.3 15.1
      vertex 58.67 27.7 21.1
      vertex 58.67 27.7 15.1
    endloop
  endfacet
  facet normal -1 -0 0
    outer loop
      vertex 58.67 27.7 21.1
      vertex 58.67 25.3 15.1
      vertex 58.67 25.3 21.1
    endloop
  endfacet
  facet normal -0 0 1
    outer loop
      vertex 50.67 27.7 15.1
      vertex 58.67 25.3 15.1
      vertex 58.67 27.7 15.1
    endloop
  endfacet
  facet normal 0 0 1
    outer loop
      vertex 58.67 25.3 15.1
      vertex 50.67 27.7 15.1
      vertex 50.67 25.3 15.1
    endloop
  endfacet
  facet normal 1 -0 0
    outer loop
      vertex 22.5 -1.2 19.5
      vertex 22.5 -0.299999 17.3
      vertex 22.5 -0.299999 19.5
    endloop
  endfacet
  facet normal 1 0 0
    outer loop
      vertex 22.5 -0.299999 17.3
      vertex 22.5 -1.2 19.5
      vertex 22.5 -1.2 17.3
    endloop
  endfacet
  facet normal 0 0 -1
    outer loop
      vertex 22.5 -1.2 19.5
      vertex 32.5 -0.299999 19.5
      vertex 32.5 -1.2 19.5
    endloop
  endfacet
  facet normal -0 0 -1
    outer loop
      vertex 32.5 -0.299999 19.5
      vertex 22.5 -1.2 19.5
      vertex 22.5 -0.299999 19.5
    endloop
  endfacet
  facet normal -1 0 0
    outer loop
      vertex 32.5 -1.2 17.3
      vertex 32.5 -0.299999 19.5
      vertex 32.5 -0.299999 17.3
    endloop
  endfacet
  facet normal -1 -0 0
    outer loop
      vertex 32.5 -0.299999 19.5
      vertex 32.5 -1.2 17.3
      vertex 32.5 -1.2 19.5
    endloop
  endfacet
  facet normal -0 0 1
    outer loop
      vertex 22.5 -0.299999 17.3
      vertex 32.5 -1.2 17.3
      vertex 32.5 -0.299999 17.3
    endloop
  endfacet
  facet normal 0 0 1
    outer loop
      vertex 32.5 -1.2 17.3
      vertex 22.5 -0.299999 17.3
      vertex 22.5 -1.2 17.3
    endloop
  endfacet
  facet normal 0 1 -0
    outer loop
      vertex 32.5 -1.2 17.3
      vertex 22.5 -1.2 19.5
      vertex 32.5 -1.2 19.5
    endloop
  endfacet
  facet normal 0 1 0
    outer loop
      vertex 22.5 -1.2 19.5
      vertex 32.5 -1.2 17.3
      vertex 22.5 -1.2 17.3
    endloop
  endfacet
  facet normal 1 -0 0
    outer loop
      vertex 22.5 25.3 19.5
      vertex 22.5 26.2 17.3
      vertex 22.5 26.2 19.5
    endloop
  endfacet
  facet normal 1 0 0
    outer loop
      vertex 22.5 26.2 17.3
      vertex 22.5 25.3 19.5
      vertex 22.5 25.3 17.3
    endloop
  endfacet
  facet normal 0 0 -1
    outer loop
      vertex 22.5 25.3 19.5
      vertex 32.5 26.2 19.5
      vertex 32.5 25.3 19.5
    endloop
  endfacet
  facet normal -0 0 -1
    outer loop
      vertex 32.5 26.2 19.5
      vertex 22.5 25.3 19.5
      vertex 22.5 26.2 19.5
    endloop
  endfacet
  facet normal -1 0 0
    outer loop
      vertex 32.5 25.3 17.3
      vertex 32.5 26.2 19.5
      vertex 32.5 26.2 17.3
    endloop
  endfacet
  facet normal -1 -0 0
    outer loop
      vertex 32.5 26.2 19.5
      vertex 32.5 25.3 17.3
      vertex 32.5 25.3 19.5
    endloop
  endfacet
  facet normal 0 -1 0
    outer loop
      vertex 22.5 26.2 17.3
      vertex 32.5 26.2 19.5
      vertex 22.5 26.2 19.5
    endloop
  endfacet
  facet normal 0 -1 -0
    outer loop
      vertex 32.5 26.2 19.5
      vertex 22.5 26.2 17.3
      vertex 32.5 26.2 17.3
    endloop
  endfacet
  facet normal -0 0 1
    outer loop
      vertex 22.5 26.2 17.3
      vertex 32.5 25.3 17.3
      vertex 32.5 26.2 17.3
    endloop
  endfacet
  facet normal 0 0 1
    outer loop
      vertex 32.5 25.3 17.3
      vertex 22.5 26.2 17.3
      vertex 22.5 25.3 17.3
    endloop
  endfacet
  facet normal 1 -0 0
    outer loop
      vertex 62 -1.2 19.5
      vertex 62 -0.299999 17.3
      vertex 62 -0.299999 19.5
    endloop
  endfacet
  facet normal 1 0 0
    outer loop
      vertex 62 -0.299999 17.3
      vertex 62 -1.2 19.5
      vertex 62 -1.2 17.3
    endloop
  endfacet
  facet normal 0 0 -1
    outer loop
      vertex 72 -1.2 19.5
      vertex 71.92 0.0349302 19.5
      vertex 72 0.0883898 19.5
    endloop
  endfacet
  facet normal 0 0 -1
    outer loop
      vertex 72 -1.2 19.5
      vertex 71.6267 -0.109707 19.5
      vertex 71.92 0.0349302 19.5
    endloop
  endfacet
  facet normal 0 0 -1
    outer loop
      vertex 72 -1.2 19.5
      vertex 71.317 -0.214825 19.5
      vertex 71.6267 -0.109707 19.5
    endloop
  endfacet
  facet normal 0 0 -1
    outer loop
      vertex 72 -1.2 19.5
      vertex 70.9963 -0.278622 19.5
      vertex 71.317 -0.214825 19.5
    endloop
  endfacet
  facet normal 0 0 -1
    outer loop
      vertex 72 -1.2 19.5
      vertex 70.67 -0.299999 19.5
      vertex 70.9963 -0.278622 19.5
    endloop
  endfacet
  facet normal 0 0 -1
    outer loop
      vertex 62 -1.2 19.5
      vertex 70.67 -0.299999 19.5
      vertex 72 -1.2 19.5
    endloop
  endfacet
  facet normal -0 0 -1
    outer loop
      vertex 70.67 -0.299999 19.5
      vertex 62 -1.2 19.5
      vertex 62 -0.299999 19.5
    endloop
  endfacet
  facet normal -1 0 0
    outer loop
      vertex 72 -1.2 17.3
      vertex 72 0.0883898 19.5
      vertex 72 0.0883898 17.3
    endloop
  endfacet
  facet normal -1 -0 0
    outer loop
      vertex 72 0.0883898 19.5
      vertex 72 -1.2 17.3
      vertex 72 -1.2 19.5
    endloop
  endfacet
  facet normal -0 0 1
    outer loop
      vertex 71.92 0.0349302 17.3
      vertex 72 -1.2 17.3
      vertex 72 0.0883898 17.3
    endloop
  endfacet
  facet normal -0 0 1
    outer loop
      vertex 71.6267 -0.109707 17.3
      vertex 72 -1.2 17.3
      vertex 71.92 0.0349302 17.3
    endloop
  endfacet
  facet normal -0 0 1
    outer loop
      vertex 71.317 -0.214825 17.3
      vertex 72 -1.2 17.3
      vertex 71.6267 -0.109707 17.3
    endloop
  endfacet
  facet normal -0 0 1
    outer loop
      vertex 70.9963 -0.278622 17.3
      vertex 72 -1.2 17.3
      vertex 71.317 -0.214825 17.3
    endloop
  endfacet
  facet normal -0 0 1
    outer loop
      vertex 70.67 -0.299999 17.3
      vertex 72 -1.2 17.3
      vertex 70.9963 -0.278622 17.3
    endloop
  endfacet
  facet normal 0 0 1
    outer loop
      vertex 62 -1.2 17.3
      vertex 70.67 -0.299999 17.3
      vertex 62 -0.299999 17.3
    endloop
  endfacet
  facet normal 0 0 1
    outer loop
      vertex 70.67 -0.299999 17.3
      vertex 62 -1.2 17.3
      vertex 72 -1.2 17.3
    endloop
  endfacet
  facet normal 0 1 -0
    outer loop
      vertex 72 -1.2 17.3
      vertex 62 -1.2 19.5
      vertex 72 -1.2 19.5
    endloop
  endfacet
  facet normal 0 1 0
    outer loop
      vertex 62 -1.2 19.5
      vertex 72 -1.2 17.3
      vertex 62 -1.2 17.3
    endloop
  endfacet
  facet normal 1 -0 0
    outer loop
      vertex 62 25.3 19.5
      vertex 62 26.2 17.3
      vertex 62 26.2 19.5
    endloop
  endfacet
  facet normal 1 0 0
    outer loop
      vertex 62 26.2 17.3
      vertex 62 25.3 19.5
      vertex 62 25.3 17.3
    endloop
  endfacet
  facet normal 0 0 -1
    outer loop
      vertex 71.92 24.9651 19.5
      vertex 72 26.2 19.5
      vertex 72 24.9116 19.5
    endloop
  endfacet
  facet normal 0 0 -1
    outer loop
      vertex 71.6267 25.1097 19.5
      vertex 72 26.2 19.5
      vertex 71.92 24.9651 19.5
    endloop
  endfacet
  facet normal 0 0 -1
    outer loop
      vertex 71.317 25.2148 19.5
      vertex 72 26.2 19.5
      vertex 71.6267 25.1097 19.5
    endloop
  endfacet
  facet normal 0 0 -1
    outer loop
      vertex 70.9963 25.2786 19.5
      vertex 72 26.2 19.5
      vertex 71.317 25.2148 19.5
    endloop
  endfacet
  facet normal 0 0 -1
    outer loop
      vertex 70.67 25.3 19.5
      vertex 72 26.2 19.5
      vertex 70.9963 25.2786 19.5
    endloop
  endfacet
  facet normal 0 0 -1
    outer loop
      vertex 62 26.2 19.5
      vertex 70.67 25.3 19.5
      vertex 62 25.3 19.5
    endloop
  endfacet
  facet normal 0 0 -1
    outer loop
      vertex 70.67 25.3 19.5
      vertex 62 26.2 19.5
      vertex 72 26.2 19.5
    endloop
  endfacet
  facet normal -1 0 0
    outer loop
      vertex 72 24.9116 17.3
      vertex 72 26.2 19.5
      vertex 72 26.2 17.3
    endloop
  endfacet
  facet normal -1 -0 0
    outer loop
      vertex 72 26.2 19.5
      vertex 72 24.9116 17.3
      vertex 72 24.9116 19.5
    endloop
  endfacet
  facet normal 0 0 1
    outer loop
      vertex 72 26.2 17.3
      vertex 71.92 24.9651 17.3
      vertex 72 24.9116 17.3
    endloop
  endfacet
  facet normal 0 0 1
    outer loop
      vertex 72 26.2 17.3
      vertex 71.6267 25.1097 17.3
      vertex 71.92 24.9651 17.3
    endloop
  endfacet
  facet normal 0 0 1
    outer loop
      vertex 72 26.2 17.3
      vertex 71.317 25.2148 17.3
      vertex 71.6267 25.1097 17.3
    endloop
  endfacet
  facet normal 0 0 1
    outer loop
      vertex 72 26.2 17.3
      vertex 70.9963 25.2786 17.3
      vertex 71.317 25.2148 17.3
    endloop
  endfacet
  facet normal 0 0 1
    outer loop
      vertex 72 26.2 17.3
      vertex 70.67 25.3 17.3
      vertex 70.9963 25.2786 17.3
    endloop
  endfacet
  facet normal -0 0 1
    outer loop
      vertex 62 26.2 17.3
      vertex 70.67 25.3 17.3
      vertex 72 26.2 17.3
    endloop
  endfacet
  facet normal 0 0 1
    outer loop
      vertex 70.67 25.3 17.3
      vertex 62 26.2 17.3
      vertex 62 25.3 17.3
    endloop
  endfacet
  facet normal 0 -1 0
    outer loop
      vertex 62 26.2 17.3
      vertex 72 26.2 19.5
      vertex 62 26.2 19.5
    endloop
  endfacet
  facet normal 0 -1 -0
    outer loop
      vertex 72 26.2 19.5
      vertex 62 26.2 17.3
      vertex 72 26.2 17.3
    endloop
  endfacet
  facet normal 0 0 -1
    outer loop
      vertex -2.7 6 16.1
      vertex -0.299999 8 16.1
      vertex -0.299999 6 16.1
    endloop
  endfacet
  facet normal -0 0 -1
    outer loop
      vertex -0.299999 8 16.1
      vertex -2.7 6 16.1
      vertex -2.7 8 16.1
    endloop
  endfacet
  facet normal -0 0 1
    outer loop
      vertex -2.7 8 9.1
      vertex -0.299999 6 9.1
      vertex -0.299999 8 9.1
    endloop
  endfacet
  facet normal 0 0 1
    outer loop
      vertex -0.299999 6 9.1
      vertex -2.7 8 9.1
      vertex -2.7 6 9.1
    endloop
  endfacet
  facet normal 0 1 -0
    outer loop
      vertex -0.299999 6 9.1
      vertex -2.7 6 16.1
      vertex -0.299999 6 16.1
    endloop
  endfacet
  facet normal 0 1 0
    outer loop
      vertex -2.7 6 16.1
      vertex -0.299999 6 9.1
      vertex -2.7 6 9.1
    endloop
  endfacet
  facet normal 0 -1 0
    outer loop
      vertex -2.7 8 9.1
      vertex -0.299999 8 16.1
      vertex -2.7 8 16.1
    endloop
  endfacet
  facet normal 0 -1 -0
    outer loop
      vertex -0.299999 8 16.1
      vertex -2.7 8 9.1
      vertex -0.299999 8 9.1
    endloop
  endfacet
  facet normal 0 0 -1
    outer loop
      vertex -2.7 10 16.1
      vertex -0.299999 12 16.1
      vertex -0.299999 10 16.1
    endloop
  endfacet
  facet normal -0 0 -1
    outer loop
      vertex -0.299999 12 16.1
      vertex -2.7 10 16.1
      vertex -2.7 12 16.1
    endloop
  endfacet
  facet normal -0 0 1
    outer loop
      vertex -2.7 12 9.1
      vertex -0.299999 10 9.1
      vertex -0.299999 12 9.1
    endloop
  endfacet
  facet normal 0 0 1
    outer loop
      vertex -0.299999 10 9.1
      vertex -2.7 12 9.1
      vertex -2.7 10 9.1
    endloop
  endfacet
  facet normal 0 1 -0
    outer loop
      vertex -0.299999 10 9.1
      vertex -2.7 10 16.1
      vertex -0.299999 10 16.1
    endloop
  endfacet
  facet normal 0 1 0
    outer loop
      vertex -2.7 10 16.1
      vertex -0.299999 10 9.1
      vertex -2.7 10 9.1
    endloop
  endfacet
  facet normal 0 -1 0
    outer loop
      vertex -2.7 12 9.1
      vertex -0.299999 12 16.1
      vertex -2.7 12 16.1
    endloop
  endfacet
  facet normal 0 -1 -0
    outer loop
      vertex -0.299999 12 16.1
      vertex -2.7 12 9.1
      vertex -0.299999 12 9.1
    endloop
  endfacet
  facet normal 0 0 -1
    outer loop
      vertex -2.7 14 16.1
      vertex -0.299999 16 16.1
      vertex -0.299999 14 16.1
    endloop
  endfacet
  facet normal -0 0 -1
    outer loop
      vertex -0.299999 16 16.1
      vertex -2.7 14 16.1
      vertex -2.7 16 16.1
    endloop
  endfacet
  facet normal 0 -1 0
    outer loop
      vertex -2.7 16 9.1
      vertex -0.299999 16 16.1
      vertex -2.7 16 16.1
    endloop
  endfacet
  facet normal 0 -1 -0
    outer loop
      vertex -0.299999 16 16.1
      vertex -2.7 16 9.1
      vertex -0.299999 16 9.1
    endloop
  endfacet
  facet normal -0 0 1
    outer loop
      vertex -2.7 16 9.1
      vertex -0.299999 14 9.1
      vertex -0.299999 16 9.1
    endloop
  endfacet
  facet normal 0 0 1
    outer loop
      vertex -0.299999 14 9.1
      vertex -2.7 16 9.1
      vertex -2.7 14 9.1
    endloop
  endfacet
  facet normal 0 1 -0
    outer loop
      vertex -0.299999 14 9.1
      vertex -2.7 14 16.1
      vertex -0.299999 14 16.1
    endloop
  endfacet
  facet normal 0 1 0
    outer loop
      vertex -2.7 14 16.1
      vertex -0.299999 14 9.1
      vertex -2.7 14 9.1
    endloop
  endfacet
  facet normal 0 0 -1
    outer loop
      vertex -2.7 18 16.1
      vertex -0.299999 20 16.1
      vertex -0.299999 18 16.1
    endloop
  endfacet
  facet normal -0 0 -1
    outer loop
      vertex -0.299999 20 16.1
      vertex -2.7 18 16.1
      vertex -2.7 20 16.1
    endloop
  endfacet
  facet normal -0 0 1
    outer loop
      vertex -2.7 20 9.1
      vertex -0.299999 18 9.1
      vertex -0.299999 20 9.1
    endloop
  endfacet
  facet normal 0 0 1
    outer loop
      vertex -0.299999 18 9.1
      vertex -2.7 20 9.1
      vertex -2.7 18 9.1
    endloop
  endfacet
  facet normal 0 1 -0
    outer loop
      vertex -0.299999 18 9.1
      vertex -2.7 18 16.1
      vertex -0.299999 18 16.1
    endloop
  endfacet
  facet normal 0 1 0
    outer loop
      vertex -2.7 18 16.1
      vertex -0.299999 18 9.1
      vertex -2.7 18 9.1
    endloop
  endfacet
  facet normal 0 -1 0
    outer loop
      vertex -2.7 20 9.1
      vertex -0.299999 20 16.1
      vertex -2.7 20 16.1
    endloop
  endfacet
  facet normal 0 -1 -0
    outer loop
      vertex -0.299999 20 16.1
      vertex -2.7 20 9.1
      vertex -0.299999 20 9.1
    endloop
  endfacet
  facet normal 0 0 -1
    outer loop
      vertex 70.67 -2.7 0
      vertex 75.57 2.19999 0
      vertex 75.5281 1.56041 0
    endloop
  endfacet
  facet normal -0 0 -1
    outer loop
      vertex 75.57 2.19999 0
      vertex 70.67 -2.7 0
      vertex 75.57 22.8 0
    endloop
  endfacet
  facet normal 0 0 -1
    outer loop
      vertex 70.67 -2.7 0
      vertex 75.5281 1.56041 0
      vertex 75.403 0.931774 0
    endloop
  endfacet
  facet normal 0 0 -1
    outer loop
      vertex 70.67 27.7 0
      vertex 75.57 22.8 0
      vertex 70.67 -2.7 0
    endloop
  endfacet
  facet normal 0 0 -1
    outer loop
      vertex 70.67 -2.7 0
      vertex 75.403 0.931774 0
      vertex 75.197 0.324841 0
    endloop
  endfacet
  facet normal 0 0 -1
    outer loop
      vertex 75.57 22.8 0
      vertex 70.67 27.7 0
      vertex 75.5281 23.4396 0
    endloop
  endfacet
  facet normal 0 0 -1
    outer loop
      vertex 70.67 -2.7 0
      vertex 75.197 0.324841 0
      vertex 74.9135 -0.250003 0
    endloop
  endfacet
  facet normal 0 0 -1
    outer loop
      vertex 75.5281 23.4396 0
      vertex 70.67 27.7 0
      vertex 75.403 24.0682 0
    endloop
  endfacet
  facet normal 0 0 -1
    outer loop
      vertex 70.67 -2.7 0
      vertex 74.9135 -0.250003 0
      vertex 74.5574 -0.782931 0
    endloop
  endfacet
  facet normal 0 0 -1
    outer loop
      vertex 75.403 24.0682 0
      vertex 70.67 27.7 0
      vertex 75.197 24.6751 0
    endloop
  endfacet
  facet normal 0 0 -1
    outer loop
      vertex 70.67 -2.7 0
      vertex 74.5574 -0.782931 0
      vertex 74.1348 -1.26483 0
    endloop
  endfacet
  facet normal 0 0 -1
    outer loop
      vertex 75.197 24.6751 0
      vertex 70.67 27.7 0
      vertex 74.9135 25.25 0
    endloop
  endfacet
  facet normal 0 0 -1
    outer loop
      vertex 70.67 -2.7 0
      vertex 74.1348 -1.26483 0
      vertex 73.6529 -1.68744 0
    endloop
  endfacet
  facet normal 0 0 -1
    outer loop
      vertex 74.9135 25.25 0
      vertex 70.67 27.7 0
      vertex 74.5574 25.7829 0
    endloop
  endfacet
  facet normal 0 0 -1
    outer loop
      vertex 70.67 -2.7 0
      vertex 73.6529 -1.68744 0
      vertex 73.12 -2.04354 0
    endloop
  endfacet
  facet normal 0 0 -1
    outer loop
      vertex 74.5574 25.7829 0
      vertex 70.67 27.7 0
      vertex 74.1348 26.2648 0
    endloop
  endfacet
  facet normal 0 0 -1
    outer loop
      vertex 70.67 -2.7 0
      vertex 73.12 -2.04354 0
      vertex 72.5452 -2.32701 0
    endloop
  endfacet
  facet normal 0 0 -1
    outer loop
      vertex 74.1348 26.2648 0
      vertex 70.67 27.7 0
      vertex 73.6529 26.6874 0
    endloop
  endfacet
  facet normal 0 0 -1
    outer loop
      vertex 70.67 -2.7 0
      vertex 72.5452 -2.32701 0
      vertex 71.9382 -2.53304 0
    endloop
  endfacet
  facet normal 0 0 -1
    outer loop
      vertex 73.6529 26.6874 0
      vertex 70.67 27.7 0
      vertex 73.12 27.0435 0
    endloop
  endfacet
  facet normal 0 0 -1
    outer loop
      vertex 70.67 -2.7 0
      vertex 71.9382 -2.53304 0
      vertex 71.3096 -2.65808 0
    endloop
  endfacet
  facet normal 0 0 -1
    outer loop
      vertex 73.12 27.0435 0
      vertex 70.67 27.7 0
      vertex 72.5452 27.327 0
    endloop
  endfacet
  facet normal 0 0 -1
    outer loop
      vertex 72.5452 27.327 0
      vertex 70.67 27.7 0
      vertex 71.9382 27.533 0
    endloop
  endfacet
  facet normal 0 0 -1
    outer loop
      vertex 71.9382 27.533 0
      vertex 70.67 27.7 0
      vertex 71.3096 27.6581 0
    endloop
  endfacet
  facet normal 0 0 -1
    outer loop
      vertex 2.19999 -2.7 0
      vertex 70.67 27.7 0
      vertex 70.67 -2.7 0
    endloop
  endfacet
  facet normal 0 0 -1
    outer loop
      vertex 2.19999 -2.7 0
      vertex 2.19999 27.7 0
      vertex 70.67 27.7 0
    endloop
  endfacet
  facet normal 0 0 -1
    outer loop
      vertex -2.7 2.19999 0
      vertex 2.19999 -2.7 0
      vertex 1.56041 -2.65808 0
    endloop
  endfacet
  facet normal 0 0 -1
    outer loop
      vertex 2.19999 -2.7 0
      vertex -2.7 2.19999 0
      vertex 2.19999 27.7 0
    endloop
  endfacet
  facet normal 0 0 -1
    outer loop
      vertex -2.7 2.19999 0
      vertex 1.56041 -2.65808 0
      vertex 0.931774 -2.53304 0
    endloop
  endfacet
  facet normal 0 0 -1
    outer loop
      vertex -2.7 22.8 0
      vertex 2.19999 27.7 0
      vertex -2.7 2.19999 0
    endloop
  endfacet
  facet normal 0 0 -1
    outer loop
      vertex -2.7 2.19999 0
      vertex 0.931774 -2.53304 0
      vertex 0.324841 -2.32701 0
    endloop
  endfacet
  facet normal 0 0 -1
    outer loop
      vertex 2.19999 27.7 0
      vertex -2.7 22.8 0
      vertex 1.56041 27.6581 0
    endloop
  endfacet
  facet normal 0 0 -1
    outer loop
      vertex -2.7 2.19999 0
      vertex 0.324841 -2.32701 0
      vertex -0.250003 -2.04354 0
    endloop
  endfacet
  facet normal 0 0 -1
    outer loop
      vertex 1.56041 27.6581 0
      vertex -2.7 22.8 0
      vertex 0.931774 27.533 0
    endloop
  endfacet
  facet normal 0 0 -1
    outer loop
      vertex -2.7 2.19999 0
      vertex -0.250003 -2.04354 0
      vertex -0.782931 -1.68744 0
    endloop
  endfacet
  facet normal 0 0 -1
    outer loop
      vertex 0.931774 27.533 0
      vertex -2.7 22.8 0
      vertex 0.324841 27.327 0
    endloop
  endfacet
  facet normal 0 0 -1
    outer loop
      vertex -2.7 2.19999 0
      vertex -0.782931 -1.68744 0
      vertex -1.26483 -1.26483 0
    endloop
  endfacet
  facet normal 0 0 -1
    outer loop
      vertex 0.324841 27.327 0
      vertex -2.7 22.8 0
      vertex -0.250003 27.0435 0
    endloop
  endfacet
  facet normal 0 0 -1
    outer loop
      vertex -2.7 2.19999 0
      vertex -1.26483 -1.26483 0
      vertex -1.68744 -0.782931 0
    endloop
  endfacet
  facet normal 0 0 -1
    outer loop
      vertex -0.250003 27.0435 0
      vertex -2.7 22.8 0
      vertex -0.782931 26.6874 0
    endloop
  endfacet
  facet normal 0 0 -1
    outer loop
      vertex -2.7 2.19999 0
      vertex -1.68744 -0.782931 0
      vertex -2.04354 -0.250003 0
    endloop
  endfacet
  facet normal 0 0 -1
    outer loop
      vertex -0.782931 26.6874 0
      vertex -2.7 22.8 0
      vertex -1.26483 26.2648 0
    endloop
  endfacet
  facet normal 0 0 -1
    outer loop
      vertex -2.7 2.19999 0
      vertex -2.04354 -0.250003 0
      vertex -2.32701 0.324841 0
    endloop
  endfacet
  facet normal 0 0 -1
    outer loop
      vertex -1.26483 26.2648 0
      vertex -2.7 22.8 0
      vertex -1.68744 25.7829 0
    endloop
  endfacet
  facet normal 0 0 -1
    outer loop
      vertex -2.7 2.19999 0
      vertex -2.32701 0.324841 0
      vertex -2.53304 0.931774 0
    endloop
  endfacet
  facet normal 0 0 -1
    outer loop
      vertex -1.68744 25.7829 0
      vertex -2.7 22.8 0
      vertex -2.04354 25.25 0
    endloop
  endfacet
  facet normal 0 0 -1
    outer loop
      vertex -2.7 2.19999 0
      vertex -2.53304 0.931774 0
      vertex -2.65808 1.56041 0
    endloop
  endfacet
  facet normal 0 0 -1
    outer loop
      vertex -2.04354 25.25 0
      vertex -2.7 22.8 0
      vertex -2.32701 24.6751 0
    endloop
  endfacet
  facet normal 0 0 -1
    outer loop
      vertex -2.32701 24.6751 0
      vertex -2.7 22.8 0
      vertex -2.53304 24.0682 0
    endloop
  endfacet
  facet normal 0 0 -1
    outer loop
      vertex -2.53304 24.0682 0
      vertex -2.7 22.8 0
      vertex -2.65808 23.4396 0
    endloop
  endfacet
  facet normal -0.980786 -0.195085 0
    outer loop
      vertex -2.53304 0.931774 0
      vertex -2.65808 1.56041 21.1
      vertex -2.65808 1.56041 0
    endloop
  endfacet
  facet normal -0.980786 -0.195085 0
    outer loop
      vertex -2.65808 1.56041 21.1
      vertex -2.53304 0.931774 0
      vertex -2.53304 0.931774 21.1
    endloop
  endfacet
  facet normal -1 0 0
    outer loop
      vertex -2.7 22.8 0
      vertex -2.7 20 9.1
      vertex -2.7 22.8 21.1
    endloop
  endfacet
  facet normal -1 0 0
    outer loop
      vertex -2.7 22.8 0
      vertex -2.7 18 9.1
      vertex -2.7 20 9.1
    endloop
  endfacet
  facet normal -1 0 0
    outer loop
      vertex -2.7 18 9.1
      vertex -2.7 16 9.1
      vertex -2.7 18 16.1
    endloop
  endfacet
  facet normal -1 0 0
    outer loop
      vertex -2.7 22.8 0
      vertex -2.7 16 9.1
      vertex -2.7 18 9.1
    endloop
  endfacet
  facet normal -1 0 0
    outer loop
      vertex -2.7 22.8 0
      vertex -2.7 14 9.1
      vertex -2.7 16 9.1
    endloop
  endfacet
  facet normal -1 0 0
    outer loop
      vertex -2.7 14 9.1
      vertex -2.7 12 9.1
      vertex -2.7 14 16.1
    endloop
  endfacet
  facet normal -1 0 0
    outer loop
      vertex -2.7 22.8 0
      vertex -2.7 12 9.1
      vertex -2.7 14 9.1
    endloop
  endfacet
  facet normal -1 0 0
    outer loop
      vertex -2.7 2.19999 0
      vertex -2.7 12 9.1
      vertex -2.7 22.8 0
    endloop
  endfacet
  facet normal -1 0 0
    outer loop
      vertex -2.7 10 9.1
      vertex -2.7 8 9.1
      vertex -2.7 10 16.1
    endloop
  endfacet
  facet normal -1 -0 0
    outer loop
      vertex -2.7 12 9.1
      vertex -2.7 2.19999 0
      vertex -2.7 10 9.1
    endloop
  endfacet
  facet normal -1 -0 0
    outer loop
      vertex -2.7 10 9.1
      vertex -2.7 2.19999 0
      vertex -2.7 8 9.1
    endloop
  endfacet
  facet normal -1 0 0
    outer loop
      vertex -2.7 2.19999 21.1
      vertex -2.7 6 9.1
      vertex -2.7 2.19999 0
    endloop
  endfacet
  facet normal -1 -0 0
    outer loop
      vertex -2.7 8 9.1
      vertex -2.7 2.19999 0
      vertex -2.7 6 9.1
    endloop
  endfacet
  facet normal -1 0 0
    outer loop
      vertex -2.7 20 16.1
      vertex -2.7 22.8 21.1
      vertex -2.7 20 9.1
    endloop
  endfacet
  facet normal -1 0 0
    outer loop
      vertex -2.7 18 16.1
      vertex -2.7 22.8 21.1
      vertex -2.7 20 16.1
    endloop
  endfacet
  facet normal -1 0 0
    outer loop
      vertex -2.7 16 16.1
      vertex -2.7 18 16.1
      vertex -2.7 16 9.1
    endloop
  endfacet
  facet normal -1 0 0
    outer loop
      vertex -2.7 16 16.1
      vertex -2.7 22.8 21.1
      vertex -2.7 18 16.1
    endloop
  endfacet
  facet normal -1 0 0
    outer loop
      vertex -2.7 14 16.1
      vertex -2.7 22.8 21.1
      vertex -2.7 16 16.1
    endloop
  endfacet
  facet normal -1 0 0
    outer loop
      vertex -2.7 12 16.1
      vertex -2.7 14 16.1
      vertex -2.7 12 9.1
    endloop
  endfacet
  facet normal -1 0 0
    outer loop
      vertex -2.7 12 16.1
      vertex -2.7 22.8 21.1
      vertex -2.7 14 16.1
    endloop
  endfacet
  facet normal -1 0 0
    outer loop
      vertex -2.7 2.19999 21.1
      vertex -2.7 12 16.1
      vertex -2.7 10 16.1
    endloop
  endfacet
  facet normal -1 0 0
    outer loop
      vertex -2.7 8 16.1
      vertex -2.7 10 16.1
      vertex -2.7 8 9.1
    endloop
  endfacet
  facet normal -1 0 0
    outer loop
      vertex -2.7 2.19999 21.1
      vertex -2.7 10 16.1
      vertex -2.7 8 16.1
    endloop
  endfacet
  facet normal -1 0 0
    outer loop
      vertex -2.7 2.19999 21.1
      vertex -2.7 8 16.1
      vertex -2.7 6 16.1
    endloop
  endfacet
  facet normal -1 0 0
    outer loop
      vertex -2.7 12 16.1
      vertex -2.7 2.19999 21.1
      vertex -2.7 22.8 21.1
    endloop
  endfacet
  facet normal -1 0 0
    outer loop
      vertex -2.7 6 9.1
      vertex -2.7 2.19999 21.1
      vertex -2.7 6 16.1
    endloop
  endfacet
  facet normal 0.997861 0.0653696 0
    outer loop
      vertex 75.57 22.8 21.1
      vertex 75.5281 23.4396 0
      vertex 75.5281 23.4396 21.1
    endloop
  endfacet
  facet normal 0.997861 0.0653696 0
    outer loop
      vertex 75.5281 23.4396 0
      vertex 75.57 22.8 21.1
      vertex 75.57 22.8 0
    endloop
  endfacet
  facet normal -0.997859 -0.0654027 0
    outer loop
      vertex -2.65808 1.56041 0
      vertex -2.7 2.19999 21.1
      vertex -2.7 2.19999 0
    endloop
  endfacet
  facet normal -0.997859 -0.0654027 0
    outer loop
      vertex -2.7 2.19999 21.1
      vertex -2.65808 1.56041 0
      vertex -2.65808 1.56041 21.1
    endloop
  endfacet
  facet normal -0.195175 0.980768 0
    outer loop
      vertex 1.56041 27.6581 0
      vertex 0.931774 27.533 21.1
      vertex 1.56041 27.6581 21.1
    endloop
  endfacet
  facet normal -0.195175 0.980768 0
    outer loop
      vertex 0.931774 27.533 21.1
      vertex 1.56041 27.6581 0
      vertex 0.931774 27.533 0
    endloop
  endfacet
  facet normal -0.980784 0.195096 0
    outer loop
      vertex -2.65808 23.4396 0
      vertex -2.53304 24.0682 21.1
      vertex -2.53304 24.0682 0
    endloop
  endfacet
  facet normal -0.980784 0.195096 0
    outer loop
      vertex -2.53304 24.0682 21.1
      vertex -2.65808 23.4396 0
      vertex -2.65808 23.4396 21.1
    endloop
  endfacet
  facet normal 0.0653696 0.997861 -0
    outer loop
      vertex 71.3096 27.6581 0
      vertex 70.67 27.7 21.1
      vertex 71.3096 27.6581 21.1
    endloop
  endfacet
  facet normal 0.0653696 0.997861 0
    outer loop
      vertex 70.67 27.7 21.1
      vertex 71.3096 27.6581 0
      vertex 70.67 27.7 0
    endloop
  endfacet
  facet normal 0 1 0
    outer loop
      vertex 70.67 27.7 21.1
      vertex 58.67 27.7 15.1
      vertex 58.67 27.7 21.1
    endloop
  endfacet
  facet normal 0 1 0
    outer loop
      vertex 70.67 27.7 0
      vertex 50.67 27.7 15.1
      vertex 58.67 27.7 15.1
    endloop
  endfacet
  facet normal 0 1 0
    outer loop
      vertex 50.67 27.7 15.1
      vertex 70.67 27.7 0
      vertex 45.09 27.7 15.1
    endloop
  endfacet
  facet normal 0 1 0
    outer loop
      vertex 45.09 27.7 15.1
      vertex 70.67 27.7 0
      vertex 37.09 27.7 15.1
    endloop
  endfacet
  facet normal 0 1 -0
    outer loop
      vertex 70.67 27.7 0
      vertex 58.67 27.7 15.1
      vertex 70.67 27.7 21.1
    endloop
  endfacet
  facet normal 0 1 -0
    outer loop
      vertex 50.67 27.7 15.1
      vertex 45.09 27.7 21.1
      vertex 50.67 27.7 21.1
    endloop
  endfacet
  facet normal 0 1 0
    outer loop
      vertex 45.09 27.7 21.1
      vertex 50.67 27.7 15.1
      vertex 45.09 27.7 15.1
    endloop
  endfacet
  facet normal 0 1 -0
    outer loop
      vertex 37.09 27.7 15.1
      vertex 2.19999 27.7 21.1
      vertex 37.09 27.7 21.1
    endloop
  endfacet
  facet normal 0 1 0
    outer loop
      vertex 2.19999 27.7 0
      vertex 37.09 27.7 15.1
      vertex 70.67 27.7 0
    endloop
  endfacet
  facet normal 0 1 0
    outer loop
      vertex 37.09 27.7 15.1
      vertex 2.19999 27.7 0
      vertex 2.19999 27.7 21.1
    endloop
  endfacet
  facet normal -0.997859 0.0654006 0
    outer loop
      vertex -2.7 22.8 0
      vertex -2.65808 23.4396 21.1
      vertex -2.65808 23.4396 0
    endloop
  endfacet
  facet normal -0.997859 0.0654006 0
    outer loop
      vertex -2.65808 23.4396 21.1
      vertex -2.7 22.8 0
      vertex -2.7 22.8 21.1
    endloop
  endfacet
  facet normal 0 0 1
    outer loop
      vertex 37.09 27.7 21.1
      vertex 2.2 25.3 21.1
      vertex 37.09 25.3 21.1
    endloop
  endfacet
  facet normal -0 0 1
    outer loop
      vertex 2.19999 27.7 21.1
      vertex 2.2 25.3 21.1
      vertex 37.09 27.7 21.1
    endloop
  endfacet
  facet normal 0 0 1
    outer loop
      vertex 2.19999 27.7 21.1
      vertex 1.87368 25.2786 21.1
      vertex 2.2 25.3 21.1
    endloop
  endfacet
  facet normal -0 0 1
    outer loop
      vertex 1.56041 27.6581 21.1
      vertex 1.87368 25.2786 21.1
      vertex 2.19999 27.7 21.1
    endloop
  endfacet
  facet normal 0 0 1
    outer loop
      vertex 1.56041 27.6581 21.1
      vertex 1.55295 25.2148 21.1
      vertex 1.87368 25.2786 21.1
    endloop
  endfacet
  facet normal -0 0 1
    outer loop
      vertex 0.931774 27.533 21.1
      vertex 1.55295 25.2148 21.1
      vertex 1.56041 27.6581 21.1
    endloop
  endfacet
  facet normal 0 0 1
    outer loop
      vertex 1.55295 25.2148 21.1
      vertex 0.931774 27.533 21.1
      vertex 1.24329 25.1097 21.1
    endloop
  endfacet
  facet normal -0 0 1
    outer loop
      vertex 0.324841 27.327 21.1
      vertex 1.24329 25.1097 21.1
      vertex 0.931774 27.533 21.1
    endloop
  endfacet
  facet normal 0 0 1
    outer loop
      vertex 1.24329 25.1097 21.1
      vertex 0.324841 27.327 21.1
      vertex 0.95 24.9651 21.1
    endloop
  endfacet
  facet normal -0 0 1
    outer loop
      vertex -0.250003 27.0435 21.1
      vertex 0.95 24.9651 21.1
      vertex 0.324841 27.327 21.1
    endloop
  endfacet
  facet normal 0 0 1
    outer loop
      vertex 0.95 24.9651 21.1
      vertex -0.250003 27.0435 21.1
      vertex 0.678088 24.7834 21.1
    endloop
  endfacet
  facet normal -0 0 1
    outer loop
      vertex -0.782931 26.6874 21.1
      vertex 0.678088 24.7834 21.1
      vertex -0.250003 27.0435 21.1
    endloop
  endfacet
  facet normal 0 0 1
    outer loop
      vertex 0.678088 24.7834 21.1
      vertex -0.782931 26.6874 21.1
      vertex 0.432223 24.5678 21.1
    endloop
  endfacet
  facet normal -0 0 1
    outer loop
      vertex -1.26483 26.2648 21.1
      vertex 0.432223 24.5678 21.1
      vertex -0.782931 26.6874 21.1
    endloop
  endfacet
  facet normal 0 0 1
    outer loop
      vertex 0.432223 24.5678 21.1
      vertex -1.26483 26.2648 21.1
      vertex 0.216601 24.3219 21.1
    endloop
  endfacet
  facet normal -0 0 1
    outer loop
      vertex -1.68744 25.7829 21.1
      vertex 0.216601 24.3219 21.1
      vertex -1.26483 26.2648 21.1
    endloop
  endfacet
  facet normal 0 0 1
    outer loop
      vertex 0.216601 24.3219 21.1
      vertex -1.68744 25.7829 21.1
      vertex 0.0349302 24.05 21.1
    endloop
  endfacet
  facet normal -0 0 1
    outer loop
      vertex -2.04354 25.25 21.1
      vertex 0.0349302 24.05 21.1
      vertex -1.68744 25.7829 21.1
    endloop
  endfacet
  facet normal -0 0 1
    outer loop
      vertex -2.32701 24.6751 21.1
      vertex -0.109707 23.7567 21.1
      vertex -2.04354 25.25 21.1
    endloop
  endfacet
  facet normal 0 0 1
    outer loop
      vertex 0.0349302 24.05 21.1
      vertex -2.04354 25.25 21.1
      vertex -0.109707 23.7567 21.1
    endloop
  endfacet
  facet normal -0 0 1
    outer loop
      vertex 2.2 -0.299999 21.1
      vertex 4.17 -2.7 21.1
      vertex 4.17 -0.299999 21.1
    endloop
  endfacet
  facet normal 0 0 1
    outer loop
      vertex 2.2 -0.299999 21.1
      vertex 2.19999 -2.7 21.1
      vertex 4.17 -2.7 21.1
    endloop
  endfacet
  facet normal 0 0 1
    outer loop
      vertex 1.87368 -0.278622 21.1
      vertex 2.19999 -2.7 21.1
      vertex 2.2 -0.299999 21.1
    endloop
  endfacet
  facet normal 0 0 1
    outer loop
      vertex 1.87368 -0.278622 21.1
      vertex 1.56041 -2.65808 21.1
      vertex 2.19999 -2.7 21.1
    endloop
  endfacet
  facet normal 0 0 1
    outer loop
      vertex 1.55295 -0.214825 21.1
      vertex 1.56041 -2.65808 21.1
      vertex 1.87368 -0.278622 21.1
    endloop
  endfacet
  facet normal 0 0 1
    outer loop
      vertex 0.931774 -2.53304 21.1
      vertex 1.55295 -0.214825 21.1
      vertex 1.24329 -0.109707 21.1
    endloop
  endfacet
  facet normal 0 0 1
    outer loop
      vertex 0.324841 -2.32701 21.1
      vertex 1.24329 -0.109707 21.1
      vertex 0.95 0.0349302 21.1
    endloop
  endfacet
  facet normal 0 0 1
    outer loop
      vertex 1.55295 -0.214825 21.1
      vertex 0.931774 -2.53304 21.1
      vertex 1.56041 -2.65808 21.1
    endloop
  endfacet
  facet normal 0 0 1
    outer loop
      vertex -0.250003 -2.04354 21.1
      vertex 0.95 0.0349302 21.1
      vertex 0.678088 0.216601 21.1
    endloop
  endfacet
  facet normal 0 0 1
    outer loop
      vertex -0.782931 -1.68744 21.1
      vertex 0.678088 0.216601 21.1
      vertex 0.432223 0.432223 21.1
    endloop
  endfacet
  facet normal 0 0 1
    outer loop
      vertex 1.24329 -0.109707 21.1
      vertex 0.324841 -2.32701 21.1
      vertex 0.931774 -2.53304 21.1
    endloop
  endfacet
  facet normal 0 0 1
    outer loop
      vertex -1.26483 -1.26483 21.1
      vertex 0.432223 0.432223 21.1
      vertex 0.216601 0.678088 21.1
    endloop
  endfacet
  facet normal 0 0 1
    outer loop
      vertex -1.68744 -0.782931 21.1
      vertex 0.216601 0.678088 21.1
      vertex 0.0349302 0.95 21.1
    endloop
  endfacet
  facet normal 0 0 1
    outer loop
      vertex -2.04354 -0.250003 21.1
      vertex 0.0349302 0.95 21.1
      vertex -0.109707 1.24329 21.1
    endloop
  endfacet
  facet normal 0 0 1
    outer loop
      vertex -2.32701 0.324841 21.1
      vertex -0.109707 1.24329 21.1
      vertex -0.214825 1.55295 21.1
    endloop
  endfacet
  facet normal 0 0 1
    outer loop
      vertex 0.95 0.0349302 21.1
      vertex -0.250003 -2.04354 21.1
      vertex 0.324841 -2.32701 21.1
    endloop
  endfacet
  facet normal 0 0 1
    outer loop
      vertex -2.53304 0.931774 21.1
      vertex -0.214825 1.55295 21.1
      vertex -0.278622 1.87368 21.1
    endloop
  endfacet
  facet normal 0 0 1
    outer loop
      vertex -2.65808 1.56041 21.1
      vertex -0.278622 1.87368 21.1
      vertex -0.299999 2.2 21.1
    endloop
  endfacet
  facet normal 0 0 1
    outer loop
      vertex -0.299999 22.8 21.1
      vertex -2.7 22.8 21.1
      vertex -0.299999 2.2 21.1
    endloop
  endfacet
  facet normal 0 0 1
    outer loop
      vertex -2.7 2.19999 21.1
      vertex -0.299999 2.2 21.1
      vertex -2.7 22.8 21.1
    endloop
  endfacet
  facet normal 0 0 1
    outer loop
      vertex -0.109707 23.7567 21.1
      vertex -2.32701 24.6751 21.1
      vertex -0.214825 23.447 21.1
    endloop
  endfacet
  facet normal 0 -0 1
    outer loop
      vertex -2.65808 1.56041 21.1
      vertex -0.299999 2.2 21.1
      vertex -2.7 2.19999 21.1
    endloop
  endfacet
  facet normal -0 0 1
    outer loop
      vertex -2.53304 24.0682 21.1
      vertex -0.214825 23.447 21.1
      vertex -2.32701 24.6751 21.1
    endloop
  endfacet
  facet normal 0 0 1
    outer loop
      vertex 0.678088 0.216601 21.1
      vertex -0.782931 -1.68744 21.1
      vertex -0.250003 -2.04354 21.1
    endloop
  endfacet
  facet normal 0 0 1
    outer loop
      vertex -0.214825 23.447 21.1
      vertex -2.53304 24.0682 21.1
      vertex -0.278622 23.1263 21.1
    endloop
  endfacet
  facet normal 0 0 1
    outer loop
      vertex 0.432223 0.432223 21.1
      vertex -1.26483 -1.26483 21.1
      vertex -0.782931 -1.68744 21.1
    endloop
  endfacet
  facet normal -0 0 1
    outer loop
      vertex -2.65808 23.4396 21.1
      vertex -0.278622 23.1263 21.1
      vertex -2.53304 24.0682 21.1
    endloop
  endfacet
  facet normal 0 0 1
    outer loop
      vertex 0.216601 0.678088 21.1
      vertex -1.68744 -0.782931 21.1
      vertex -1.26483 -1.26483 21.1
    endloop
  endfacet
  facet normal 0 0 1
    outer loop
      vertex -0.278622 23.1263 21.1
      vertex -2.65808 23.4396 21.1
      vertex -0.299999 22.8 21.1
    endloop
  endfacet
  facet normal 0 0 1
    outer loop
      vertex 0.0349302 0.95 21.1
      vertex -2.04354 -0.250003 21.1
      vertex -1.68744 -0.782931 21.1
    endloop
  endfacet
  facet normal 0 0 1
    outer loop
      vertex -0.299999 22.8 21.1
      vertex -2.65808 23.4396 21.1
      vertex -2.7 22.8 21.1
    endloop
  endfacet
  facet normal 0 0 1
    outer loop
      vertex -0.109707 1.24329 21.1
      vertex -2.32701 0.324841 21.1
      vertex -2.04354 -0.250003 21.1
    endloop
  endfacet
  facet normal 0 0 1
    outer loop
      vertex -0.214825 1.55295 21.1
      vertex -2.53304 0.931774 21.1
      vertex -2.32701 0.324841 21.1
    endloop
  endfacet
  facet normal 0 0 1
    outer loop
      vertex -0.278622 1.87368 21.1
      vertex -2.65808 1.56041 21.1
      vertex -2.53304 0.931774 21.1
    endloop
  endfacet
  facet normal 0 0 1
    outer loop
      vertex 73.17 22.8 21.1
      vertex 75.57 22.8 21.1
      vertex 75.5281 23.4396 21.1
    endloop
  endfacet
  facet normal 0 0 1
    outer loop
      vertex 75.57 22.8 21.1
      vertex 73.17 22.8 21.1
      vertex 75.57 2.19999 21.1
    endloop
  endfacet
  facet normal 0 0 1
    outer loop
      vertex 73.1486 23.1263 21.1
      vertex 75.5281 23.4396 21.1
      vertex 75.403 24.0682 21.1
    endloop
  endfacet
  facet normal -0 0 1
    outer loop
      vertex 73.17 2.2 21.1
      vertex 75.57 2.19999 21.1
      vertex 73.17 22.8 21.1
    endloop
  endfacet
  facet normal 0 0 1
    outer loop
      vertex 73.0848 23.447 21.1
      vertex 75.403 24.0682 21.1
      vertex 75.197 24.6751 21.1
    endloop
  endfacet
  facet normal 0 0 1
    outer loop
      vertex 75.57 2.19999 21.1
      vertex 73.17 2.2 21.1
      vertex 75.5281 1.56041 21.1
    endloop
  endfacet
  facet normal 0 0 1
    outer loop
      vertex 72.9797 23.7567 21.1
      vertex 75.197 24.6751 21.1
      vertex 74.9135 25.25 21.1
    endloop
  endfacet
  facet normal -0 0 1
    outer loop
      vertex 73.1486 1.87368 21.1
      vertex 75.5281 1.56041 21.1
      vertex 73.17 2.2 21.1
    endloop
  endfacet
  facet normal 0 0 1
    outer loop
      vertex 72.8351 24.05 21.1
      vertex 74.9135 25.25 21.1
      vertex 74.5574 25.7829 21.1
    endloop
  endfacet
  facet normal 0 0 1
    outer loop
      vertex 75.5281 1.56041 21.1
      vertex 73.1486 1.87368 21.1
      vertex 75.403 0.931774 21.1
    endloop
  endfacet
  facet normal 0 0 1
    outer loop
      vertex 72.6534 24.3219 21.1
      vertex 74.5574 25.7829 21.1
      vertex 74.1348 26.2648 21.1
    endloop
  endfacet
  facet normal -0 0 1
    outer loop
      vertex 73.0848 1.55295 21.1
      vertex 75.403 0.931774 21.1
      vertex 73.1486 1.87368 21.1
    endloop
  endfacet
  facet normal 0 0 1
    outer loop
      vertex 72.4378 24.5678 21.1
      vertex 74.1348 26.2648 21.1
      vertex 73.6529 26.6874 21.1
    endloop
  endfacet
  facet normal 0 0 1
    outer loop
      vertex 75.403 0.931774 21.1
      vertex 73.0848 1.55295 21.1
      vertex 75.197 0.324841 21.1
    endloop
  endfacet
  facet normal -0 0 1
    outer loop
      vertex 72.9797 1.24329 21.1
      vertex 75.197 0.324841 21.1
      vertex 73.0848 1.55295 21.1
    endloop
  endfacet
  facet normal 0 0 1
    outer loop
      vertex 75.5281 23.4396 21.1
      vertex 73.1486 23.1263 21.1
      vertex 73.17 22.8 21.1
    endloop
  endfacet
  facet normal 0 0 1
    outer loop
      vertex 72.1919 24.7834 21.1
      vertex 73.6529 26.6874 21.1
      vertex 73.12 27.0435 21.1
    endloop
  endfacet
  facet normal 0 0 1
    outer loop
      vertex 75.403 24.0682 21.1
      vertex 73.0848 23.447 21.1
      vertex 73.1486 23.1263 21.1
    endloop
  endfacet
  facet normal 0 0 1
    outer loop
      vertex 75.197 24.6751 21.1
      vertex 72.9797 23.7567 21.1
      vertex 73.0848 23.447 21.1
    endloop
  endfacet
  facet normal 0 0 1
    outer loop
      vertex 74.9135 25.25 21.1
      vertex 72.8351 24.05 21.1
      vertex 72.9797 23.7567 21.1
    endloop
  endfacet
  facet normal 0 0 1
    outer loop
      vertex 74.5574 25.7829 21.1
      vertex 72.6534 24.3219 21.1
      vertex 72.8351 24.05 21.1
    endloop
  endfacet
  facet normal 0 0 1
    outer loop
      vertex 71.92 24.9651 21.1
      vertex 73.12 27.0435 21.1
      vertex 72.5452 27.327 21.1
    endloop
  endfacet
  facet normal 0 0 1
    outer loop
      vertex 74.1348 26.2648 21.1
      vertex 72.4378 24.5678 21.1
      vertex 72.6534 24.3219 21.1
    endloop
  endfacet
  facet normal 0 0 1
    outer loop
      vertex 73.6529 26.6874 21.1
      vertex 72.1919 24.7834 21.1
      vertex 72.4378 24.5678 21.1
    endloop
  endfacet
  facet normal 0 0 1
    outer loop
      vertex 71.6267 25.1097 21.1
      vertex 72.5452 27.327 21.1
      vertex 71.9382 27.533 21.1
    endloop
  endfacet
  facet normal 0 0 1
    outer loop
      vertex 73.12 27.0435 21.1
      vertex 71.92 24.9651 21.1
      vertex 72.1919 24.7834 21.1
    endloop
  endfacet
  facet normal 0 0 1
    outer loop
      vertex 72.5452 27.327 21.1
      vertex 71.6267 25.1097 21.1
      vertex 71.92 24.9651 21.1
    endloop
  endfacet
  facet normal 0 0 1
    outer loop
      vertex 71.9382 27.533 21.1
      vertex 71.317 25.2148 21.1
      vertex 71.6267 25.1097 21.1
    endloop
  endfacet
  facet normal 0 0 1
    outer loop
      vertex 71.3096 27.6581 21.1
      vertex 71.317 25.2148 21.1
      vertex 71.9382 27.533 21.1
    endloop
  endfacet
  facet normal 0 0 1
    outer loop
      vertex 71.3096 27.6581 21.1
      vertex 70.9963 25.2786 21.1
      vertex 71.317 25.2148 21.1
    endloop
  endfacet
  facet normal 0 0 1
    outer loop
      vertex 70.67 27.7 21.1
      vertex 70.9963 25.2786 21.1
      vertex 71.3096 27.6581 21.1
    endloop
  endfacet
  facet normal 0 0 1
    outer loop
      vertex 70.67 27.7 21.1
      vertex 70.67 25.3 21.1
      vertex 70.9963 25.2786 21.1
    endloop
  endfacet
  facet normal -0 0 1
    outer loop
      vertex 58.67 27.7 21.1
      vertex 70.67 25.3 21.1
      vertex 70.67 27.7 21.1
    endloop
  endfacet
  facet normal 0 0 1
    outer loop
      vertex 70.67 25.3 21.1
      vertex 58.67 27.7 21.1
      vertex 58.67 25.3 21.1
    endloop
  endfacet
  facet normal 0 0 1
    outer loop
      vertex 75.197 0.324841 21.1
      vertex 72.9797 1.24329 21.1
      vertex 74.9135 -0.250003 21.1
    endloop
  endfacet
  facet normal -0 0 1
    outer loop
      vertex 72.8351 0.95 21.1
      vertex 74.9135 -0.250003 21.1
      vertex 72.9797 1.24329 21.1
    endloop
  endfacet
  facet normal 0 0 1
    outer loop
      vertex 74.9135 -0.250003 21.1
      vertex 72.8351 0.95 21.1
      vertex 74.5574 -0.782931 21.1
    endloop
  endfacet
  facet normal -0 0 1
    outer loop
      vertex 72.6534 0.678088 21.1
      vertex 74.5574 -0.782931 21.1
      vertex 72.8351 0.95 21.1
    endloop
  endfacet
  facet normal 0 0 1
    outer loop
      vertex 74.5574 -0.782931 21.1
      vertex 72.6534 0.678088 21.1
      vertex 74.1348 -1.26483 21.1
    endloop
  endfacet
  facet normal -0 0 1
    outer loop
      vertex 72.4378 0.432223 21.1
      vertex 74.1348 -1.26483 21.1
      vertex 72.6534 0.678088 21.1
    endloop
  endfacet
  facet normal 0 0 1
    outer loop
      vertex 74.1348 -1.26483 21.1
      vertex 72.4378 0.432223 21.1
      vertex 73.6529 -1.68744 21.1
    endloop
  endfacet
  facet normal -0 0 1
    outer loop
      vertex 72.1919 0.216601 21.1
      vertex 73.6529 -1.68744 21.1
      vertex 72.4378 0.432223 21.1
    endloop
  endfacet
  facet normal 0 0 1
    outer loop
      vertex 73.6529 -1.68744 21.1
      vertex 72.1919 0.216601 21.1
      vertex 73.12 -2.04354 21.1
    endloop
  endfacet
  facet normal -0 0 1
    outer loop
      vertex 71.92 0.0349302 21.1
      vertex 73.12 -2.04354 21.1
      vertex 72.1919 0.216601 21.1
    endloop
  endfacet
  facet normal 0 0 1
    outer loop
      vertex 73.12 -2.04354 21.1
      vertex 71.92 0.0349302 21.1
      vertex 72.5452 -2.32701 21.1
    endloop
  endfacet
  facet normal -0 0 1
    outer loop
      vertex 71.6267 -0.109707 21.1
      vertex 72.5452 -2.32701 21.1
      vertex 71.92 0.0349302 21.1
    endloop
  endfacet
  facet normal 0 0 1
    outer loop
      vertex 72.5452 -2.32701 21.1
      vertex 71.6267 -0.109707 21.1
      vertex 71.9382 -2.53304 21.1
    endloop
  endfacet
  facet normal -0 0 1
    outer loop
      vertex 71.317 -0.214825 21.1
      vertex 71.9382 -2.53304 21.1
      vertex 71.6267 -0.109707 21.1
    endloop
  endfacet
  facet normal 0 0 1
    outer loop
      vertex 71.317 -0.214825 21.1
      vertex 71.3096 -2.65808 21.1
      vertex 71.9382 -2.53304 21.1
    endloop
  endfacet
  facet normal -0 0 1
    outer loop
      vertex 70.9963 -0.278622 21.1
      vertex 71.3096 -2.65808 21.1
      vertex 71.317 -0.214825 21.1
    endloop
  endfacet
  facet normal 0 0 1
    outer loop
      vertex 70.9963 -0.278622 21.1
      vertex 70.67 -2.7 21.1
      vertex 71.3096 -2.65808 21.1
    endloop
  endfacet
  facet normal -0 0 1
    outer loop
      vertex 70.67 -0.299999 21.1
      vertex 70.67 -2.7 21.1
      vertex 70.9963 -0.278622 21.1
    endloop
  endfacet
  facet normal -0 0 1
    outer loop
      vertex 58.86 -0.299999 21.1
      vertex 70.67 -2.7 21.1
      vertex 70.67 -0.299999 21.1
    endloop
  endfacet
  facet normal 0 0 1
    outer loop
      vertex 70.67 -2.7 21.1
      vertex 58.86 -0.299999 21.1
      vertex 58.86 -2.7 21.1
    endloop
  endfacet
  facet normal -0 0 1
    outer loop
      vertex 17.17 -0.299999 21.1
      vertex 37.44 -2.7 21.1
      vertex 37.44 -0.299999 21.1
    endloop
  endfacet
  facet normal 0 0 1
    outer loop
      vertex 37.44 -2.7 21.1
      vertex 17.17 -0.299999 21.1
      vertex 17.17 -2.7 21.1
    endloop
  endfacet
  facet normal -0 0 1
    outer loop
      vertex 45.44 -0.299999 21.1
      vertex 50.86 -2.7 21.1
      vertex 50.86 -0.299999 21.1
    endloop
  endfacet
  facet normal 0 0 1
    outer loop
      vertex 50.86 -2.7 21.1
      vertex 45.44 -0.299999 21.1
      vertex 45.44 -2.7 21.1
    endloop
  endfacet
  facet normal -0 0 1
    outer loop
      vertex 45.09 27.7 21.1
      vertex 50.67 25.3 21.1
      vertex 50.67 27.7 21.1
    endloop
  endfacet
  facet normal 0 0 1
    outer loop
      vertex 50.67 25.3 21.1
      vertex 45.09 27.7 21.1
      vertex 45.09 25.3 21.1
    endloop
  endfacet
  facet normal 0.997861 -0.0653716 0
    outer loop
      vertex 75.5281 1.56041 21.1
      vertex 75.57 2.19999 0
      vertex 75.57 2.19999 21.1
    endloop
  endfacet
  facet normal 0.997861 -0.0653716 0
    outer loop
      vertex 75.57 2.19999 0
      vertex 75.5281 1.56041 21.1
      vertex 75.5281 1.56041 0
    endloop
  endfacet
  facet normal 0 -1 0
    outer loop
      vertex 2.19999 -2.7 21.1
      vertex 4.17 -2.7 13.6
      vertex 4.17 -2.7 21.1
    endloop
  endfacet
  facet normal 0 -1 -0
    outer loop
      vertex 4.17 -2.7 13.6
      vertex 2.19999 -2.7 0
      vertex 17.17 -2.7 13.6
    endloop
  endfacet
  facet normal 0 -1 0
    outer loop
      vertex 2.19999 -2.7 0
      vertex 4.17 -2.7 13.6
      vertex 2.19999 -2.7 21.1
    endloop
  endfacet
  facet normal 0 -1 0
    outer loop
      vertex 17.17 -2.7 21.1
      vertex 37.44 -2.7 15.1
      vertex 37.44 -2.7 21.1
    endloop
  endfacet
  facet normal 0 -1 0
    outer loop
      vertex 70.67 -2.7 0
      vertex 45.44 -2.7 15.1
      vertex 37.44 -2.7 15.1
    endloop
  endfacet
  facet normal 0 -1 0
    outer loop
      vertex 45.44 -2.7 15.1
      vertex 70.67 -2.7 0
      vertex 50.86 -2.7 15.1
    endloop
  endfacet
  facet normal 0 -1 0
    outer loop
      vertex 2.19999 -2.7 0
      vertex 37.44 -2.7 15.1
      vertex 17.17 -2.7 13.6
    endloop
  endfacet
  facet normal 0 -1 0
    outer loop
      vertex 17.17 -2.7 13.6
      vertex 37.44 -2.7 15.1
      vertex 17.17 -2.7 21.1
    endloop
  endfacet
  facet normal 0 -1 0
    outer loop
      vertex 45.44 -2.7 15.1
      vertex 50.86 -2.7 21.1
      vertex 45.44 -2.7 21.1
    endloop
  endfacet
  facet normal 0 -1 -0
    outer loop
      vertex 50.86 -2.7 21.1
      vertex 45.44 -2.7 15.1
      vertex 50.86 -2.7 15.1
    endloop
  endfacet
  facet normal 0 -1 0
    outer loop
      vertex 58.86 -2.7 15.1
      vertex 70.67 -2.7 21.1
      vertex 58.86 -2.7 21.1
    endloop
  endfacet
  facet normal 0 -1 -0
    outer loop
      vertex 37.44 -2.7 15.1
      vertex 2.19999 -2.7 0
      vertex 70.67 -2.7 0
    endloop
  endfacet
  facet normal 0 -1 0
    outer loop
      vertex 58.86 -2.7 15.1
      vertex 70.67 -2.7 0
      vertex 70.67 -2.7 21.1
    endloop
  endfacet
  facet normal 0 -1 0
    outer loop
      vertex 50.86 -2.7 15.1
      vertex 70.67 -2.7 0
      vertex 58.86 -2.7 15.1
    endloop
  endfacet
  facet normal 0.83145 0.5556 0
    outer loop
      vertex 74.9135 25.25 21.1
      vertex 74.5574 25.7829 0
      vertex 74.5574 25.7829 21.1
    endloop
  endfacet
  facet normal 0.83145 0.5556 0
    outer loop
      vertex 74.5574 25.7829 0
      vertex 74.9135 25.25 21.1
      vertex 74.9135 25.25 0
    endloop
  endfacet
  facet normal -0.0653716 0.997861 0
    outer loop
      vertex 2.19999 27.7 0
      vertex 1.56041 27.6581 21.1
      vertex 2.19999 27.7 21.1
    endloop
  endfacet
  facet normal -0.0653716 0.997861 0
    outer loop
      vertex 1.56041 27.6581 21.1
      vertex 2.19999 27.7 0
      vertex 1.56041 27.6581 0
    endloop
  endfacet
  facet normal -0.55558 0.831463 0
    outer loop
      vertex -0.250003 27.0435 0
      vertex -0.782931 26.6874 21.1
      vertex -0.250003 27.0435 21.1
    endloop
  endfacet
  facet normal -0.55558 0.831463 0
    outer loop
      vertex -0.782931 26.6874 21.1
      vertex -0.250003 27.0435 0
      vertex -0.782931 26.6874 0
    endloop
  endfacet
  facet normal 0.5556 -0.83145 0
    outer loop
      vertex 73.12 -2.04354 0
      vertex 73.6529 -1.68744 21.1
      vertex 73.12 -2.04354 21.1
    endloop
  endfacet
  facet normal 0.5556 -0.83145 0
    outer loop
      vertex 73.6529 -1.68744 21.1
      vertex 73.12 -2.04354 0
      vertex 73.6529 -1.68744 0
    endloop
  endfacet
  facet normal 0.980768 -0.195175 0
    outer loop
      vertex 75.403 0.931774 21.1
      vertex 75.5281 1.56041 0
      vertex 75.5281 1.56041 21.1
    endloop
  endfacet
  facet normal 0.980768 -0.195175 0
    outer loop
      vertex 75.5281 1.56041 0
      vertex 75.403 0.931774 21.1
      vertex 75.403 0.931774 0
    endloop
  endfacet
  facet normal 1 0 0
    outer loop
      vertex 75.57 18.545 5.5
      vertex 75.57 22.8 21.1
      vertex 75.57 18.545 17.7
    endloop
  endfacet
  facet normal 1 -0 0
    outer loop
      vertex 75.57 2.19999 21.1
      vertex 75.57 18.545 17.7
      vertex 75.57 22.8 21.1
    endloop
  endfacet
  facet normal 1 0 0
    outer loop
      vertex 75.57 5.955 17.7
      vertex 75.57 2.19999 21.1
      vertex 75.57 5.955 5.5
    endloop
  endfacet
  facet normal 1 0 0
    outer loop
      vertex 75.57 18.545 17.7
      vertex 75.57 2.19999 21.1
      vertex 75.57 5.955 17.7
    endloop
  endfacet
  facet normal 1 0 0
    outer loop
      vertex 75.57 22.8 21.1
      vertex 75.57 18.545 5.5
      vertex 75.57 22.8 0
    endloop
  endfacet
  facet normal 1 0 0
    outer loop
      vertex 75.57 2.19999 0
      vertex 75.57 18.545 5.5
      vertex 75.57 5.955 5.5
    endloop
  endfacet
  facet normal 1 0 0
    outer loop
      vertex 75.57 18.545 5.5
      vertex 75.57 2.19999 0
      vertex 75.57 22.8 0
    endloop
  endfacet
  facet normal 1 0 0
    outer loop
      vertex 75.57 2.19999 0
      vertex 75.57 5.955 5.5
      vertex 75.57 2.19999 21.1
    endloop
  endfacet
  facet normal 0.0654006 -0.997859 0
    outer loop
      vertex 70.67 -2.7 0
      vertex 71.3096 -2.65808 21.1
      vertex 70.67 -2.7 21.1
    endloop
  endfacet
  facet normal 0.0654006 -0.997859 0
    outer loop
      vertex 71.3096 -2.65808 21.1
      vertex 70.67 -2.7 0
      vertex 71.3096 -2.65808 0
    endloop
  endfacet
  facet normal -0.0654027 -0.997859 0
    outer loop
      vertex 1.56041 -2.65808 0
      vertex 2.19999 -2.7 21.1
      vertex 1.56041 -2.65808 21.1
    endloop
  endfacet
  facet normal -0.0654027 -0.997859 -0
    outer loop
      vertex 2.19999 -2.7 21.1
      vertex 1.56041 -2.65808 0
      vertex 2.19999 -2.7 0
    endloop
  endfacet
  facet normal 0.896879 0.442277 0
    outer loop
      vertex 75.197 24.6751 21.1
      vertex 74.9135 25.25 0
      vertex 74.9135 25.25 21.1
    endloop
  endfacet
  facet normal 0.896879 0.442277 0
    outer loop
      vertex 74.9135 25.25 0
      vertex 75.197 24.6751 21.1
      vertex 75.197 24.6751 0
    endloop
  endfacet
  facet normal 0.5556 0.83145 -0
    outer loop
      vertex 73.6529 26.6874 0
      vertex 73.12 27.0435 21.1
      vertex 73.6529 26.6874 21.1
    endloop
  endfacet
  facet normal 0.5556 0.83145 0
    outer loop
      vertex 73.12 27.0435 21.1
      vertex 73.6529 26.6874 0
      vertex 73.12 27.0435 0
    endloop
  endfacet
  facet normal 0.195186 0.980766 -0
    outer loop
      vertex 71.9382 27.533 0
      vertex 71.3096 27.6581 21.1
      vertex 71.9382 27.533 21.1
    endloop
  endfacet
  facet normal 0.195186 0.980766 0
    outer loop
      vertex 71.3096 27.6581 21.1
      vertex 71.9382 27.533 0
      vertex 71.3096 27.6581 0
    endloop
  endfacet
  facet normal 0.442339 0.896848 -0
    outer loop
      vertex 73.12 27.0435 0
      vertex 72.5452 27.327 21.1
      vertex 73.12 27.0435 21.1
    endloop
  endfacet
  facet normal 0.442339 0.896848 0
    outer loop
      vertex 72.5452 27.327 21.1
      vertex 73.12 27.0435 0
      vertex 72.5452 27.327 0
    endloop
  endfacet
  facet normal -0.442312 0.896861 0
    outer loop
      vertex 0.324841 27.327 0
      vertex -0.250003 27.0435 21.1
      vertex 0.324841 27.327 21.1
    endloop
  endfacet
  facet normal -0.442312 0.896861 0
    outer loop
      vertex -0.250003 27.0435 21.1
      vertex 0.324841 27.327 0
      vertex -0.250003 27.0435 0
    endloop
  endfacet
  facet normal -0.321403 0.946942 0
    outer loop
      vertex 0.931774 27.533 0
      vertex 0.324841 27.327 21.1
      vertex 0.931774 27.533 21.1
    endloop
  endfacet
  facet normal -0.321403 0.946942 0
    outer loop
      vertex 0.324841 27.327 21.1
      vertex 0.931774 27.533 0
      vertex 0.324841 27.327 0
    endloop
  endfacet
  facet normal -0.751844 0.659341 0
    outer loop
      vertex -1.68744 25.7829 0
      vertex -1.26483 26.2648 21.1
      vertex -1.26483 26.2648 0
    endloop
  endfacet
  facet normal -0.751844 0.659341 0
    outer loop
      vertex -1.26483 26.2648 21.1
      vertex -1.68744 25.7829 0
      vertex -1.68744 25.7829 21.1
    endloop
  endfacet
  facet normal -0.83145 0.5556 0
    outer loop
      vertex -2.04354 25.25 0
      vertex -1.68744 25.7829 21.1
      vertex -1.68744 25.7829 0
    endloop
  endfacet
  facet normal -0.83145 0.5556 0
    outer loop
      vertex -1.68744 25.7829 21.1
      vertex -2.04354 25.25 0
      vertex -2.04354 25.25 21.1
    endloop
  endfacet
  facet normal -0.896897 0.442239 0
    outer loop
      vertex -2.32701 24.6751 0
      vertex -2.04354 25.25 21.1
      vertex -2.04354 25.25 0
    endloop
  endfacet
  facet normal -0.896897 0.442239 0
    outer loop
      vertex -2.04354 25.25 21.1
      vertex -2.32701 24.6751 0
      vertex -2.32701 24.6751 21.1
    endloop
  endfacet
  facet normal 0.321413 -0.946939 0
    outer loop
      vertex 71.9382 -2.53304 0
      vertex 72.5452 -2.32701 21.1
      vertex 71.9382 -2.53304 21.1
    endloop
  endfacet
  facet normal 0.321413 -0.946939 0
    outer loop
      vertex 72.5452 -2.32701 21.1
      vertex 71.9382 -2.53304 0
      vertex 72.5452 -2.32701 0
    endloop
  endfacet
  facet normal 0.442301 -0.896867 0
    outer loop
      vertex 72.5452 -2.32701 0
      vertex 73.12 -2.04354 21.1
      vertex 72.5452 -2.32701 21.1
    endloop
  endfacet
  facet normal 0.442301 -0.896867 0
    outer loop
      vertex 73.12 -2.04354 21.1
      vertex 72.5452 -2.32701 0
      vertex 73.12 -2.04354 0
    endloop
  endfacet
  facet normal 0.831463 -0.55558 0
    outer loop
      vertex 74.5574 -0.782931 21.1
      vertex 74.9135 -0.250003 0
      vertex 74.9135 -0.250003 21.1
    endloop
  endfacet
  facet normal 0.831463 -0.55558 0
    outer loop
      vertex 74.9135 -0.250003 0
      vertex 74.5574 -0.782931 21.1
      vertex 74.5574 -0.782931 0
    endloop
  endfacet
  facet normal 0.946942 -0.321403 0
    outer loop
      vertex 75.197 0.324841 21.1
      vertex 75.403 0.931774 0
      vertex 75.403 0.931774 21.1
    endloop
  endfacet
  facet normal 0.946942 -0.321403 0
    outer loop
      vertex 75.403 0.931774 0
      vertex 75.197 0.324841 21.1
      vertex 75.197 0.324841 0
    endloop
  endfacet
  facet normal 0.195096 -0.980784 0
    outer loop
      vertex 71.3096 -2.65808 0
      vertex 71.9382 -2.53304 21.1
      vertex 71.3096 -2.65808 21.1
    endloop
  endfacet
  facet normal 0.195096 -0.980784 0
    outer loop
      vertex 71.9382 -2.53304 21.1
      vertex 71.3096 -2.65808 0
      vertex 71.9382 -2.53304 0
    endloop
  endfacet
  facet normal -0.55558 -0.831463 0
    outer loop
      vertex -0.782931 -1.68744 0
      vertex -0.250003 -2.04354 21.1
      vertex -0.782931 -1.68744 21.1
    endloop
  endfacet
  facet normal -0.55558 -0.831463 -0
    outer loop
      vertex -0.250003 -2.04354 21.1
      vertex -0.782931 -1.68744 0
      vertex -0.250003 -2.04354 0
    endloop
  endfacet
  facet normal -0.946928 -0.321445 0
    outer loop
      vertex -2.32701 0.324841 0
      vertex -2.53304 0.931774 21.1
      vertex -2.53304 0.931774 0
    endloop
  endfacet
  facet normal -0.946928 -0.321445 0
    outer loop
      vertex -2.53304 0.931774 21.1
      vertex -2.32701 0.324841 0
      vertex -2.32701 0.324841 21.1
    endloop
  endfacet
  facet normal 0.946937 0.321419 0
    outer loop
      vertex 75.403 24.0682 21.1
      vertex 75.197 24.6751 0
      vertex 75.197 24.6751 21.1
    endloop
  endfacet
  facet normal 0.946937 0.321419 0
    outer loop
      vertex 75.197 24.6751 0
      vertex 75.403 24.0682 21.1
      vertex 75.403 24.0682 0
    endloop
  endfacet
  facet normal 0.980766 0.195186 0
    outer loop
      vertex 75.5281 23.4396 21.1
      vertex 75.403 24.0682 0
      vertex 75.403 24.0682 21.1
    endloop
  endfacet
  facet normal 0.980766 0.195186 0
    outer loop
      vertex 75.403 24.0682 0
      vertex 75.5281 23.4396 21.1
      vertex 75.5281 23.4396 0
    endloop
  endfacet
  facet normal 0.659333 0.751851 -0
    outer loop
      vertex 74.1348 26.2648 0
      vertex 73.6529 26.6874 21.1
      vertex 74.1348 26.2648 21.1
    endloop
  endfacet
  facet normal 0.659333 0.751851 0
    outer loop
      vertex 73.6529 26.6874 21.1
      vertex 74.1348 26.2648 0
      vertex 73.6529 26.6874 0
    endloop
  endfacet
  facet normal 0.321371 0.946953 -0
    outer loop
      vertex 72.5452 27.327 0
      vertex 71.9382 27.533 21.1
      vertex 72.5452 27.327 21.1
    endloop
  endfacet
  facet normal 0.321371 0.946953 0
    outer loop
      vertex 71.9382 27.533 21.1
      vertex 72.5452 27.327 0
      vertex 71.9382 27.533 0
    endloop
  endfacet
  facet normal -0.659333 0.751851 0
    outer loop
      vertex -0.782931 26.6874 0
      vertex -1.26483 26.2648 21.1
      vertex -0.782931 26.6874 21.1
    endloop
  endfacet
  facet normal -0.659333 0.751851 0
    outer loop
      vertex -1.26483 26.2648 21.1
      vertex -0.782931 26.6874 0
      vertex -1.26483 26.2648 0
    endloop
  endfacet
  facet normal -0.946923 0.321461 0
    outer loop
      vertex -2.53304 24.0682 0
      vertex -2.32701 24.6751 21.1
      vertex -2.32701 24.6751 0
    endloop
  endfacet
  facet normal -0.946923 0.321461 0
    outer loop
      vertex -2.32701 24.6751 21.1
      vertex -2.53304 24.0682 0
      vertex -2.53304 24.0682 21.1
    endloop
  endfacet
  facet normal 0.659341 -0.751844 0
    outer loop
      vertex 73.6529 -1.68744 0
      vertex 74.1348 -1.26483 21.1
      vertex 73.6529 -1.68744 21.1
    endloop
  endfacet
  facet normal 0.659341 -0.751844 0
    outer loop
      vertex 74.1348 -1.26483 21.1
      vertex 73.6529 -1.68744 0
      vertex 74.1348 -1.26483 0
    endloop
  endfacet
  facet normal 0.751851 -0.659333 0
    outer loop
      vertex 74.1348 -1.26483 21.1
      vertex 74.5574 -0.782931 0
      vertex 74.5574 -0.782931 21.1
    endloop
  endfacet
  facet normal 0.751851 -0.659333 0
    outer loop
      vertex 74.5574 -0.782931 0
      vertex 74.1348 -1.26483 21.1
      vertex 74.1348 -1.26483 0
    endloop
  endfacet
  facet normal 0.896861 -0.442312 0
    outer loop
      vertex 74.9135 -0.250003 21.1
      vertex 75.197 0.324841 0
      vertex 75.197 0.324841 21.1
    endloop
  endfacet
  facet normal 0.896861 -0.442312 0
    outer loop
      vertex 75.197 0.324841 0
      vertex 74.9135 -0.250003 21.1
      vertex 74.9135 -0.250003 0
    endloop
  endfacet
  facet normal -0.321445 -0.946928 0
    outer loop
      vertex 0.324841 -2.32701 0
      vertex 0.931774 -2.53304 21.1
      vertex 0.324841 -2.32701 21.1
    endloop
  endfacet
  facet normal -0.321445 -0.946928 -0
    outer loop
      vertex 0.931774 -2.53304 21.1
      vertex 0.324841 -2.32701 0
      vertex 0.931774 -2.53304 0
    endloop
  endfacet
  facet normal -0.442274 -0.89688 0
    outer loop
      vertex -0.250003 -2.04354 0
      vertex 0.324841 -2.32701 21.1
      vertex -0.250003 -2.04354 21.1
    endloop
  endfacet
  facet normal -0.442274 -0.89688 -0
    outer loop
      vertex 0.324841 -2.32701 21.1
      vertex -0.250003 -2.04354 0
      vertex 0.324841 -2.32701 0
    endloop
  endfacet
  facet normal -0.831463 -0.55558 0
    outer loop
      vertex -1.68744 -0.782931 0
      vertex -2.04354 -0.250003 21.1
      vertex -2.04354 -0.250003 0
    endloop
  endfacet
  facet normal -0.831463 -0.55558 0
    outer loop
      vertex -2.04354 -0.250003 21.1
      vertex -1.68744 -0.782931 0
      vertex -1.68744 -0.782931 21.1
    endloop
  endfacet
  facet normal -0.659342 -0.751843 0
    outer loop
      vertex -1.26483 -1.26483 0
      vertex -0.782931 -1.68744 21.1
      vertex -1.26483 -1.26483 21.1
    endloop
  endfacet
  facet normal -0.659342 -0.751843 -0
    outer loop
      vertex -0.782931 -1.68744 21.1
      vertex -1.26483 -1.26483 0
      vertex -0.782931 -1.68744 0
    endloop
  endfacet
  facet normal -0.89688 -0.442274 0
    outer loop
      vertex -2.04354 -0.250003 0
      vertex -2.32701 0.324841 21.1
      vertex -2.32701 0.324841 0
    endloop
  endfacet
  facet normal -0.89688 -0.442274 0
    outer loop
      vertex -2.32701 0.324841 21.1
      vertex -2.04354 -0.250003 0
      vertex -2.04354 -0.250003 21.1
    endloop
  endfacet
  facet normal 0.751851 0.659333 0
    outer loop
      vertex 74.5574 25.7829 21.1
      vertex 74.1348 26.2648 0
      vertex 74.1348 26.2648 21.1
    endloop
  endfacet
  facet normal 0.751851 0.659333 0
    outer loop
      vertex 74.1348 26.2648 0
      vertex 74.5574 25.7829 21.1
      vertex 74.5574 25.7829 0
    endloop
  endfacet
  facet normal -0.195085 -0.980786 0
    outer loop
      vertex 0.931774 -2.53304 0
      vertex 1.56041 -2.65808 21.1
      vertex 0.931774 -2.53304 21.1
    endloop
  endfacet
  facet normal -0.195085 -0.980786 -0
    outer loop
      vertex 1.56041 -2.65808 21.1
      vertex 0.931774 -2.53304 0
      vertex 1.56041 -2.65808 0
    endloop
  endfacet
  facet normal -0.751843 -0.659342 0
    outer loop
      vertex -1.26483 -1.26483 0
      vertex -1.68744 -0.782931 21.1
      vertex -1.68744 -0.782931 0
    endloop
  endfacet
  facet normal -0.751843 -0.659342 0
    outer loop
      vertex -1.68744 -0.782931 21.1
      vertex -1.26483 -1.26483 0
      vertex -1.26483 -1.26483 21.1
    endloop
  endfacet
  facet normal 0 0 1
    outer loop
      vertex 71.7797 22.5567 4.5
      vertex 73.17 22.8 4.5
      vertex 73.1486 23.1263 4.5
    endloop
  endfacet
  facet normal 0 0 1
    outer loop
      vertex 73.17 22.8 4.5
      vertex 71.97 21.6 4.5
      vertex 73.17 2.2 4.5
    endloop
  endfacet
  facet normal 0 0 1
    outer loop
      vertex 71.6351 22.85 4.5
      vertex 73.1486 23.1263 4.5
      vertex 73.0848 23.447 4.5
    endloop
  endfacet
  facet normal -0 0 1
    outer loop
      vertex 71.97 3.4 4.5
      vertex 73.17 2.2 4.5
      vertex 71.97 21.6 4.5
    endloop
  endfacet
  facet normal 0 0 1
    outer loop
      vertex 71.6351 22.85 4.5
      vertex 73.0848 23.447 4.5
      vertex 72.9797 23.7567 4.5
    endloop
  endfacet
  facet normal -0 0 1
    outer loop
      vertex 71.9486 3.07368 4.5
      vertex 73.17 2.2 4.5
      vertex 71.97 3.4 4.5
    endloop
  endfacet
  facet normal 0 0 1
    outer loop
      vertex 71.4534 23.1219 4.5
      vertex 72.9797 23.7567 4.5
      vertex 72.8351 24.05 4.5
    endloop
  endfacet
  facet normal -0 0 1
    outer loop
      vertex 71.8848 2.75295 4.5
      vertex 73.17 2.2 4.5
      vertex 71.9486 3.07368 4.5
    endloop
  endfacet
  facet normal 0 0 1
    outer loop
      vertex 71.4534 23.1219 4.5
      vertex 72.8351 24.05 4.5
      vertex 72.6534 24.3219 4.5
    endloop
  endfacet
  facet normal -0 0 1
    outer loop
      vertex 71.7797 2.44329 4.5
      vertex 73.17 2.2 4.5
      vertex 71.8848 2.75295 4.5
    endloop
  endfacet
  facet normal 0 0 1
    outer loop
      vertex 71.2378 23.3678 4.5
      vertex 72.6534 24.3219 4.5
      vertex 72.4378 24.5678 4.5
    endloop
  endfacet
  facet normal 0 0 1
    outer loop
      vertex 73.17 2.2 4.5
      vertex 71.7797 2.44329 4.5
      vertex 73.1486 1.87368 4.5
    endloop
  endfacet
  facet normal 0 0 1
    outer loop
      vertex 71.2378 23.3678 4.5
      vertex 72.4378 24.5678 4.5
      vertex 72.1919 24.7834 4.5
    endloop
  endfacet
  facet normal -0 0 1
    outer loop
      vertex 71.6351 2.15 4.5
      vertex 73.1486 1.87368 4.5
      vertex 71.7797 2.44329 4.5
    endloop
  endfacet
  facet normal 0 0 1
    outer loop
      vertex 73.1486 1.87368 4.5
      vertex 71.6351 2.15 4.5
      vertex 73.0848 1.55295 4.5
    endloop
  endfacet
  facet normal 0 0 1
    outer loop
      vertex 73.17 22.8 4.5
      vertex 71.9486 21.9263 4.5
      vertex 71.97 21.6 4.5
    endloop
  endfacet
  facet normal 0 0 1
    outer loop
      vertex 70.9919 23.5834 4.5
      vertex 72.1919 24.7834 4.5
      vertex 71.92 24.9651 4.5
    endloop
  endfacet
  facet normal 0 0 1
    outer loop
      vertex 73.17 22.8 4.5
      vertex 71.8848 22.247 4.5
      vertex 71.9486 21.9263 4.5
    endloop
  endfacet
  facet normal 0 0 1
    outer loop
      vertex 73.17 22.8 4.5
      vertex 71.7797 22.5567 4.5
      vertex 71.8848 22.247 4.5
    endloop
  endfacet
  facet normal 0 0 1
    outer loop
      vertex 73.1486 23.1263 4.5
      vertex 71.6351 22.85 4.5
      vertex 71.7797 22.5567 4.5
    endloop
  endfacet
  facet normal 0 0 1
    outer loop
      vertex 70.9919 23.5834 4.5
      vertex 71.92 24.9651 4.5
      vertex 71.6267 25.1097 4.5
    endloop
  endfacet
  facet normal 0 0 1
    outer loop
      vertex 72.9797 23.7567 4.5
      vertex 71.4534 23.1219 4.5
      vertex 71.6351 22.85 4.5
    endloop
  endfacet
  facet normal 0 0 1
    outer loop
      vertex 70.72 23.7651 4.5
      vertex 71.6267 25.1097 4.5
      vertex 71.317 25.2148 4.5
    endloop
  endfacet
  facet normal 0 0 1
    outer loop
      vertex 72.6534 24.3219 4.5
      vertex 71.2378 23.3678 4.5
      vertex 71.4534 23.1219 4.5
    endloop
  endfacet
  facet normal 0 0 1
    outer loop
      vertex 70.72 23.7651 4.5
      vertex 71.317 25.2148 4.5
      vertex 70.9963 25.2786 4.5
    endloop
  endfacet
  facet normal 0 0 1
    outer loop
      vertex 72.1919 24.7834 4.5
      vertex 70.9919 23.5834 4.5
      vertex 71.2378 23.3678 4.5
    endloop
  endfacet
  facet normal 0 0 1
    outer loop
      vertex 71.6267 25.1097 4.5
      vertex 70.72 23.7651 4.5
      vertex 70.9919 23.5834 4.5
    endloop
  endfacet
  facet normal 0 0 1
    outer loop
      vertex 70.4267 23.9097 4.5
      vertex 70.9963 25.2786 4.5
      vertex 70.67 25.3 4.5
    endloop
  endfacet
  facet normal 0 0 1
    outer loop
      vertex 70.9963 25.2786 4.5
      vertex 70.4267 23.9097 4.5
      vertex 70.72 23.7651 4.5
    endloop
  endfacet
  facet normal 0 0 1
    outer loop
      vertex 70.67 25.3 4.5
      vertex 70.117 24.0148 4.5
      vertex 70.4267 23.9097 4.5
    endloop
  endfacet
  facet normal 0 0 1
    outer loop
      vertex 70.67 25.3 4.5
      vertex 69.7963 24.0786 4.5
      vertex 70.117 24.0148 4.5
    endloop
  endfacet
  facet normal 0 0 1
    outer loop
      vertex 70.67 25.3 4.5
      vertex 69.47 24.1 4.5
      vertex 69.7963 24.0786 4.5
    endloop
  endfacet
  facet normal 0 0 1
    outer loop
      vertex 70.67 25.3 4.5
      vertex 3.4 24.1 4.5
      vertex 69.47 24.1 4.5
    endloop
  endfacet
  facet normal -0 0 1
    outer loop
      vertex 2.2 25.3 4.5
      vertex 3.4 24.1 4.5
      vertex 70.67 25.3 4.5
    endloop
  endfacet
  facet normal 0 0 1
    outer loop
      vertex 2.2 25.3 4.5
      vertex 3.07368 24.0786 4.5
      vertex 3.4 24.1 4.5
    endloop
  endfacet
  facet normal 0 0 1
    outer loop
      vertex 2.2 25.3 4.5
      vertex 2.75295 24.0148 4.5
      vertex 3.07368 24.0786 4.5
    endloop
  endfacet
  facet normal 0 0 1
    outer loop
      vertex 2.2 25.3 4.5
      vertex 2.44329 23.9097 4.5
      vertex 2.75295 24.0148 4.5
    endloop
  endfacet
  facet normal -0 0 1
    outer loop
      vertex 1.87368 25.2786 4.5
      vertex 2.44329 23.9097 4.5
      vertex 2.2 25.3 4.5
    endloop
  endfacet
  facet normal 0 0 1
    outer loop
      vertex 2.44329 23.9097 4.5
      vertex 1.87368 25.2786 4.5
      vertex 2.15 23.7651 4.5
    endloop
  endfacet
  facet normal -0 0 1
    outer loop
      vertex 1.55295 25.2148 4.5
      vertex 2.15 23.7651 4.5
      vertex 1.87368 25.2786 4.5
    endloop
  endfacet
  facet normal -0 0 1
    outer loop
      vertex 1.24329 25.1097 4.5
      vertex 2.15 23.7651 4.5
      vertex 1.55295 25.2148 4.5
    endloop
  endfacet
  facet normal 0 0 1
    outer loop
      vertex 2.15 23.7651 4.5
      vertex 1.24329 25.1097 4.5
      vertex 1.87809 23.5834 4.5
    endloop
  endfacet
  facet normal -0 0 1
    outer loop
      vertex 0.95 24.9651 4.5
      vertex 1.87809 23.5834 4.5
      vertex 1.24329 25.1097 4.5
    endloop
  endfacet
  facet normal -0 0 1
    outer loop
      vertex 0.678088 24.7834 4.5
      vertex 1.87809 23.5834 4.5
      vertex 0.95 24.9651 4.5
    endloop
  endfacet
  facet normal 0 0 1
    outer loop
      vertex 1.87809 23.5834 4.5
      vertex 0.678088 24.7834 4.5
      vertex 1.63222 23.3678 4.5
    endloop
  endfacet
  facet normal -0 0 1
    outer loop
      vertex 0.432223 24.5678 4.5
      vertex 1.63222 23.3678 4.5
      vertex 0.678088 24.7834 4.5
    endloop
  endfacet
  facet normal -0 0 1
    outer loop
      vertex 0.216601 24.3219 4.5
      vertex 1.63222 23.3678 4.5
      vertex 0.432223 24.5678 4.5
    endloop
  endfacet
  facet normal 0 0 1
    outer loop
      vertex 1.63222 23.3678 4.5
      vertex 0.216601 24.3219 4.5
      vertex 1.4166 23.1219 4.5
    endloop
  endfacet
  facet normal -0 0 1
    outer loop
      vertex 0.0349302 24.05 4.5
      vertex 1.4166 23.1219 4.5
      vertex 0.216601 24.3219 4.5
    endloop
  endfacet
  facet normal -0 0 1
    outer loop
      vertex -0.109707 23.7567 4.5
      vertex 1.4166 23.1219 4.5
      vertex 0.0349302 24.05 4.5
    endloop
  endfacet
  facet normal -0 0 1
    outer loop
      vertex -0.214825 23.447 4.5
      vertex 1.23493 22.85 4.5
      vertex -0.109707 23.7567 4.5
    endloop
  endfacet
  facet normal 0 0 1
    outer loop
      vertex 1.4166 23.1219 4.5
      vertex -0.109707 23.7567 4.5
      vertex 1.23493 22.85 4.5
    endloop
  endfacet
  facet normal 0 0 1
    outer loop
      vertex 73.0848 1.55295 4.5
      vertex 71.6351 2.15 4.5
      vertex 72.9797 1.24329 4.5
    endloop
  endfacet
  facet normal -0 0 1
    outer loop
      vertex 71.4534 1.87809 4.5
      vertex 72.9797 1.24329 4.5
      vertex 71.6351 2.15 4.5
    endloop
  endfacet
  facet normal 0 0 1
    outer loop
      vertex 72.9797 1.24329 4.5
      vertex 71.4534 1.87809 4.5
      vertex 72.8351 0.95 4.5
    endloop
  endfacet
  facet normal 0 0 1
    outer loop
      vertex 72.8351 0.95 4.5
      vertex 71.4534 1.87809 4.5
      vertex 72.6534 0.678088 4.5
    endloop
  endfacet
  facet normal -0 0 1
    outer loop
      vertex 71.2378 1.63222 4.5
      vertex 72.6534 0.678088 4.5
      vertex 71.4534 1.87809 4.5
    endloop
  endfacet
  facet normal 0 0 1
    outer loop
      vertex 72.6534 0.678088 4.5
      vertex 71.2378 1.63222 4.5
      vertex 72.4378 0.432223 4.5
    endloop
  endfacet
  facet normal 0 0 1
    outer loop
      vertex 72.4378 0.432223 4.5
      vertex 71.2378 1.63222 4.5
      vertex 72.1919 0.216601 4.5
    endloop
  endfacet
  facet normal -0 0 1
    outer loop
      vertex 70.9919 1.4166 4.5
      vertex 72.1919 0.216601 4.5
      vertex 71.2378 1.63222 4.5
    endloop
  endfacet
  facet normal 0 0 1
    outer loop
      vertex 72.1919 0.216601 4.5
      vertex 70.9919 1.4166 4.5
      vertex 71.92 0.0349302 4.5
    endloop
  endfacet
  facet normal 0 0 1
    outer loop
      vertex 71.92 0.0349302 4.5
      vertex 70.9919 1.4166 4.5
      vertex 71.6267 -0.109707 4.5
    endloop
  endfacet
  facet normal -0 0 1
    outer loop
      vertex 70.72 1.23493 4.5
      vertex 71.6267 -0.109707 4.5
      vertex 70.9919 1.4166 4.5
    endloop
  endfacet
  facet normal 0 0 1
    outer loop
      vertex 71.6267 -0.109707 4.5
      vertex 70.72 1.23493 4.5
      vertex 71.317 -0.214825 4.5
    endloop
  endfacet
  facet normal 0 0 1
    outer loop
      vertex 71.317 -0.214825 4.5
      vertex 70.72 1.23493 4.5
      vertex 70.9963 -0.278622 4.5
    endloop
  endfacet
  facet normal -0 0 1
    outer loop
      vertex 70.4267 1.09029 4.5
      vertex 70.9963 -0.278622 4.5
      vertex 70.72 1.23493 4.5
    endloop
  endfacet
  facet normal 0 0 1
    outer loop
      vertex 70.9963 -0.278622 4.5
      vertex 70.4267 1.09029 4.5
      vertex 70.67 -0.299999 4.5
    endloop
  endfacet
  facet normal -0 0 1
    outer loop
      vertex 70.117 0.985174 4.5
      vertex 70.67 -0.299999 4.5
      vertex 70.4267 1.09029 4.5
    endloop
  endfacet
  facet normal -0 0 1
    outer loop
      vertex 69.7963 0.921377 4.5
      vertex 70.67 -0.299999 4.5
      vertex 70.117 0.985174 4.5
    endloop
  endfacet
  facet normal -0 0 1
    outer loop
      vertex 69.47 0.9 4.5
      vertex 70.67 -0.299999 4.5
      vertex 69.7963 0.921377 4.5
    endloop
  endfacet
  facet normal -0 0 1
    outer loop
      vertex 3.4 0.9 4.5
      vertex 70.67 -0.299999 4.5
      vertex 69.47 0.9 4.5
    endloop
  endfacet
  facet normal 0 0 1
    outer loop
      vertex 3.4 0.9 4.5
      vertex 2.2 -0.299999 4.5
      vertex 70.67 -0.299999 4.5
    endloop
  endfacet
  facet normal 0 0 1
    outer loop
      vertex 3.07368 0.921377 4.5
      vertex 2.2 -0.299999 4.5
      vertex 3.4 0.9 4.5
    endloop
  endfacet
  facet normal 0 0 1
    outer loop
      vertex 2.75295 0.985174 4.5
      vertex 2.2 -0.299999 4.5
      vertex 3.07368 0.921377 4.5
    endloop
  endfacet
  facet normal 0 0 1
    outer loop
      vertex 2.44329 1.09029 4.5
      vertex 2.2 -0.299999 4.5
      vertex 2.75295 0.985174 4.5
    endloop
  endfacet
  facet normal 0 0 1
    outer loop
      vertex 1.87368 -0.278622 4.5
      vertex 2.44329 1.09029 4.5
      vertex 2.15 1.23493 4.5
    endloop
  endfacet
  facet normal 0 0 1
    outer loop
      vertex 1.24329 -0.109707 4.5
      vertex 2.15 1.23493 4.5
      vertex 1.87809 1.4166 4.5
    endloop
  endfacet
  facet normal 0 0 1
    outer loop
      vertex 2.44329 1.09029 4.5
      vertex 1.87368 -0.278622 4.5
      vertex 2.2 -0.299999 4.5
    endloop
  endfacet
  facet normal 0 0 1
    outer loop
      vertex 0.678088 0.216601 4.5
      vertex 1.87809 1.4166 4.5
      vertex 1.63222 1.63222 4.5
    endloop
  endfacet
  facet normal 0 0 1
    outer loop
      vertex 2.15 1.23493 4.5
      vertex 1.55295 -0.214825 4.5
      vertex 1.87368 -0.278622 4.5
    endloop
  endfacet
  facet normal 0 0 1
    outer loop
      vertex 0.216601 0.678088 4.5
      vertex 1.63222 1.63222 4.5
      vertex 1.4166 1.87809 4.5
    endloop
  endfacet
  facet normal 0 0 1
    outer loop
      vertex 2.15 1.23493 4.5
      vertex 1.24329 -0.109707 4.5
      vertex 1.55295 -0.214825 4.5
    endloop
  endfacet
  facet normal 0 0 1
    outer loop
      vertex -0.109707 1.24329 4.5
      vertex 1.4166 1.87809 4.5
      vertex 1.23493 2.15 4.5
    endloop
  endfacet
  facet normal 0 0 1
    outer loop
      vertex -0.278622 1.87368 4.5
      vertex 1.23493 2.15 4.5
      vertex 1.09029 2.44329 4.5
    endloop
  endfacet
  facet normal 0 0 1
    outer loop
      vertex -0.299999 2.2 4.5
      vertex 1.09029 2.44329 4.5
      vertex 0.985174 2.75295 4.5
    endloop
  endfacet
  facet normal 0 0 1
    outer loop
      vertex 1.87809 1.4166 4.5
      vertex 0.95 0.0349302 4.5
      vertex 1.24329 -0.109707 4.5
    endloop
  endfacet
  facet normal 0 0 1
    outer loop
      vertex -0.299999 2.2 4.5
      vertex 0.985174 2.75295 4.5
      vertex 0.921377 3.07368 4.5
    endloop
  endfacet
  facet normal 0 0 1
    outer loop
      vertex -0.299999 2.2 4.5
      vertex 0.921377 3.07368 4.5
      vertex 0.9 3.4 4.5
    endloop
  endfacet
  facet normal 0 0 1
    outer loop
      vertex 1.87809 1.4166 4.5
      vertex 0.678088 0.216601 4.5
      vertex 0.95 0.0349302 4.5
    endloop
  endfacet
  facet normal 0 0 1
    outer loop
      vertex 0.9 21.6 4.5
      vertex -0.299999 22.8 4.5
      vertex 0.9 3.4 4.5
    endloop
  endfacet
  facet normal -0 0 1
    outer loop
      vertex -0.278622 23.1263 4.5
      vertex 1.23493 22.85 4.5
      vertex -0.214825 23.447 4.5
    endloop
  endfacet
  facet normal 0 0 1
    outer loop
      vertex -0.299999 2.2 4.5
      vertex 0.9 3.4 4.5
      vertex -0.299999 22.8 4.5
    endloop
  endfacet
  facet normal 0 0 1
    outer loop
      vertex 1.23493 22.85 4.5
      vertex -0.278622 23.1263 4.5
      vertex 1.09029 22.5567 4.5
    endloop
  endfacet
  facet normal 0 0 1
    outer loop
      vertex 1.09029 2.44329 4.5
      vertex -0.299999 2.2 4.5
      vertex -0.278622 1.87368 4.5
    endloop
  endfacet
  facet normal -0 0 1
    outer loop
      vertex -0.299999 22.8 4.5
      vertex 1.09029 22.5567 4.5
      vertex -0.278622 23.1263 4.5
    endloop
  endfacet
  facet normal 0 0 1
    outer loop
      vertex 1.63222 1.63222 4.5
      vertex 0.432223 0.432223 4.5
      vertex 0.678088 0.216601 4.5
    endloop
  endfacet
  facet normal 0 0 1
    outer loop
      vertex 1.09029 22.5567 4.5
      vertex -0.299999 22.8 4.5
      vertex 0.985174 22.247 4.5
    endloop
  endfacet
  facet normal 0 0 1
    outer loop
      vertex 1.63222 1.63222 4.5
      vertex 0.216601 0.678088 4.5
      vertex 0.432223 0.432223 4.5
    endloop
  endfacet
  facet normal 0 0 1
    outer loop
      vertex 0.985174 22.247 4.5
      vertex -0.299999 22.8 4.5
      vertex 0.921377 21.9263 4.5
    endloop
  endfacet
  facet normal 0 0 1
    outer loop
      vertex 1.4166 1.87809 4.5
      vertex 0.0349302 0.95 4.5
      vertex 0.216601 0.678088 4.5
    endloop
  endfacet
  facet normal 0 0 1
    outer loop
      vertex 0.921377 21.9263 4.5
      vertex -0.299999 22.8 4.5
      vertex 0.9 21.6 4.5
    endloop
  endfacet
  facet normal 0 0 1
    outer loop
      vertex 1.4166 1.87809 4.5
      vertex -0.109707 1.24329 4.5
      vertex 0.0349302 0.95 4.5
    endloop
  endfacet
  facet normal 0 0 1
    outer loop
      vertex 1.23493 2.15 4.5
      vertex -0.214825 1.55295 4.5
      vertex -0.109707 1.24329 4.5
    endloop
  endfacet
  facet normal 0 0 1
    outer loop
      vertex 1.23493 2.15 4.5
      vertex -0.278622 1.87368 4.5
      vertex -0.214825 1.55295 4.5
    endloop
  endfacet
  facet normal 0.980785 0.19509 0
    outer loop
      vertex -0.214825 1.55295 21.1
      vertex -0.278622 1.87368 4.5
      vertex -0.278622 1.87368 21.1
    endloop
  endfacet
  facet normal 0.980785 0.19509 0
    outer loop
      vertex -0.278622 1.87368 4.5
      vertex -0.214825 1.55295 21.1
      vertex -0.214825 1.55295 4.5
    endloop
  endfacet
  facet normal 1 0 0
    outer loop
      vertex -0.299999 22.8 21.1
      vertex -0.299999 20 16.1
      vertex -0.299999 22.8 4.5
    endloop
  endfacet
  facet normal 1 0 0
    outer loop
      vertex -0.299999 22.8 21.1
      vertex -0.299999 18 16.1
      vertex -0.299999 20 16.1
    endloop
  endfacet
  facet normal 1 0 0
    outer loop
      vertex -0.299999 18 16.1
      vertex -0.299999 16 16.1
      vertex -0.299999 18 9.1
    endloop
  endfacet
  facet normal 1 0 0
    outer loop
      vertex -0.299999 22.8 21.1
      vertex -0.299999 16 16.1
      vertex -0.299999 18 16.1
    endloop
  endfacet
  facet normal 1 0 0
    outer loop
      vertex -0.299999 22.8 21.1
      vertex -0.299999 14 16.1
      vertex -0.299999 16 16.1
    endloop
  endfacet
  facet normal 1 0 0
    outer loop
      vertex -0.299999 14 16.1
      vertex -0.299999 12 16.1
      vertex -0.299999 14 9.1
    endloop
  endfacet
  facet normal 1 0 0
    outer loop
      vertex -0.299999 22.8 21.1
      vertex -0.299999 12 16.1
      vertex -0.299999 14 16.1
    endloop
  endfacet
  facet normal 1 -0 0
    outer loop
      vertex -0.299999 2.2 21.1
      vertex -0.299999 12 16.1
      vertex -0.299999 22.8 21.1
    endloop
  endfacet
  facet normal 1 0 0
    outer loop
      vertex -0.299999 10 16.1
      vertex -0.299999 8 16.1
      vertex -0.299999 10 9.1
    endloop
  endfacet
  facet normal 1 0 0
    outer loop
      vertex -0.299999 12 16.1
      vertex -0.299999 2.2 21.1
      vertex -0.299999 10 16.1
    endloop
  endfacet
  facet normal 1 0 0
    outer loop
      vertex -0.299999 10 16.1
      vertex -0.299999 2.2 21.1
      vertex -0.299999 8 16.1
    endloop
  endfacet
  facet normal 1 0 0
    outer loop
      vertex -0.299999 2.2 4.5
      vertex -0.299999 6 16.1
      vertex -0.299999 2.2 21.1
    endloop
  endfacet
  facet normal 1 0 0
    outer loop
      vertex -0.299999 8 16.1
      vertex -0.299999 2.2 21.1
      vertex -0.299999 6 16.1
    endloop
  endfacet
  facet normal 1 -0 0
    outer loop
      vertex -0.299999 20 9.1
      vertex -0.299999 22.8 4.5
      vertex -0.299999 20 16.1
    endloop
  endfacet
  facet normal 1 -0 0
    outer loop
      vertex -0.299999 18 9.1
      vertex -0.299999 22.8 4.5
      vertex -0.299999 20 9.1
    endloop
  endfacet
  facet normal 1 0 0
    outer loop
      vertex -0.299999 16 9.1
      vertex -0.299999 18 9.1
      vertex -0.299999 16 16.1
    endloop
  endfacet
  facet normal 1 -0 0
    outer loop
      vertex -0.299999 16 9.1
      vertex -0.299999 22.8 4.5
      vertex -0.299999 18 9.1
    endloop
  endfacet
  facet normal 1 -0 0
    outer loop
      vertex -0.299999 14 9.1
      vertex -0.299999 22.8 4.5
      vertex -0.299999 16 9.1
    endloop
  endfacet
  facet normal 1 0 0
    outer loop
      vertex -0.299999 12 9.1
      vertex -0.299999 14 9.1
      vertex -0.299999 12 16.1
    endloop
  endfacet
  facet normal 1 -0 0
    outer loop
      vertex -0.299999 12 9.1
      vertex -0.299999 22.8 4.5
      vertex -0.299999 14 9.1
    endloop
  endfacet
  facet normal 1 0 0
    outer loop
      vertex -0.299999 2.2 4.5
      vertex -0.299999 12 9.1
      vertex -0.299999 10 9.1
    endloop
  endfacet
  facet normal 1 0 0
    outer loop
      vertex -0.299999 8 9.1
      vertex -0.299999 10 9.1
      vertex -0.299999 8 16.1
    endloop
  endfacet
  facet normal 1 0 0
    outer loop
      vertex -0.299999 2.2 4.5
      vertex -0.299999 10 9.1
      vertex -0.299999 8 9.1
    endloop
  endfacet
  facet normal 1 0 0
    outer loop
      vertex -0.299999 2.2 4.5
      vertex -0.299999 8 9.1
      vertex -0.299999 6 9.1
    endloop
  endfacet
  facet normal 1 0 0
    outer loop
      vertex -0.299999 12 9.1
      vertex -0.299999 2.2 4.5
      vertex -0.299999 22.8 4.5
    endloop
  endfacet
  facet normal 1 0 0
    outer loop
      vertex -0.299999 6 16.1
      vertex -0.299999 2.2 4.5
      vertex -0.299999 6 9.1
    endloop
  endfacet
  facet normal -0.997856 -0.0654432 0
    outer loop
      vertex 73.17 22.8 4.5
      vertex 73.1486 23.1263 21.1
      vertex 73.1486 23.1263 4.5
    endloop
  endfacet
  facet normal -0.997856 -0.0654432 0
    outer loop
      vertex 73.1486 23.1263 21.1
      vertex 73.17 22.8 4.5
      vertex 73.17 22.8 21.1
    endloop
  endfacet
  facet normal 0.997861 0.0653692 0
    outer loop
      vertex -0.278622 1.87368 21.1
      vertex -0.299999 2.2 4.5
      vertex -0.299999 2.2 21.1
    endloop
  endfacet
  facet normal 0.997861 0.0653692 0
    outer loop
      vertex -0.299999 2.2 4.5
      vertex -0.278622 1.87368 21.1
      vertex -0.278622 1.87368 4.5
    endloop
  endfacet
  facet normal 0.195099 -0.980784 0
    outer loop
      vertex 1.55295 25.2148 4.5
      vertex 1.87368 25.2786 21.1
      vertex 1.55295 25.2148 21.1
    endloop
  endfacet
  facet normal 0.195099 -0.980784 0
    outer loop
      vertex 1.87368 25.2786 21.1
      vertex 1.55295 25.2148 4.5
      vertex 1.87368 25.2786 4.5
    endloop
  endfacet
  facet normal 0.980782 -0.195107 0
    outer loop
      vertex -0.278622 23.1263 21.1
      vertex -0.214825 23.447 4.5
      vertex -0.214825 23.447 21.1
    endloop
  endfacet
  facet normal 0.980782 -0.195107 0
    outer loop
      vertex -0.214825 23.447 4.5
      vertex -0.278622 23.1263 21.1
      vertex -0.278622 23.1263 4.5
    endloop
  endfacet
  facet normal -0.0654432 -0.997856 0
    outer loop
      vertex 70.67 25.3 4.5
      vertex 70.9963 25.2786 17.3
      vertex 70.67 25.3 17.3
    endloop
  endfacet
  facet normal -0.0654432 -0.997856 -0
    outer loop
      vertex 70.9963 25.2786 17.3
      vertex 70.67 25.3 4.5
      vertex 70.9963 25.2786 4.5
    endloop
  endfacet
  facet normal -0.0654432 -0.997856 0
    outer loop
      vertex 70.67 25.3 19.5
      vertex 70.9963 25.2786 21.1
      vertex 70.67 25.3 21.1
    endloop
  endfacet
  facet normal -0.0654432 -0.997856 -0
    outer loop
      vertex 70.9963 25.2786 21.1
      vertex 70.67 25.3 19.5
      vertex 70.9963 25.2786 19.5
    endloop
  endfacet
  facet normal 0 -1 0
    outer loop
      vertex 2.2 25.3 21.1
      vertex 22.5 25.3 19.5
      vertex 37.09 25.3 21.1
    endloop
  endfacet
  facet normal 0 -1 0
    outer loop
      vertex 2.2 25.3 21.1
      vertex 22.5 25.3 17.3
      vertex 22.5 25.3 19.5
    endloop
  endfacet
  facet normal 0 -1 0
    outer loop
      vertex 22.5 25.3 17.3
      vertex 37.09 25.3 15.1
      vertex 32.5 25.3 17.3
    endloop
  endfacet
  facet normal 0 -1 0
    outer loop
      vertex 70.67 25.3 4.5
      vertex 45.09 25.3 15.1
      vertex 37.09 25.3 15.1
    endloop
  endfacet
  facet normal 0 -1 0
    outer loop
      vertex 45.09 25.3 15.1
      vertex 70.67 25.3 4.5
      vertex 50.67 25.3 15.1
    endloop
  endfacet
  facet normal 0 -1 0
    outer loop
      vertex 70.67 25.3 4.5
      vertex 37.09 25.3 15.1
      vertex 2.2 25.3 4.5
    endloop
  endfacet
  facet normal 0 -1 -0
    outer loop
      vertex 22.5 25.3 17.3
      vertex 2.2 25.3 4.5
      vertex 37.09 25.3 15.1
    endloop
  endfacet
  facet normal 0 -1 0
    outer loop
      vertex 2.2 25.3 4.5
      vertex 22.5 25.3 17.3
      vertex 2.2 25.3 21.1
    endloop
  endfacet
  facet normal 0 -1 0
    outer loop
      vertex 32.5 25.3 19.5
      vertex 37.09 25.3 21.1
      vertex 22.5 25.3 19.5
    endloop
  endfacet
  facet normal 0 -1 0
    outer loop
      vertex 32.5 25.3 17.3
      vertex 37.09 25.3 21.1
      vertex 32.5 25.3 19.5
    endloop
  endfacet
  facet normal 0 -1 -0
    outer loop
      vertex 37.09 25.3 21.1
      vertex 32.5 25.3 17.3
      vertex 37.09 25.3 15.1
    endloop
  endfacet
  facet normal 0 -1 0
    outer loop
      vertex 45.09 25.3 15.1
      vertex 50.67 25.3 21.1
      vertex 45.09 25.3 21.1
    endloop
  endfacet
  facet normal 0 -1 -0
    outer loop
      vertex 50.67 25.3 21.1
      vertex 45.09 25.3 15.1
      vertex 50.67 25.3 15.1
    endloop
  endfacet
  facet normal 0 -1 0
    outer loop
      vertex 58.67 25.3 21.1
      vertex 62 25.3 19.5
      vertex 70.67 25.3 21.1
    endloop
  endfacet
  facet normal 0 -1 0
    outer loop
      vertex 58.67 25.3 21.1
      vertex 62 25.3 17.3
      vertex 62 25.3 19.5
    endloop
  endfacet
  facet normal 0 -1 0
    outer loop
      vertex 58.67 25.3 15.1
      vertex 62 25.3 17.3
      vertex 58.67 25.3 21.1
    endloop
  endfacet
  facet normal 0 -1 0
    outer loop
      vertex 70.67 25.3 4.5
      vertex 62 25.3 17.3
      vertex 58.67 25.3 15.1
    endloop
  endfacet
  facet normal 0 -1 0
    outer loop
      vertex 50.67 25.3 15.1
      vertex 70.67 25.3 4.5
      vertex 58.67 25.3 15.1
    endloop
  endfacet
  facet normal 0 -1 0
    outer loop
      vertex 62 25.3 17.3
      vertex 70.67 25.3 4.5
      vertex 70.67 25.3 17.3
    endloop
  endfacet
  facet normal 0 -1 -0
    outer loop
      vertex 70.67 25.3 21.1
      vertex 62 25.3 19.5
      vertex 70.67 25.3 19.5
    endloop
  endfacet
  facet normal 0.997861 -0.0653732 0
    outer loop
      vertex -0.299999 22.8 21.1
      vertex -0.278622 23.1263 4.5
      vertex -0.278622 23.1263 21.1
    endloop
  endfacet
  facet normal 0.997861 -0.0653732 0
    outer loop
      vertex -0.278622 23.1263 4.5
      vertex -0.299999 22.8 21.1
      vertex -0.299999 22.8 4.5
    endloop
  endfacet
  facet normal -0.980784 0.195099 0
    outer loop
      vertex 73.0848 1.55295 4.5
      vertex 73.1486 1.87368 21.1
      vertex 73.1486 1.87368 4.5
    endloop
  endfacet
  facet normal -0.980784 0.195099 0
    outer loop
      vertex 73.1486 1.87368 21.1
      vertex 73.0848 1.55295 4.5
      vertex 73.0848 1.55295 21.1
    endloop
  endfacet
  facet normal 0 1 -0
    outer loop
      vertex 70.67 -0.299999 4.5
      vertex 62 -0.299999 17.3
      vertex 70.67 -0.299999 17.3
    endloop
  endfacet
  facet normal 0 1 0
    outer loop
      vertex 70.67 -0.299999 4.5
      vertex 50.86 -0.299999 15.1
      vertex 58.86 -0.299999 15.1
    endloop
  endfacet
  facet normal 0 1 0
    outer loop
      vertex 50.86 -0.299999 15.1
      vertex 70.67 -0.299999 4.5
      vertex 45.44 -0.299999 15.1
    endloop
  endfacet
  facet normal 0 1 0
    outer loop
      vertex 45.44 -0.299999 15.1
      vertex 70.67 -0.299999 4.5
      vertex 37.44 -0.299999 15.1
    endloop
  endfacet
  facet normal 0 1 0
    outer loop
      vertex 37.44 -0.299999 15.1
      vertex 2.2 -0.299999 4.5
      vertex 17.17 -0.299999 13.6
    endloop
  endfacet
  facet normal 0 1 0
    outer loop
      vertex 2.2 -0.299999 4.5
      vertex 37.44 -0.299999 15.1
      vertex 70.67 -0.299999 4.5
    endloop
  endfacet
  facet normal 0 1 0
    outer loop
      vertex 62 -0.299999 17.3
      vertex 70.67 -0.299999 4.5
      vertex 58.86 -0.299999 15.1
    endloop
  endfacet
  facet normal 0 1 0
    outer loop
      vertex 62 -0.299999 19.5
      vertex 70.67 -0.299999 21.1
      vertex 70.67 -0.299999 19.5
    endloop
  endfacet
  facet normal 0 1 0
    outer loop
      vertex 70.67 -0.299999 21.1
      vertex 62 -0.299999 19.5
      vertex 58.86 -0.299999 21.1
    endloop
  endfacet
  facet normal 0 1 -0
    outer loop
      vertex 62 -0.299999 17.3
      vertex 58.86 -0.299999 21.1
      vertex 62 -0.299999 19.5
    endloop
  endfacet
  facet normal 0 1 0
    outer loop
      vertex 58.86 -0.299999 21.1
      vertex 62 -0.299999 17.3
      vertex 58.86 -0.299999 15.1
    endloop
  endfacet
  facet normal 0 1 -0
    outer loop
      vertex 50.86 -0.299999 15.1
      vertex 45.44 -0.299999 21.1
      vertex 50.86 -0.299999 21.1
    endloop
  endfacet
  facet normal 0 1 0
    outer loop
      vertex 45.44 -0.299999 21.1
      vertex 50.86 -0.299999 15.1
      vertex 45.44 -0.299999 15.1
    endloop
  endfacet
  facet normal 0 1 -0
    outer loop
      vertex 4.17 -0.299999 13.6
      vertex 2.2 -0.299999 21.1
      vertex 4.17 -0.299999 21.1
    endloop
  endfacet
  facet normal 0 1 0
    outer loop
      vertex 4.17 -0.299999 13.6
      vertex 2.2 -0.299999 4.5
      vertex 2.2 -0.299999 21.1
    endloop
  endfacet
  facet normal 0 1 0
    outer loop
      vertex 17.17 -0.299999 13.6
      vertex 2.2 -0.299999 4.5
      vertex 4.17 -0.299999 13.6
    endloop
  endfacet
  facet normal 0 1 0
    outer loop
      vertex 22.5 -0.299999 19.5
      vertex 37.44 -0.299999 21.1
      vertex 32.5 -0.299999 19.5
    endloop
  endfacet
  facet normal 0 1 0
    outer loop
      vertex 37.44 -0.299999 21.1
      vertex 32.5 -0.299999 17.3
      vertex 32.5 -0.299999 19.5
    endloop
  endfacet
  facet normal 0 1 0
    outer loop
      vertex 17.17 -0.299999 13.6
      vertex 32.5 -0.299999 17.3
      vertex 37.44 -0.299999 15.1
    endloop
  endfacet
  facet normal 0 1 -0
    outer loop
      vertex 37.44 -0.299999 15.1
      vertex 32.5 -0.299999 17.3
      vertex 37.44 -0.299999 21.1
    endloop
  endfacet
  facet normal 0 1 0
    outer loop
      vertex 37.44 -0.299999 21.1
      vertex 22.5 -0.299999 19.5
      vertex 17.17 -0.299999 21.1
    endloop
  endfacet
  facet normal 0 1 -0
    outer loop
      vertex 22.5 -0.299999 17.3
      vertex 17.17 -0.299999 21.1
      vertex 22.5 -0.299999 19.5
    endloop
  endfacet
  facet normal 0 1 0
    outer loop
      vertex 22.5 -0.299999 17.3
      vertex 17.17 -0.299999 13.6
      vertex 17.17 -0.299999 21.1
    endloop
  endfacet
  facet normal 0 1 0
    outer loop
      vertex 32.5 -0.299999 17.3
      vertex 17.17 -0.299999 13.6
      vertex 22.5 -0.299999 17.3
    endloop
  endfacet
  facet normal -0.659262 -0.751913 0
    outer loop
      vertex 72.1919 24.7834 4.5
      vertex 72.4378 24.5678 21.1
      vertex 72.1919 24.7834 21.1
    endloop
  endfacet
  facet normal -0.659262 -0.751913 -0
    outer loop
      vertex 72.4378 24.5678 21.1
      vertex 72.1919 24.7834 4.5
      vertex 72.4378 24.5678 4.5
    endloop
  endfacet
  facet normal 0.0654392 -0.997857 0
    outer loop
      vertex 1.87368 25.2786 4.5
      vertex 2.2 25.3 21.1
      vertex 1.87368 25.2786 21.1
    endloop
  endfacet
  facet normal 0.0654392 -0.997857 0
    outer loop
      vertex 2.2 25.3 21.1
      vertex 1.87368 25.2786 4.5
      vertex 2.2 25.3 4.5
    endloop
  endfacet
  facet normal 0.75188 -0.6593 0
    outer loop
      vertex 0.216601 24.3219 21.1
      vertex 0.432223 24.5678 4.5
      vertex 0.432223 24.5678 21.1
    endloop
  endfacet
  facet normal 0.75188 -0.6593 0
    outer loop
      vertex 0.432223 24.5678 4.5
      vertex 0.216601 24.3219 21.1
      vertex 0.216601 24.3219 4.5
    endloop
  endfacet
  facet normal -0.997857 0.0654392 0
    outer loop
      vertex 73.1486 1.87368 4.5
      vertex 73.17 2.2 21.1
      vertex 73.17 2.2 4.5
    endloop
  endfacet
  facet normal -0.997857 0.0654392 0
    outer loop
      vertex 73.17 2.2 21.1
      vertex 73.1486 1.87368 4.5
      vertex 73.1486 1.87368 21.1
    endloop
  endfacet
  facet normal -0.0653732 0.997861 0
    outer loop
      vertex 70.9963 -0.278622 4.5
      vertex 70.67 -0.299999 17.3
      vertex 70.9963 -0.278622 17.3
    endloop
  endfacet
  facet normal -0.0653732 0.997861 0
    outer loop
      vertex 70.67 -0.299999 17.3
      vertex 70.9963 -0.278622 4.5
      vertex 70.67 -0.299999 4.5
    endloop
  endfacet
  facet normal -0.0653732 0.997861 0
    outer loop
      vertex 70.9963 -0.278622 19.5
      vertex 70.67 -0.299999 21.1
      vertex 70.9963 -0.278622 21.1
    endloop
  endfacet
  facet normal -0.0653732 0.997861 0
    outer loop
      vertex 70.67 -0.299999 21.1
      vertex 70.9963 -0.278622 19.5
      vertex 70.67 -0.299999 19.5
    endloop
  endfacet
  facet normal -0.896921 -0.442191 0
    outer loop
      vertex 72.9797 23.7567 4.5
      vertex 72.8351 24.05 21.1
      vertex 72.8351 24.05 4.5
    endloop
  endfacet
  facet normal -0.896921 -0.442191 0
    outer loop
      vertex 72.8351 24.05 21.1
      vertex 72.9797 23.7567 4.5
      vertex 72.9797 23.7567 21.1
    endloop
  endfacet
  facet normal -0.831438 -0.555617 0
    outer loop
      vertex 72.8351 24.05 4.5
      vertex 72.6534 24.3219 21.1
      vertex 72.6534 24.3219 4.5
    endloop
  endfacet
  facet normal -0.831438 -0.555617 0
    outer loop
      vertex 72.6534 24.3219 21.1
      vertex 72.8351 24.05 4.5
      vertex 72.8351 24.05 21.1
    endloop
  endfacet
  facet normal -0.442191 -0.896921 0
    outer loop
      vertex 71.6267 25.1097 4.5
      vertex 71.92 24.9651 17.3
      vertex 71.6267 25.1097 17.3
    endloop
  endfacet
  facet normal -0.442191 -0.896921 -0
    outer loop
      vertex 71.92 24.9651 17.3
      vertex 71.6267 25.1097 4.5
      vertex 71.92 24.9651 4.5
    endloop
  endfacet
  facet normal -0.442191 -0.896921 0
    outer loop
      vertex 71.6267 25.1097 19.5
      vertex 71.92 24.9651 21.1
      vertex 71.6267 25.1097 21.1
    endloop
  endfacet
  facet normal -0.442191 -0.896921 -0
    outer loop
      vertex 71.92 24.9651 21.1
      vertex 71.6267 25.1097 19.5
      vertex 71.92 24.9651 19.5
    endloop
  endfacet
  facet normal -0.555899 -0.83125 -0
    outer loop
      vertex 71.92 24.9651 17.3
      vertex 71.92 24.9651 4.5
      vertex 72 24.9116 17.3
    endloop
  endfacet
  facet normal -0.555899 -0.83125 0
    outer loop
      vertex 72 24.9116 19.5
      vertex 71.92 24.9651 21.1
      vertex 71.92 24.9651 19.5
    endloop
  endfacet
  facet normal -0.555617 -0.831438 2.0354e-05
    outer loop
      vertex 71.92 24.9651 21.1
      vertex 72 24.9116 19.5
      vertex 72.1919 24.7834 21.1
    endloop
  endfacet
  facet normal -0.5555 -0.831517 0
    outer loop
      vertex 72 24.9116 17.3
      vertex 72.1919 24.7834 21.1
      vertex 72 24.9116 19.5
    endloop
  endfacet
  facet normal -0.555617 -0.831438 -2.54425e-06
    outer loop
      vertex 72.1919 24.7834 4.5
      vertex 72 24.9116 17.3
      vertex 71.92 24.9651 4.5
    endloop
  endfacet
  facet normal -0.5555 -0.831517 0
    outer loop
      vertex 72 24.9116 17.3
      vertex 72.1919 24.7834 4.5
      vertex 72.1919 24.7834 21.1
    endloop
  endfacet
  facet normal 0.442204 -0.896915 0
    outer loop
      vertex 0.95 24.9651 4.5
      vertex 1.24329 25.1097 21.1
      vertex 0.95 24.9651 21.1
    endloop
  endfacet
  facet normal 0.442204 -0.896915 0
    outer loop
      vertex 1.24329 25.1097 21.1
      vertex 0.95 24.9651 4.5
      vertex 1.24329 25.1097 4.5
    endloop
  endfacet
  facet normal 0.321397 -0.946944 0
    outer loop
      vertex 1.24329 25.1097 4.5
      vertex 1.55295 25.2148 21.1
      vertex 1.24329 25.1097 21.1
    endloop
  endfacet
  facet normal 0.321397 -0.946944 0
    outer loop
      vertex 1.55295 25.2148 21.1
      vertex 1.24329 25.1097 4.5
      vertex 1.55295 25.2148 4.5
    endloop
  endfacet
  facet normal 0.5556 -0.83145 0
    outer loop
      vertex 0.678088 24.7834 4.5
      vertex 0.95 24.9651 21.1
      vertex 0.678088 24.7834 21.1
    endloop
  endfacet
  facet normal 0.5556 -0.83145 0
    outer loop
      vertex 0.95 24.9651 21.1
      vertex 0.678088 24.7834 4.5
      vertex 0.95 24.9651 4.5
    endloop
  endfacet
  facet normal 0.896876 -0.442283 0
    outer loop
      vertex -0.109707 23.7567 21.1
      vertex 0.0349302 24.05 4.5
      vertex 0.0349302 24.05 21.1
    endloop
  endfacet
  facet normal 0.896876 -0.442283 0
    outer loop
      vertex 0.0349302 24.05 4.5
      vertex -0.109707 23.7567 21.1
      vertex -0.109707 23.7567 4.5
    endloop
  endfacet
  facet normal 0.94694 -0.321409 0
    outer loop
      vertex -0.214825 23.447 21.1
      vertex -0.109707 23.7567 4.5
      vertex -0.109707 23.7567 21.1
    endloop
  endfacet
  facet normal 0.94694 -0.321409 0
    outer loop
      vertex -0.109707 23.7567 4.5
      vertex -0.214825 23.447 21.1
      vertex -0.214825 23.447 4.5
    endloop
  endfacet
  facet normal 0.831479 -0.555555 0
    outer loop
      vertex 0.0349302 24.05 21.1
      vertex 0.216601 24.3219 4.5
      vertex 0.216601 24.3219 21.1
    endloop
  endfacet
  facet normal 0.831479 -0.555555 0
    outer loop
      vertex 0.216601 24.3219 4.5
      vertex 0.0349302 24.05 21.1
      vertex 0.0349302 24.05 4.5
    endloop
  endfacet
  facet normal -0.321409 0.94694 0
    outer loop
      vertex 71.6267 -0.109707 4.5
      vertex 71.317 -0.214825 17.3
      vertex 71.6267 -0.109707 17.3
    endloop
  endfacet
  facet normal -0.321409 0.94694 0
    outer loop
      vertex 71.317 -0.214825 17.3
      vertex 71.6267 -0.109707 4.5
      vertex 71.317 -0.214825 4.5
    endloop
  endfacet
  facet normal -0.321409 0.94694 0
    outer loop
      vertex 71.6267 -0.109707 19.5
      vertex 71.317 -0.214825 21.1
      vertex 71.6267 -0.109707 21.1
    endloop
  endfacet
  facet normal -0.321409 0.94694 0
    outer loop
      vertex 71.317 -0.214825 21.1
      vertex 71.6267 -0.109707 19.5
      vertex 71.317 -0.214825 19.5
    endloop
  endfacet
  facet normal -0.555555 0.831479 3.82491e-06
    outer loop
      vertex 72.1919 0.216601 21.1
      vertex 72 0.0883898 19.5
      vertex 71.92 0.0349302 21.1
    endloop
  endfacet
  facet normal -0.555533 0.831494 0
    outer loop
      vertex 72.1919 0.216601 21.1
      vertex 72 0.0883898 17.3
      vertex 72 0.0883898 19.5
    endloop
  endfacet
  facet normal -0.555533 0.831494 0
    outer loop
      vertex 72.1919 0.216601 4.5
      vertex 72 0.0883898 17.3
      vertex 72.1919 0.216601 21.1
    endloop
  endfacet
  facet normal -0.555555 0.831479 -4.78114e-07
    outer loop
      vertex 71.92 0.0349302 4.5
      vertex 72 0.0883898 17.3
      vertex 72.1919 0.216601 4.5
    endloop
  endfacet
  facet normal -0.555608 0.831444 0
    outer loop
      vertex 72 0.0883898 17.3
      vertex 71.92 0.0349302 4.5
      vertex 71.92 0.0349302 17.3
    endloop
  endfacet
  facet normal -0.555608 0.831444 0
    outer loop
      vertex 71.92 0.0349302 21.1
      vertex 72 0.0883898 19.5
      vertex 71.92 0.0349302 19.5
    endloop
  endfacet
  facet normal -0.946944 0.321397 0
    outer loop
      vertex 72.9797 1.24329 4.5
      vertex 73.0848 1.55295 21.1
      vertex 73.0848 1.55295 4.5
    endloop
  endfacet
  facet normal -0.946944 0.321397 0
    outer loop
      vertex 73.0848 1.55295 21.1
      vertex 72.9797 1.24329 4.5
      vertex 72.9797 1.24329 21.1
    endloop
  endfacet
  facet normal -1 0 0
    outer loop
      vertex 73.17 18.545 17.7
      vertex 73.17 22.8 4.5
      vertex 73.17 18.545 5.5
    endloop
  endfacet
  facet normal -1 0 0
    outer loop
      vertex 73.17 2.2 4.5
      vertex 73.17 18.545 5.5
      vertex 73.17 22.8 4.5
    endloop
  endfacet
  facet normal -1 -0 0
    outer loop
      vertex 73.17 5.955 5.5
      vertex 73.17 2.2 4.5
      vertex 73.17 5.955 17.7
    endloop
  endfacet
  facet normal -1 -0 0
    outer loop
      vertex 73.17 18.545 5.5
      vertex 73.17 2.2 4.5
      vertex 73.17 5.955 5.5
    endloop
  endfacet
  facet normal -1 0 0
    outer loop
      vertex 73.17 22.8 4.5
      vertex 73.17 18.545 17.7
      vertex 73.17 22.8 21.1
    endloop
  endfacet
  facet normal -1 0 0
    outer loop
      vertex 73.17 2.2 21.1
      vertex 73.17 18.545 17.7
      vertex 73.17 5.955 17.7
    endloop
  endfacet
  facet normal -1 0 0
    outer loop
      vertex 73.17 18.545 17.7
      vertex 73.17 2.2 21.1
      vertex 73.17 22.8 21.1
    endloop
  endfacet
  facet normal -1 0 0
    outer loop
      vertex 73.17 2.2 21.1
      vertex 73.17 5.955 17.7
      vertex 73.17 2.2 4.5
    endloop
  endfacet
  facet normal -0.195107 0.980782 0
    outer loop
      vertex 71.317 -0.214825 4.5
      vertex 70.9963 -0.278622 17.3
      vertex 71.317 -0.214825 17.3
    endloop
  endfacet
  facet normal -0.195107 0.980782 0
    outer loop
      vertex 70.9963 -0.278622 17.3
      vertex 71.317 -0.214825 4.5
      vertex 70.9963 -0.278622 4.5
    endloop
  endfacet
  facet normal -0.195107 0.980782 0
    outer loop
      vertex 71.317 -0.214825 19.5
      vertex 70.9963 -0.278622 21.1
      vertex 71.317 -0.214825 21.1
    endloop
  endfacet
  facet normal -0.195107 0.980782 0
    outer loop
      vertex 70.9963 -0.278622 21.1
      vertex 71.317 -0.214825 19.5
      vertex 70.9963 -0.278622 19.5
    endloop
  endfacet
  facet normal 0.19509 0.980785 -0
    outer loop
      vertex 1.87368 -0.278622 4.5
      vertex 1.55295 -0.214825 21.1
      vertex 1.87368 -0.278622 21.1
    endloop
  endfacet
  facet normal 0.19509 0.980785 0
    outer loop
      vertex 1.55295 -0.214825 21.1
      vertex 1.87368 -0.278622 4.5
      vertex 1.55295 -0.214825 4.5
    endloop
  endfacet
  facet normal 0.751833 0.659353 0
    outer loop
      vertex 0.432223 0.432223 21.1
      vertex 0.216601 0.678088 4.5
      vertex 0.216601 0.678088 21.1
    endloop
  endfacet
  facet normal 0.751833 0.659353 0
    outer loop
      vertex 0.216601 0.678088 4.5
      vertex 0.432223 0.432223 21.1
      vertex 0.432223 0.432223 4.5
    endloop
  endfacet
  facet normal 0.946928 0.321447 0
    outer loop
      vertex -0.109707 1.24329 21.1
      vertex -0.214825 1.55295 4.5
      vertex -0.214825 1.55295 21.1
    endloop
  endfacet
  facet normal 0.946928 0.321447 0
    outer loop
      vertex -0.214825 1.55295 4.5
      vertex -0.109707 1.24329 21.1
      vertex -0.109707 1.24329 4.5
    endloop
  endfacet
  facet normal -0.946957 -0.32136 0
    outer loop
      vertex 73.0848 23.447 4.5
      vertex 72.9797 23.7567 21.1
      vertex 72.9797 23.7567 4.5
    endloop
  endfacet
  facet normal -0.946957 -0.32136 0
    outer loop
      vertex 72.9797 23.7567 21.1
      vertex 73.0848 23.447 4.5
      vertex 73.0848 23.447 21.1
    endloop
  endfacet
  facet normal -0.98078 -0.195116 0
    outer loop
      vertex 73.1486 23.1263 4.5
      vertex 73.0848 23.447 21.1
      vertex 73.0848 23.447 4.5
    endloop
  endfacet
  facet normal -0.98078 -0.195116 0
    outer loop
      vertex 73.0848 23.447 21.1
      vertex 73.1486 23.1263 4.5
      vertex 73.1486 23.1263 21.1
    endloop
  endfacet
  facet normal -0.751913 -0.659262 0
    outer loop
      vertex 72.6534 24.3219 4.5
      vertex 72.4378 24.5678 21.1
      vertex 72.4378 24.5678 4.5
    endloop
  endfacet
  facet normal -0.751913 -0.659262 0
    outer loop
      vertex 72.4378 24.5678 21.1
      vertex 72.6534 24.3219 4.5
      vertex 72.6534 24.3219 21.1
    endloop
  endfacet
  facet normal -0.32136 -0.946957 0
    outer loop
      vertex 71.317 25.2148 4.5
      vertex 71.6267 25.1097 17.3
      vertex 71.317 25.2148 17.3
    endloop
  endfacet
  facet normal -0.32136 -0.946957 -0
    outer loop
      vertex 71.6267 25.1097 17.3
      vertex 71.317 25.2148 4.5
      vertex 71.6267 25.1097 4.5
    endloop
  endfacet
  facet normal -0.32136 -0.946957 0
    outer loop
      vertex 71.317 25.2148 19.5
      vertex 71.6267 25.1097 21.1
      vertex 71.317 25.2148 21.1
    endloop
  endfacet
  facet normal -0.32136 -0.946957 -0
    outer loop
      vertex 71.6267 25.1097 21.1
      vertex 71.317 25.2148 19.5
      vertex 71.6267 25.1097 19.5
    endloop
  endfacet
  facet normal -0.195116 -0.98078 0
    outer loop
      vertex 70.9963 25.2786 4.5
      vertex 71.317 25.2148 17.3
      vertex 70.9963 25.2786 17.3
    endloop
  endfacet
  facet normal -0.195116 -0.98078 -0
    outer loop
      vertex 71.317 25.2148 17.3
      vertex 70.9963 25.2786 4.5
      vertex 71.317 25.2148 4.5
    endloop
  endfacet
  facet normal -0.195116 -0.98078 0
    outer loop
      vertex 70.9963 25.2786 19.5
      vertex 71.317 25.2148 21.1
      vertex 70.9963 25.2786 21.1
    endloop
  endfacet
  facet normal -0.195116 -0.98078 -0
    outer loop
      vertex 71.317 25.2148 21.1
      vertex 70.9963 25.2786 19.5
      vertex 71.317 25.2148 19.5
    endloop
  endfacet
  facet normal 0.659315 -0.751867 0
    outer loop
      vertex 0.432223 24.5678 4.5
      vertex 0.678088 24.7834 21.1
      vertex 0.432223 24.5678 21.1
    endloop
  endfacet
  facet normal 0.659315 -0.751867 0
    outer loop
      vertex 0.678088 24.7834 21.1
      vertex 0.432223 24.5678 4.5
      vertex 0.678088 24.7834 4.5
    endloop
  endfacet
  facet normal -0.442283 0.896876 0
    outer loop
      vertex 71.92 0.0349302 4.5
      vertex 71.6267 -0.109707 17.3
      vertex 71.92 0.0349302 17.3
    endloop
  endfacet
  facet normal -0.442283 0.896876 0
    outer loop
      vertex 71.6267 -0.109707 17.3
      vertex 71.92 0.0349302 4.5
      vertex 71.6267 -0.109707 4.5
    endloop
  endfacet
  facet normal -0.442283 0.896876 0
    outer loop
      vertex 71.92 0.0349302 19.5
      vertex 71.6267 -0.109707 21.1
      vertex 71.92 0.0349302 21.1
    endloop
  endfacet
  facet normal -0.442283 0.896876 0
    outer loop
      vertex 71.6267 -0.109707 21.1
      vertex 71.92 0.0349302 19.5
      vertex 71.6267 -0.109707 19.5
    endloop
  endfacet
  facet normal -0.6593 0.75188 0
    outer loop
      vertex 72.4378 0.432223 4.5
      vertex 72.1919 0.216601 21.1
      vertex 72.4378 0.432223 21.1
    endloop
  endfacet
  facet normal -0.6593 0.75188 0
    outer loop
      vertex 72.1919 0.216601 21.1
      vertex 72.4378 0.432223 4.5
      vertex 72.1919 0.216601 4.5
    endloop
  endfacet
  facet normal -0.896915 0.442204 0
    outer loop
      vertex 72.8351 0.95 4.5
      vertex 72.9797 1.24329 21.1
      vertex 72.9797 1.24329 4.5
    endloop
  endfacet
  facet normal -0.896915 0.442204 0
    outer loop
      vertex 72.9797 1.24329 21.1
      vertex 72.8351 0.95 4.5
      vertex 72.8351 0.95 21.1
    endloop
  endfacet
  facet normal -0.83145 0.5556 0
    outer loop
      vertex 72.6534 0.678088 4.5
      vertex 72.8351 0.95 21.1
      vertex 72.8351 0.95 4.5
    endloop
  endfacet
  facet normal -0.83145 0.5556 0
    outer loop
      vertex 72.8351 0.95 21.1
      vertex 72.6534 0.678088 4.5
      vertex 72.6534 0.678088 21.1
    endloop
  endfacet
  facet normal -0.751867 0.659315 0
    outer loop
      vertex 72.4378 0.432223 4.5
      vertex 72.6534 0.678088 21.1
      vertex 72.6534 0.678088 4.5
    endloop
  endfacet
  facet normal -0.751867 0.659315 0
    outer loop
      vertex 72.6534 0.678088 21.1
      vertex 72.4378 0.432223 4.5
      vertex 72.4378 0.432223 21.1
    endloop
  endfacet
  facet normal 0.321447 0.946928 -0
    outer loop
      vertex 1.55295 -0.214825 4.5
      vertex 1.24329 -0.109707 21.1
      vertex 1.55295 -0.214825 21.1
    endloop
  endfacet
  facet normal 0.321447 0.946928 0
    outer loop
      vertex 1.24329 -0.109707 21.1
      vertex 1.55295 -0.214825 4.5
      vertex 1.24329 -0.109707 4.5
    endloop
  endfacet
  facet normal 0.555539 0.831491 -0
    outer loop
      vertex 0.95 0.0349302 4.5
      vertex 0.678088 0.216601 21.1
      vertex 0.95 0.0349302 21.1
    endloop
  endfacet
  facet normal 0.555539 0.831491 0
    outer loop
      vertex 0.678088 0.216601 21.1
      vertex 0.95 0.0349302 4.5
      vertex 0.678088 0.216601 4.5
    endloop
  endfacet
  facet normal 0.442295 0.89687 -0
    outer loop
      vertex 1.24329 -0.109707 4.5
      vertex 0.95 0.0349302 21.1
      vertex 1.24329 -0.109707 21.1
    endloop
  endfacet
  facet normal 0.442295 0.89687 0
    outer loop
      vertex 0.95 0.0349302 21.1
      vertex 1.24329 -0.109707 4.5
      vertex 0.95 0.0349302 4.5
    endloop
  endfacet
  facet normal 0.0653692 0.997861 -0
    outer loop
      vertex 2.2 -0.299999 4.5
      vertex 1.87368 -0.278622 21.1
      vertex 2.2 -0.299999 21.1
    endloop
  endfacet
  facet normal 0.0653692 0.997861 0
    outer loop
      vertex 1.87368 -0.278622 21.1
      vertex 2.2 -0.299999 4.5
      vertex 1.87368 -0.278622 4.5
    endloop
  endfacet
  facet normal 0.659353 0.751833 -0
    outer loop
      vertex 0.678088 0.216601 4.5
      vertex 0.432223 0.432223 21.1
      vertex 0.678088 0.216601 21.1
    endloop
  endfacet
  facet normal 0.659353 0.751833 0
    outer loop
      vertex 0.432223 0.432223 21.1
      vertex 0.678088 0.216601 4.5
      vertex 0.432223 0.432223 4.5
    endloop
  endfacet
  facet normal 0.89687 0.442295 0
    outer loop
      vertex 0.0349302 0.95 21.1
      vertex -0.109707 1.24329 4.5
      vertex -0.109707 1.24329 21.1
    endloop
  endfacet
  facet normal 0.89687 0.442295 0
    outer loop
      vertex -0.109707 1.24329 4.5
      vertex 0.0349302 0.95 21.1
      vertex 0.0349302 0.95 4.5
    endloop
  endfacet
  facet normal 0.831491 0.555539 0
    outer loop
      vertex 0.216601 0.678088 21.1
      vertex 0.0349302 0.95 4.5
      vertex 0.0349302 0.95 21.1
    endloop
  endfacet
  facet normal 0.831491 0.555539 0
    outer loop
      vertex 0.0349302 0.95 4.5
      vertex 0.216601 0.678088 21.1
      vertex 0.216601 0.678088 4.5
    endloop
  endfacet
  facet normal 0 0 1
    outer loop
      vertex 69.47 24.1 2
      vertex 71.97 21.6 2
      vertex 71.9486 21.9263 2
    endloop
  endfacet
  facet normal 0 0 1
    outer loop
      vertex 71.97 21.6 2
      vertex 69.47 24.1 2
      vertex 71.97 3.4 2
    endloop
  endfacet
  facet normal 0 0 1
    outer loop
      vertex 69.47 24.1 2
      vertex 71.9486 21.9263 2
      vertex 71.8848 22.247 2
    endloop
  endfacet
  facet normal 0 0 1
    outer loop
      vertex 69.47 0.9 2
      vertex 71.97 3.4 2
      vertex 69.47 24.1 2
    endloop
  endfacet
  facet normal 0 0 1
    outer loop
      vertex 69.47 24.1 2
      vertex 71.8848 22.247 2
      vertex 71.7797 22.5567 2
    endloop
  endfacet
  facet normal 0 0 1
    outer loop
      vertex 71.97 3.4 2
      vertex 69.47 0.9 2
      vertex 71.9486 3.07368 2
    endloop
  endfacet
  facet normal 0 0 1
    outer loop
      vertex 69.47 24.1 2
      vertex 71.7797 22.5567 2
      vertex 71.6351 22.85 2
    endloop
  endfacet
  facet normal 0 0 1
    outer loop
      vertex 71.9486 3.07368 2
      vertex 69.47 0.9 2
      vertex 71.8848 2.75295 2
    endloop
  endfacet
  facet normal 0 0 1
    outer loop
      vertex 69.47 24.1 2
      vertex 71.6351 22.85 2
      vertex 71.4534 23.1219 2
    endloop
  endfacet
  facet normal 0 0 1
    outer loop
      vertex 71.8848 2.75295 2
      vertex 69.47 0.9 2
      vertex 71.7797 2.44329 2
    endloop
  endfacet
  facet normal 0 0 1
    outer loop
      vertex 69.47 24.1 2
      vertex 71.4534 23.1219 2
      vertex 71.2378 23.3678 2
    endloop
  endfacet
  facet normal 0 0 1
    outer loop
      vertex 71.7797 2.44329 2
      vertex 69.47 0.9 2
      vertex 71.6351 2.15 2
    endloop
  endfacet
  facet normal 0 0 1
    outer loop
      vertex 69.47 24.1 2
      vertex 71.2378 23.3678 2
      vertex 70.9919 23.5834 2
    endloop
  endfacet
  facet normal 0 0 1
    outer loop
      vertex 71.6351 2.15 2
      vertex 69.47 0.9 2
      vertex 71.4534 1.87809 2
    endloop
  endfacet
  facet normal 0 0 1
    outer loop
      vertex 69.47 24.1 2
      vertex 70.9919 23.5834 2
      vertex 70.72 23.7651 2
    endloop
  endfacet
  facet normal 0 0 1
    outer loop
      vertex 71.4534 1.87809 2
      vertex 69.47 0.9 2
      vertex 71.2378 1.63222 2
    endloop
  endfacet
  facet normal 0 0 1
    outer loop
      vertex 69.47 24.1 2
      vertex 70.72 23.7651 2
      vertex 70.4267 23.9097 2
    endloop
  endfacet
  facet normal 0 0 1
    outer loop
      vertex 71.2378 1.63222 2
      vertex 69.47 0.9 2
      vertex 70.9919 1.4166 2
    endloop
  endfacet
  facet normal 0 0 1
    outer loop
      vertex 69.47 24.1 2
      vertex 70.4267 23.9097 2
      vertex 70.117 24.0148 2
    endloop
  endfacet
  facet normal 0 0 1
    outer loop
      vertex 70.9919 1.4166 2
      vertex 69.47 0.9 2
      vertex 70.72 1.23493 2
    endloop
  endfacet
  facet normal 0 0 1
    outer loop
      vertex 69.47 24.1 2
      vertex 70.117 24.0148 2
      vertex 69.7963 24.0786 2
    endloop
  endfacet
  facet normal 0 0 1
    outer loop
      vertex 70.72 1.23493 2
      vertex 69.47 0.9 2
      vertex 70.4267 1.09029 2
    endloop
  endfacet
  facet normal 0 0 1
    outer loop
      vertex 70.4267 1.09029 2
      vertex 69.47 0.9 2
      vertex 70.117 0.985174 2
    endloop
  endfacet
  facet normal 0 0 1
    outer loop
      vertex 70.117 0.985174 2
      vertex 69.47 0.9 2
      vertex 69.7963 0.921377 2
    endloop
  endfacet
  facet normal -0 0 1
    outer loop
      vertex 3.4 24.1 2
      vertex 69.47 0.9 2
      vertex 69.47 24.1 2
    endloop
  endfacet
  facet normal 0 0 1
    outer loop
      vertex 3.4 24.1 2
      vertex 3.4 0.9 2
      vertex 69.47 0.9 2
    endloop
  endfacet
  facet normal 0 0 1
    outer loop
      vertex 0.9 21.6 2
      vertex 3.4 24.1 2
      vertex 3.07368 24.0786 2
    endloop
  endfacet
  facet normal 0 0 1
    outer loop
      vertex 3.4 24.1 2
      vertex 0.9 21.6 2
      vertex 3.4 0.9 2
    endloop
  endfacet
  facet normal 0 0 1
    outer loop
      vertex 0.9 21.6 2
      vertex 3.07368 24.0786 2
      vertex 2.75295 24.0148 2
    endloop
  endfacet
  facet normal -0 0 1
    outer loop
      vertex 0.9 3.4 2
      vertex 3.4 0.9 2
      vertex 0.9 21.6 2
    endloop
  endfacet
  facet normal 0 0 1
    outer loop
      vertex 0.9 21.6 2
      vertex 2.75295 24.0148 2
      vertex 2.44329 23.9097 2
    endloop
  endfacet
  facet normal 0 0 1
    outer loop
      vertex 3.4 0.9 2
      vertex 0.9 3.4 2
      vertex 3.07368 0.921377 2
    endloop
  endfacet
  facet normal 0 0 1
    outer loop
      vertex 0.9 21.6 2
      vertex 2.44329 23.9097 2
      vertex 2.15 23.7651 2
    endloop
  endfacet
  facet normal 0 0 1
    outer loop
      vertex 3.07368 0.921377 2
      vertex 0.9 3.4 2
      vertex 2.75295 0.985174 2
    endloop
  endfacet
  facet normal 0 0 1
    outer loop
      vertex 0.9 21.6 2
      vertex 2.15 23.7651 2
      vertex 1.87809 23.5834 2
    endloop
  endfacet
  facet normal 0 0 1
    outer loop
      vertex 2.75295 0.985174 2
      vertex 0.9 3.4 2
      vertex 2.44329 1.09029 2
    endloop
  endfacet
  facet normal 0 0 1
    outer loop
      vertex 0.9 21.6 2
      vertex 1.87809 23.5834 2
      vertex 1.63222 23.3678 2
    endloop
  endfacet
  facet normal 0 0 1
    outer loop
      vertex 2.44329 1.09029 2
      vertex 0.9 3.4 2
      vertex 2.15 1.23493 2
    endloop
  endfacet
  facet normal 0 0 1
    outer loop
      vertex 0.9 21.6 2
      vertex 1.63222 23.3678 2
      vertex 1.4166 23.1219 2
    endloop
  endfacet
  facet normal 0 0 1
    outer loop
      vertex 2.15 1.23493 2
      vertex 0.9 3.4 2
      vertex 1.87809 1.4166 2
    endloop
  endfacet
  facet normal 0 0 1
    outer loop
      vertex 0.9 21.6 2
      vertex 1.4166 23.1219 2
      vertex 1.23493 22.85 2
    endloop
  endfacet
  facet normal 0 0 1
    outer loop
      vertex 1.87809 1.4166 2
      vertex 0.9 3.4 2
      vertex 1.63222 1.63222 2
    endloop
  endfacet
  facet normal 0 0 1
    outer loop
      vertex 0.9 21.6 2
      vertex 1.23493 22.85 2
      vertex 1.09029 22.5567 2
    endloop
  endfacet
  facet normal 0 0 1
    outer loop
      vertex 1.63222 1.63222 2
      vertex 0.9 3.4 2
      vertex 1.4166 1.87809 2
    endloop
  endfacet
  facet normal 0 0 1
    outer loop
      vertex 0.9 21.6 2
      vertex 1.09029 22.5567 2
      vertex 0.985174 22.247 2
    endloop
  endfacet
  facet normal 0 0 1
    outer loop
      vertex 1.4166 1.87809 2
      vertex 0.9 3.4 2
      vertex 1.23493 2.15 2
    endloop
  endfacet
  facet normal 0 0 1
    outer loop
      vertex 0.9 21.6 2
      vertex 0.985174 22.247 2
      vertex 0.921377 21.9263 2
    endloop
  endfacet
  facet normal 0 0 1
    outer loop
      vertex 1.23493 2.15 2
      vertex 0.9 3.4 2
      vertex 1.09029 2.44329 2
    endloop
  endfacet
  facet normal 0 0 1
    outer loop
      vertex 1.09029 2.44329 2
      vertex 0.9 3.4 2
      vertex 0.985174 2.75295 2
    endloop
  endfacet
  facet normal 0 0 1
    outer loop
      vertex 0.985174 2.75295 2
      vertex 0.9 3.4 2
      vertex 0.921377 3.07368 2
    endloop
  endfacet
  facet normal 0.980785 0.19509 0
    outer loop
      vertex 0.985174 2.75295 4.5
      vertex 0.921377 3.07368 2
      vertex 0.921377 3.07368 4.5
    endloop
  endfacet
  facet normal 0.980785 0.19509 0
    outer loop
      vertex 0.921377 3.07368 2
      vertex 0.985174 2.75295 4.5
      vertex 0.985174 2.75295 2
    endloop
  endfacet
  facet normal 1 -0 0
    outer loop
      vertex 0.9 3.4 4.5
      vertex 0.9 21.6 2
      vertex 0.9 21.6 4.5
    endloop
  endfacet
  facet normal 1 0 0
    outer loop
      vertex 0.9 21.6 2
      vertex 0.9 3.4 4.5
      vertex 0.9 3.4 2
    endloop
  endfacet
  facet normal -0.997856 -0.0654432 0
    outer loop
      vertex 71.97 21.6 2
      vertex 71.9486 21.9263 4.5
      vertex 71.9486 21.9263 2
    endloop
  endfacet
  facet normal -0.997856 -0.0654432 0
    outer loop
      vertex 71.9486 21.9263 4.5
      vertex 71.97 21.6 2
      vertex 71.97 21.6 4.5
    endloop
  endfacet
  facet normal 0.997861 0.0653692 0
    outer loop
      vertex 0.921377 3.07368 4.5
      vertex 0.9 3.4 2
      vertex 0.9 3.4 4.5
    endloop
  endfacet
  facet normal 0.997861 0.0653692 0
    outer loop
      vertex 0.9 3.4 2
      vertex 0.921377 3.07368 4.5
      vertex 0.921377 3.07368 2
    endloop
  endfacet
  facet normal 0.195099 -0.980784 0
    outer loop
      vertex 2.75295 24.0148 2
      vertex 3.07368 24.0786 4.5
      vertex 2.75295 24.0148 4.5
    endloop
  endfacet
  facet normal 0.195099 -0.980784 0
    outer loop
      vertex 3.07368 24.0786 4.5
      vertex 2.75295 24.0148 2
      vertex 3.07368 24.0786 2
    endloop
  endfacet
  facet normal 0.980782 -0.195107 0
    outer loop
      vertex 0.921377 21.9263 4.5
      vertex 0.985174 22.247 2
      vertex 0.985174 22.247 4.5
    endloop
  endfacet
  facet normal 0.980782 -0.195107 0
    outer loop
      vertex 0.985174 22.247 2
      vertex 0.921377 21.9263 4.5
      vertex 0.921377 21.9263 2
    endloop
  endfacet
  facet normal -0.0654432 -0.997856 0
    outer loop
      vertex 69.47 24.1 2
      vertex 69.7963 24.0786 4.5
      vertex 69.47 24.1 4.5
    endloop
  endfacet
  facet normal -0.0654432 -0.997856 -0
    outer loop
      vertex 69.7963 24.0786 4.5
      vertex 69.47 24.1 2
      vertex 69.7963 24.0786 2
    endloop
  endfacet
  facet normal 0 -1 0
    outer loop
      vertex 3.4 24.1 2
      vertex 69.47 24.1 4.5
      vertex 3.4 24.1 4.5
    endloop
  endfacet
  facet normal 0 -1 -0
    outer loop
      vertex 69.47 24.1 4.5
      vertex 3.4 24.1 2
      vertex 69.47 24.1 2
    endloop
  endfacet
  facet normal 0.997861 -0.0653732 0
    outer loop
      vertex 0.9 21.6 4.5
      vertex 0.921377 21.9263 2
      vertex 0.921377 21.9263 4.5
    endloop
  endfacet
  facet normal 0.997861 -0.0653732 0
    outer loop
      vertex 0.921377 21.9263 2
      vertex 0.9 21.6 4.5
      vertex 0.9 21.6 2
    endloop
  endfacet
  facet normal -0.980784 0.195099 0
    outer loop
      vertex 71.8848 2.75295 2
      vertex 71.9486 3.07368 4.5
      vertex 71.9486 3.07368 2
    endloop
  endfacet
  facet normal -0.980784 0.195099 0
    outer loop
      vertex 71.9486 3.07368 4.5
      vertex 71.8848 2.75295 2
      vertex 71.8848 2.75295 4.5
    endloop
  endfacet
  facet normal -0.997857 0.0654392 0
    outer loop
      vertex 71.9486 3.07368 2
      vertex 71.97 3.4 4.5
      vertex 71.97 3.4 2
    endloop
  endfacet
  facet normal -0.997857 0.0654392 0
    outer loop
      vertex 71.97 3.4 4.5
      vertex 71.9486 3.07368 2
      vertex 71.9486 3.07368 4.5
    endloop
  endfacet
  facet normal 0 1 -0
    outer loop
      vertex 69.47 0.9 2
      vertex 3.4 0.9 4.5
      vertex 69.47 0.9 4.5
    endloop
  endfacet
  facet normal 0 1 0
    outer loop
      vertex 3.4 0.9 4.5
      vertex 69.47 0.9 2
      vertex 3.4 0.9 2
    endloop
  endfacet
  facet normal -0.659262 -0.751913 0
    outer loop
      vertex 70.9919 23.5834 2
      vertex 71.2378 23.3678 4.5
      vertex 70.9919 23.5834 4.5
    endloop
  endfacet
  facet normal -0.659262 -0.751913 -0
    outer loop
      vertex 71.2378 23.3678 4.5
      vertex 70.9919 23.5834 2
      vertex 71.2378 23.3678 2
    endloop
  endfacet
  facet normal 0.0654392 -0.997857 0
    outer loop
      vertex 3.07368 24.0786 2
      vertex 3.4 24.1 4.5
      vertex 3.07368 24.0786 4.5
    endloop
  endfacet
  facet normal 0.0654392 -0.997857 0
    outer loop
      vertex 3.4 24.1 4.5
      vertex 3.07368 24.0786 2
      vertex 3.4 24.1 2
    endloop
  endfacet
  facet normal 0.751883 -0.659297 0
    outer loop
      vertex 1.4166 23.1219 4.5
      vertex 1.63222 23.3678 2
      vertex 1.63222 23.3678 4.5
    endloop
  endfacet
  facet normal 0.751883 -0.659297 0
    outer loop
      vertex 1.63222 23.3678 2
      vertex 1.4166 23.1219 4.5
      vertex 1.4166 23.1219 2
    endloop
  endfacet
  facet normal -1 0 0
    outer loop
      vertex 71.97 3.4 2
      vertex 71.97 21.6 4.5
      vertex 71.97 21.6 2
    endloop
  endfacet
  facet normal -1 -0 0
    outer loop
      vertex 71.97 21.6 4.5
      vertex 71.97 3.4 2
      vertex 71.97 3.4 4.5
    endloop
  endfacet
  facet normal -0.0653732 0.997861 0
    outer loop
      vertex 69.7963 0.921377 2
      vertex 69.47 0.9 4.5
      vertex 69.7963 0.921377 4.5
    endloop
  endfacet
  facet normal -0.0653732 0.997861 0
    outer loop
      vertex 69.47 0.9 4.5
      vertex 69.7963 0.921377 2
      vertex 69.47 0.9 2
    endloop
  endfacet
  facet normal -0.896921 -0.442191 0
    outer loop
      vertex 71.7797 22.5567 2
      vertex 71.6351 22.85 4.5
      vertex 71.6351 22.85 2
    endloop
  endfacet
  facet normal -0.896921 -0.442191 0
    outer loop
      vertex 71.6351 22.85 4.5
      vertex 71.7797 22.5567 2
      vertex 71.7797 22.5567 4.5
    endloop
  endfacet
  facet normal -0.98078 -0.195116 0
    outer loop
      vertex 71.9486 21.9263 2
      vertex 71.8848 22.247 4.5
      vertex 71.8848 22.247 2
    endloop
  endfacet
  facet normal -0.98078 -0.195116 0
    outer loop
      vertex 71.8848 22.247 4.5
      vertex 71.9486 21.9263 2
      vertex 71.9486 21.9263 4.5
    endloop
  endfacet
  facet normal -0.32136 -0.946957 0
    outer loop
      vertex 70.117 24.0148 2
      vertex 70.4267 23.9097 4.5
      vertex 70.117 24.0148 4.5
    endloop
  endfacet
  facet normal -0.32136 -0.946957 -0
    outer loop
      vertex 70.4267 23.9097 4.5
      vertex 70.117 24.0148 2
      vertex 70.4267 23.9097 2
    endloop
  endfacet
  facet normal -0.195116 -0.98078 0
    outer loop
      vertex 69.7963 24.0786 2
      vertex 70.117 24.0148 4.5
      vertex 69.7963 24.0786 4.5
    endloop
  endfacet
  facet normal -0.195116 -0.98078 -0
    outer loop
      vertex 70.117 24.0148 4.5
      vertex 69.7963 24.0786 2
      vertex 70.117 24.0148 2
    endloop
  endfacet
  facet normal -0.442191 -0.896921 0
    outer loop
      vertex 70.4267 23.9097 2
      vertex 70.72 23.7651 4.5
      vertex 70.4267 23.9097 4.5
    endloop
  endfacet
  facet normal -0.442191 -0.896921 -0
    outer loop
      vertex 70.72 23.7651 4.5
      vertex 70.4267 23.9097 2
      vertex 70.72 23.7651 2
    endloop
  endfacet
  facet normal 0.555603 -0.831448 0
    outer loop
      vertex 1.87809 23.5834 2
      vertex 2.15 23.7651 4.5
      vertex 1.87809 23.5834 4.5
    endloop
  endfacet
  facet normal 0.555603 -0.831448 0
    outer loop
      vertex 2.15 23.7651 4.5
      vertex 1.87809 23.5834 2
      vertex 2.15 23.7651 2
    endloop
  endfacet
  facet normal 0.321397 -0.946944 0
    outer loop
      vertex 2.44329 23.9097 2
      vertex 2.75295 24.0148 4.5
      vertex 2.44329 23.9097 4.5
    endloop
  endfacet
  facet normal 0.321397 -0.946944 0
    outer loop
      vertex 2.75295 24.0148 4.5
      vertex 2.44329 23.9097 2
      vertex 2.75295 24.0148 2
    endloop
  endfacet
  facet normal 0.659307 -0.751873 0
    outer loop
      vertex 1.63222 23.3678 2
      vertex 1.87809 23.5834 4.5
      vertex 1.63222 23.3678 4.5
    endloop
  endfacet
  facet normal 0.659307 -0.751873 0
    outer loop
      vertex 1.87809 23.5834 4.5
      vertex 1.63222 23.3678 2
      vertex 1.87809 23.5834 2
    endloop
  endfacet
  facet normal 0.896872 -0.44229 0
    outer loop
      vertex 1.09029 22.5567 4.5
      vertex 1.23493 22.85 2
      vertex 1.23493 22.85 4.5
    endloop
  endfacet
  facet normal 0.896872 -0.44229 0
    outer loop
      vertex 1.23493 22.85 2
      vertex 1.09029 22.5567 4.5
      vertex 1.09029 22.5567 2
    endloop
  endfacet
  facet normal 0.946942 -0.321404 0
    outer loop
      vertex 0.985174 22.247 4.5
      vertex 1.09029 22.5567 2
      vertex 1.09029 22.5567 4.5
    endloop
  endfacet
  facet normal 0.946942 -0.321404 0
    outer loop
      vertex 1.09029 22.5567 2
      vertex 0.985174 22.247 4.5
      vertex 0.985174 22.247 2
    endloop
  endfacet
  facet normal 0.831481 -0.555554 0
    outer loop
      vertex 1.23493 22.85 4.5
      vertex 1.4166 23.1219 2
      vertex 1.4166 23.1219 4.5
    endloop
  endfacet
  facet normal 0.831481 -0.555554 0
    outer loop
      vertex 1.4166 23.1219 2
      vertex 1.23493 22.85 4.5
      vertex 1.23493 22.85 2
    endloop
  endfacet
  facet normal -0.321404 0.946942 0
    outer loop
      vertex 70.4267 1.09029 2
      vertex 70.117 0.985174 4.5
      vertex 70.4267 1.09029 4.5
    endloop
  endfacet
  facet normal -0.321404 0.946942 0
    outer loop
      vertex 70.117 0.985174 4.5
      vertex 70.4267 1.09029 2
      vertex 70.117 0.985174 2
    endloop
  endfacet
  facet normal -0.659297 0.751883 0
    outer loop
      vertex 71.2378 1.63222 2
      vertex 70.9919 1.4166 4.5
      vertex 71.2378 1.63222 4.5
    endloop
  endfacet
  facet normal -0.659297 0.751883 0
    outer loop
      vertex 70.9919 1.4166 4.5
      vertex 71.2378 1.63222 2
      vertex 70.9919 1.4166 2
    endloop
  endfacet
  facet normal -0.946944 0.321397 0
    outer loop
      vertex 71.7797 2.44329 2
      vertex 71.8848 2.75295 4.5
      vertex 71.8848 2.75295 2
    endloop
  endfacet
  facet normal -0.946944 0.321397 0
    outer loop
      vertex 71.8848 2.75295 4.5
      vertex 71.7797 2.44329 2
      vertex 71.7797 2.44329 4.5
    endloop
  endfacet
  facet normal -0.831448 0.555603 0
    outer loop
      vertex 71.4534 1.87809 2
      vertex 71.6351 2.15 4.5
      vertex 71.6351 2.15 2
    endloop
  endfacet
  facet normal -0.831448 0.555603 0
    outer loop
      vertex 71.6351 2.15 4.5
      vertex 71.4534 1.87809 2
      vertex 71.4534 1.87809 4.5
    endloop
  endfacet
  facet normal -0.195107 0.980782 0
    outer loop
      vertex 70.117 0.985174 2
      vertex 69.7963 0.921377 4.5
      vertex 70.117 0.985174 4.5
    endloop
  endfacet
  facet normal -0.195107 0.980782 0
    outer loop
      vertex 69.7963 0.921377 4.5
      vertex 70.117 0.985174 2
      vertex 69.7963 0.921377 2
    endloop
  endfacet
  facet normal 0.19509 0.980785 -0
    outer loop
      vertex 3.07368 0.921377 2
      vertex 2.75295 0.985174 4.5
      vertex 3.07368 0.921377 4.5
    endloop
  endfacet
  facet normal 0.19509 0.980785 0
    outer loop
      vertex 2.75295 0.985174 4.5
      vertex 3.07368 0.921377 2
      vertex 2.75295 0.985174 2
    endloop
  endfacet
  facet normal 0.751843 0.659342 0
    outer loop
      vertex 1.63222 1.63222 4.5
      vertex 1.4166 1.87809 2
      vertex 1.4166 1.87809 4.5
    endloop
  endfacet
  facet normal 0.751843 0.659342 0
    outer loop
      vertex 1.4166 1.87809 2
      vertex 1.63222 1.63222 4.5
      vertex 1.63222 1.63222 2
    endloop
  endfacet
  facet normal 0.94693 0.321441 0
    outer loop
      vertex 1.09029 2.44329 4.5
      vertex 0.985174 2.75295 2
      vertex 0.985174 2.75295 4.5
    endloop
  endfacet
  facet normal 0.94693 0.321441 0
    outer loop
      vertex 0.985174 2.75295 2
      vertex 1.09029 2.44329 4.5
      vertex 1.09029 2.44329 2
    endloop
  endfacet
  facet normal -0.946957 -0.32136 0
    outer loop
      vertex 71.8848 22.247 2
      vertex 71.7797 22.5567 4.5
      vertex 71.7797 22.5567 2
    endloop
  endfacet
  facet normal -0.946957 -0.32136 0
    outer loop
      vertex 71.7797 22.5567 4.5
      vertex 71.8848 22.247 2
      vertex 71.8848 22.247 4.5
    endloop
  endfacet
  facet normal -0.751913 -0.659262 0
    outer loop
      vertex 71.4534 23.1219 2
      vertex 71.2378 23.3678 4.5
      vertex 71.2378 23.3678 2
    endloop
  endfacet
  facet normal -0.751913 -0.659262 0
    outer loop
      vertex 71.2378 23.3678 4.5
      vertex 71.4534 23.1219 2
      vertex 71.4534 23.1219 4.5
    endloop
  endfacet
  facet normal -0.831438 -0.555617 0
    outer loop
      vertex 71.6351 22.85 2
      vertex 71.4534 23.1219 4.5
      vertex 71.4534 23.1219 2
    endloop
  endfacet
  facet normal -0.831438 -0.555617 0
    outer loop
      vertex 71.4534 23.1219 4.5
      vertex 71.6351 22.85 2
      vertex 71.6351 22.85 4.5
    endloop
  endfacet
  facet normal -0.555617 -0.831438 0
    outer loop
      vertex 70.72 23.7651 2
      vertex 70.9919 23.5834 4.5
      vertex 70.72 23.7651 4.5
    endloop
  endfacet
  facet normal -0.555617 -0.831438 -0
    outer loop
      vertex 70.9919 23.5834 4.5
      vertex 70.72 23.7651 2
      vertex 70.9919 23.5834 2
    endloop
  endfacet
  facet normal 0.442204 -0.896915 0
    outer loop
      vertex 2.15 23.7651 2
      vertex 2.44329 23.9097 4.5
      vertex 2.15 23.7651 4.5
    endloop
  endfacet
  facet normal 0.442204 -0.896915 0
    outer loop
      vertex 2.44329 23.9097 4.5
      vertex 2.15 23.7651 2
      vertex 2.44329 23.9097 2
    endloop
  endfacet
  facet normal -0.44229 0.896872 0
    outer loop
      vertex 70.72 1.23493 2
      vertex 70.4267 1.09029 4.5
      vertex 70.72 1.23493 4.5
    endloop
  endfacet
  facet normal -0.44229 0.896872 0
    outer loop
      vertex 70.4267 1.09029 4.5
      vertex 70.72 1.23493 2
      vertex 70.4267 1.09029 2
    endloop
  endfacet
  facet normal -0.751873 0.659307 0
    outer loop
      vertex 71.2378 1.63222 2
      vertex 71.4534 1.87809 4.5
      vertex 71.4534 1.87809 2
    endloop
  endfacet
  facet normal -0.751873 0.659307 0
    outer loop
      vertex 71.4534 1.87809 4.5
      vertex 71.2378 1.63222 2
      vertex 71.2378 1.63222 4.5
    endloop
  endfacet
  facet normal -0.896915 0.442204 0
    outer loop
      vertex 71.6351 2.15 2
      vertex 71.7797 2.44329 4.5
      vertex 71.7797 2.44329 2
    endloop
  endfacet
  facet normal -0.896915 0.442204 0
    outer loop
      vertex 71.7797 2.44329 4.5
      vertex 71.6351 2.15 2
      vertex 71.6351 2.15 4.5
    endloop
  endfacet
  facet normal 0.321441 0.94693 -0
    outer loop
      vertex 2.75295 0.985174 2
      vertex 2.44329 1.09029 4.5
      vertex 2.75295 0.985174 4.5
    endloop
  endfacet
  facet normal 0.321441 0.94693 0
    outer loop
      vertex 2.44329 1.09029 4.5
      vertex 2.75295 0.985174 2
      vertex 2.44329 1.09029 2
    endloop
  endfacet
  facet normal 0.55554 0.83149 -0
    outer loop
      vertex 2.15 1.23493 2
      vertex 1.87809 1.4166 4.5
      vertex 2.15 1.23493 4.5
    endloop
  endfacet
  facet normal 0.55554 0.83149 0
    outer loop
      vertex 1.87809 1.4166 4.5
      vertex 2.15 1.23493 2
      vertex 1.87809 1.4166 2
    endloop
  endfacet
  facet normal 0.442302 0.896866 -0
    outer loop
      vertex 2.44329 1.09029 2
      vertex 2.15 1.23493 4.5
      vertex 2.44329 1.09029 4.5
    endloop
  endfacet
  facet normal 0.442302 0.896866 0
    outer loop
      vertex 2.15 1.23493 4.5
      vertex 2.44329 1.09029 2
      vertex 2.15 1.23493 2
    endloop
  endfacet
  facet normal 0.0653692 0.997861 -0
    outer loop
      vertex 3.4 0.9 2
      vertex 3.07368 0.921377 4.5
      vertex 3.4 0.9 4.5
    endloop
  endfacet
  facet normal 0.0653692 0.997861 0
    outer loop
      vertex 3.07368 0.921377 4.5
      vertex 3.4 0.9 2
      vertex 3.07368 0.921377 2
    endloop
  endfacet
  facet normal 0.659342 0.751843 -0
    outer loop
      vertex 1.87809 1.4166 2
      vertex 1.63222 1.63222 4.5
      vertex 1.87809 1.4166 4.5
    endloop
  endfacet
  facet normal 0.659342 0.751843 0
    outer loop
      vertex 1.63222 1.63222 4.5
      vertex 1.87809 1.4166 2
      vertex 1.63222 1.63222 2
    endloop
  endfacet
  facet normal 0.896866 0.442302 0
    outer loop
      vertex 1.23493 2.15 4.5
      vertex 1.09029 2.44329 2
      vertex 1.09029 2.44329 4.5
    endloop
  endfacet
  facet normal 0.896866 0.442302 0
    outer loop
      vertex 1.09029 2.44329 2
      vertex 1.23493 2.15 4.5
      vertex 1.23493 2.15 2
    endloop
  endfacet
  facet normal 0.83149 0.55554 0
    outer loop
      vertex 1.4166 1.87809 4.5
      vertex 1.23493 2.15 2
      vertex 1.23493 2.15 4.5
    endloop
  endfacet
  facet normal 0.83149 0.55554 0
    outer loop
      vertex 1.23493 2.15 2
      vertex 1.4166 1.87809 4.5
      vertex 1.4166 1.87809 2
    endloop
  endfacet
  facet normal -0.555554 0.831481 0
    outer loop
      vertex 70.9919 1.4166 2
      vertex 70.72 1.23493 4.5
      vertex 70.9919 1.4166 4.5
    endloop
  endfacet
  facet normal -0.555554 0.831481 0
    outer loop
      vertex 70.72 1.23493 4.5
      vertex 70.9919 1.4166 2
      vertex 70.72 1.23493 2
    endloop
  endfacet
  facet normal 0 0 -1
    outer loop
      vertex 73.17 5.955 17.7
      vertex 75.57 18.545 17.7
      vertex 75.57 5.955 17.7
    endloop
  endfacet
  facet normal -0 0 -1
    outer loop
      vertex 75.57 18.545 17.7
      vertex 73.17 5.955 17.7
      vertex 73.17 18.545 17.7
    endloop
  endfacet
  facet normal 0 -1 0
    outer loop
      vertex 73.17 18.545 5.5
      vertex 75.57 18.545 17.7
      vertex 73.17 18.545 17.7
    endloop
  endfacet
  facet normal 0 -1 -0
    outer loop
      vertex 75.57 18.545 17.7
      vertex 73.17 18.545 5.5
      vertex 75.57 18.545 5.5
    endloop
  endfacet
  facet normal -0 0 1
    outer loop
      vertex 73.17 18.545 5.5
      vertex 75.57 5.955 5.5
      vertex 75.57 18.545 5.5
    endloop
  endfacet
  facet normal 0 0 1
    outer loop
      vertex 75.57 5.955 5.5
      vertex 73.17 18.545 5.5
      vertex 73.17 5.955 5.5
    endloop
  endfacet
  facet normal 0 1 -0
    outer loop
      vertex 75.57 5.955 5.5
      vertex 73.17 5.955 17.7
      vertex 75.57 5.955 17.7
    endloop
  endfacet
  facet normal 0 1 0
    outer loop
      vertex 73.17 5.955 17.7
      vertex 75.57 5.955 5.5
      vertex 73.17 5.955 5.5
    endloop
  endfacet
  facet normal 1 -0 0
    outer loop
      vertex 4.17 -2.7 21.1
      vertex 4.17 -0.299999 13.6
      vertex 4.17 -0.299999 21.1
    endloop
  endfacet
  facet normal 1 0 0
    outer loop
      vertex 4.17 -0.299999 13.6
      vertex 4.17 -2.7 21.1
      vertex 4.17 -2.7 13.6
    endloop
  endfacet
  facet normal -1 0 0
    outer loop
      vertex 17.17 -2.7 13.6
      vertex 17.17 -0.299999 21.1
      vertex 17.17 -0.299999 13.6
    endloop
  endfacet
  facet normal -1 -0 0
    outer loop
      vertex 17.17 -0.299999 21.1
      vertex 17.17 -2.7 13.6
      vertex 17.17 -2.7 21.1
    endloop
  endfacet
  facet normal -0 0 1
    outer loop
      vertex 4.17 -0.299999 13.6
      vertex 17.17 -2.7 13.6
      vertex 17.17 -0.299999 13.6
    endloop
  endfacet
  facet normal 0 0 1
    outer loop
      vertex 17.17 -2.7 13.6
      vertex 4.17 -0.299999 13.6
      vertex 4.17 -2.7 13.6
    endloop
  endfacet
endsolid OpenSCAD_Model
